id_projeto,data,mes_ano,orcado,realizado,variacao
PROJ-0001,2023-11-01,2023-11,36347.21421319797,31257.762658560136,-14.002315348805503
PROJ-0001,2023-12-01,2023-12,36347.21421319797,45739.18335597723,25.839584535116757
PROJ-0001,2024-01-01,2024-01,36347.21421319797,42174.674840282685,16.032757264155663
PROJ-0001,2024-02-01,2024-02,36347.21421319797,36373.48654143551,0.07228154565968126
PROJ-0001,2024-03-01,2024-03,36347.21421319797,31960.544250801144,-12.068792773681102
PROJ-0001,2024-04-01,2024-04,36347.21421319797,45106.75053417616,24.09960848608179
PROJ-0001,2024-05-01,2024-05,36347.21421319797,44048.79072308145,21.18890450505826
PROJ-0001,2024-06-01,2024-06,36347.21421319797,42194.05531000496,16.086077635858963
PROJ-0002,2023-02-01,2023-02,158272.39844011143,148107.11999364314,-6.422647629437883
PROJ-0002,2023-03-01,2023-03,158272.39844011143,158466.0160274815,0.12233187168344628
PROJ-0002,2023-04-01,2023-04,158272.39844011143,134749.02492767668,-14.862587377378832
PROJ-0002,2023-05-01,2023-05,158272.39844011143,141577.78824139174,-10.548023763623414
PROJ-0002,2023-06-01,2023-06,158272.39844011143,188582.8793554042,19.150831865836643
PROJ-0002,2023-07-01,2023-07,158272.39844011143,183203.36525711027,15.751935942534189
PROJ-0002,2023-08-01,2023-08,158272.39844011143,173584.1263252195,9.674288148796734
PROJ-0002,2023-09-01,2023-09,158272.39844011143,197502.327381711,24.78633629630864
PROJ-0002,2023-10-01,2023-10,158272.39844011143,172775.4141041305,9.16332589065227
PROJ-0002,2023-11-01,2023-11,158272.39844011143,163571.9914266004,3.348399998180536
PROJ-0002,2023-12-01,2023-12,158272.39844011143,153553.56594042102,-2.9814626847118646
PROJ-0002,2024-01-01,2024-01,158272.39844011143,201041.4390582306,27.022425286808627
PROJ-0002,2024-02-01,2024-02,158272.39844011143,133163.7059938592,-15.864226923782326
PROJ-0003,2023-01-01,2023-01,29710.65235737352,37597.157433482666,26.544368603040418
PROJ-0003,2023-02-01,2023-02,29710.65235737352,36049.637815876195,21.335732996550917
PROJ-0003,2023-03-01,2023-03,29710.65235737352,25698.673295248813,-13.503503773214936
PROJ-0003,2023-04-01,2023-04,29710.65235737352,32161.548805020535,8.249217883762679
PROJ-0003,2023-05-01,2023-05,29710.65235737352,36641.374804264204,23.327399087454346
PROJ-0003,2023-06-01,2023-06,29710.65235737352,32262.93352324515,8.590458180357686
PROJ-0003,2023-07-01,2023-07,29710.65235737352,37245.27114442828,25.359991078031115
PROJ-0003,2023-08-01,2023-08,29710.65235737352,37776.85406592414,27.149190840802127
PROJ-0003,2023-09-01,2023-09,29710.65235737352,30043.181735775433,1.119226109215294
PROJ-0003,2023-10-01,2023-10,29710.65235737352,29373.639397764327,-1.1343169296838198
PROJ-0003,2023-11-01,2023-11,29710.65235737352,37677.87803611503,26.81605769845784
PROJ-0003,2023-12-01,2023-12,29710.65235737352,33797.94771057566,13.757003057483402
PROJ-0003,2024-01-01,2024-01,29710.65235737352,25492.076661451705,-14.198865932591536
PROJ-0003,2024-02-01,2024-02,29710.65235737352,24396.77961526897,-17.88541253886594
PROJ-0003,2024-03-01,2024-03,29710.65235737352,32156.27060842552,8.231452549863157
PROJ-0003,2024-04-01,2024-04,29710.65235737352,37586.51497943058,26.508548271921228
PROJ-0003,2024-05-01,2024-05,29710.65235737352,36310.1117360703,22.21243512029092
PROJ-0003,2024-06-01,2024-06,29710.65235737352,33808.460606756926,13.792387323216822
PROJ-0003,2024-07-01,2024-07,29710.65235737352,25835.133197800824,-13.044207555445624
PROJ-0003,2024-08-01,2024-08,29710.65235737352,27545.212016344576,-7.28843081256522
PROJ-0003,2024-09-01,2024-09,29710.65235737352,36774.526729440055,23.77556132763081
PROJ-0003,2024-10-01,2024-10,29710.65235737352,26484.183014261456,-10.859638167154976
PROJ-0003,2024-11-01,2024-11,29710.65235737352,27904.830116459547,-6.078029587478271
PROJ-0003,2024-12-01,2024-12,29710.65235737352,25693.781832377317,-13.519967440227902
PROJ-0003,2025-01-01,2025-01,29710.65235737352,33812.330195654926,13.805411570720558
PROJ-0003,2025-02-01,2025-02,29710.65235737352,37791.68693897798,27.199115268160483
PROJ-0003,2025-03-01,2025-03,29710.65235737352,27764.129726887604,-6.551598420230702
PROJ-0003,2025-04-01,2025-04,29710.65235737352,30830.842113014685,3.770330392503684
PROJ-0003,2025-05-01,2025-05,29710.65235737352,33191.84562741201,11.716986985560215
PROJ-0003,2025-06-01,2025-06,29710.65235737352,38615.919007730314,29.97331241078153
PROJ-0003,2025-07-01,2025-07,29710.65235737352,25325.479877594753,-14.759596750121394
PROJ-0004,2024-01-01,2024-01,153915.4816438356,161501.2676848052,4.928539975285457
PROJ-0004,2024-02-01,2024-02,153915.4816438356,152770.359687831,-0.7439940048749989
PROJ-0004,2024-03-01,2024-03,153915.4816438356,189763.94918864054,23.29100826111776
PROJ-0005,2023-05-01,2023-05,143784.7941401274,149246.29642252915,3.7983865505827943
PROJ-0005,2023-06-01,2023-06,143784.7941401274,123006.27557543013,-14.451123770742596
PROJ-0005,2023-07-01,2023-07,143784.7941401274,160638.10787588076,11.72120726432918
PROJ-0005,2023-08-01,2023-08,143784.7941401274,170441.10157423798,18.53903091319399
PROJ-0005,2023-09-01,2023-09,143784.7941401274,115234.97540090507,-19.85593741671927
PROJ-0005,2023-10-01,2023-10,143784.7941401274,176780.2904063476,22.947834271031475
PROJ-0005,2023-11-01,2023-11,143784.7941401274,128401.4746926737,-10.69884999971672
PROJ-0005,2023-12-01,2023-12,143784.7941401274,154717.42528598034,7.603468232668892
PROJ-0005,2024-01-01,2024-01,143784.7941401274,144920.51433226417,0.789875034372507
PROJ-0005,2024-02-01,2024-02,143784.7941401274,166765.47324885297,15.982690830526522
PROJ-0005,2024-03-01,2024-03,143784.7941401274,141711.5334994445,-1.4419192607129077
PROJ-0006,2023-05-01,2023-05,819807.1102439024,1012364.7064311169,23.48815883408554
PROJ-0006,2023-06-01,2023-06,819807.1102439024,955278.7435557782,16.52481804793951
PROJ-0007,2023-04-01,2023-04,486438.0735483871,546686.6324105918,12.385658553146072
PROJ-0007,2023-05-01,2023-05,486438.0735483871,582811.3295320173,19.812029778142715
PROJ-0007,2023-06-01,2023-06,486438.0735483871,572543.2150995448,17.701151746419114
PROJ-0007,2023-07-01,2023-07,486438.0735483871,397891.4287360707,-18.203066253922334
PROJ-0007,2023-08-01,2023-08,486438.0735483871,485157.36816253245,-0.26328230775859396
PROJ-0008,2023-03-01,2023-03,23124.83577039275,29262.251558477685,26.540364865824493
PROJ-0008,2023-04-01,2023-04,23124.83577039275,19953.54515271316,-13.71378655038869
PROJ-0008,2023-05-01,2023-05,23124.83577039275,27022.4869541463,16.85482752160256
PROJ-0008,2023-06-01,2023-06,23124.83577039275,29768.506406463744,28.729590566766483
PROJ-0008,2023-07-01,2023-07,23124.83577039275,19103.410978366508,-17.39006854775142
PROJ-0008,2023-08-01,2023-08,23124.83577039275,26387.67934284284,14.10969403133052
PROJ-0008,2023-09-01,2023-09,23124.83577039275,23912.862432721984,3.407707065051518
PROJ-0008,2023-10-01,2023-10,23124.83577039275,25196.534947722066,8.958762768736108
PROJ-0008,2023-11-01,2023-11,23124.83577039275,19486.62081162712,-15.732933175783756
PROJ-0008,2023-12-01,2023-12,23124.83577039275,18997.13296576828,-17.849652406653025
PROJ-0008,2024-01-01,2024-01,23124.83577039275,26210.459619309357,13.343333027546088
PROJ-0008,2024-02-01,2024-02,23124.83577039275,28019.3162927241,21.165471491035895
PROJ-0009,2024-01-01,2024-01,210815.89007092197,251083.3414982394,19.10076674664836
PROJ-0009,2024-02-01,2024-02,210815.89007092197,225974.1563296308,7.190286393311869
PROJ-0009,2024-03-01,2024-03,210815.89007092197,179179.46844992606,-15.006658943191091
PROJ-0009,2024-04-01,2024-04,210815.89007092197,241178.06297455844,14.40222219180069
PROJ-0009,2024-05-01,2024-05,210815.89007092197,194149.722199102,-7.905555822292703
PROJ-0009,2024-06-01,2024-06,210815.89007092197,264686.5918015707,25.55343513836918
PROJ-0009,2024-07-01,2024-07,210815.89007092197,257012.54100086217,21.913267977285244
PROJ-0009,2024-08-01,2024-08,210815.89007092197,243427.3128605775,15.469148354369544
PROJ-0009,2024-09-01,2024-09,210815.89007092197,268668.6144161048,27.44229779155652
PROJ-0009,2024-10-01,2024-10,210815.89007092197,171964.8216915119,-18.428908924436353
PROJ-0010,2023-02-01,2023-02,32950.25565804275,38489.20063709012,16.8100212530381
PROJ-0010,2023-03-01,2023-03,32950.25565804275,31800.996530612778,-3.4878610331797333
PROJ-0010,2023-04-01,2023-04,32950.25565804275,41287.75581463253,25.303294284318262
PROJ-0010,2023-05-01,2023-05,32950.25565804275,30753.712480269696,-6.666240166901121
PROJ-0010,2023-06-01,2023-06,32950.25565804275,38302.30801034605,16.242824965750856
PROJ-0010,2023-07-01,2023-07,32950.25565804275,40819.55136394046,23.882350982539073
PROJ-0010,2023-08-01,2023-08,32950.25565804275,27046.505934239216,-17.91715908086588
PROJ-0010,2023-09-01,2023-09,32950.25565804275,32911.49923111394,-0.11762102039819311
PROJ-0010,2023-10-01,2023-10,32950.25565804275,38919.343274213184,18.115451601096936
PROJ-0010,2023-11-01,2023-11,32950.25565804275,33855.05138290815,2.7459444753793534
PROJ-0010,2023-12-01,2023-12,32950.25565804275,30763.225764925806,-6.6373685103202344
PROJ-0010,2024-01-01,2024-01,32950.25565804275,29981.52574579889,-9.009732558840499
PROJ-0010,2024-02-01,2024-02,32950.25565804275,28526.984785732875,-13.424086654181105
PROJ-0010,2024-03-01,2024-03,32950.25565804275,40481.52359109928,22.856477992814114
PROJ-0010,2024-04-01,2024-04,32950.25565804275,35839.25834212172,8.7677701625778
PROJ-0010,2024-05-01,2024-05,32950.25565804275,27618.656259381205,-16.1807527504272
PROJ-0010,2024-06-01,2024-06,32950.25565804275,32663.264262128774,-0.8709838214682293
PROJ-0010,2024-07-01,2024-07,32950.25565804275,32418.663430481094,-1.6133174597445041
PROJ-0010,2024-08-01,2024-08,32950.25565804275,29354.38092491549,-10.913040464526851
PROJ-0010,2024-09-01,2024-09,32950.25565804275,33535.2483266021,1.7753812736095327
PROJ-0010,2024-10-01,2024-10,32950.25565804275,31831.584023222997,-3.3950317303431774
PROJ-0010,2024-11-01,2024-11,32950.25565804275,31991.464266851082,-2.9098147253908735
PROJ-0010,2024-12-01,2024-12,32950.25565804275,38535.76153503247,16.95132788939793
PROJ-0010,2025-01-01,2025-01,32950.25565804275,30038.497342172384,-8.836830724740185
PROJ-0010,2025-02-01,2025-02,32950.25565804275,36934.92939690658,12.092997942767774
PROJ-0010,2025-03-01,2025-03,32950.25565804275,35761.73002545557,8.532481194046746
PROJ-0010,2025-04-01,2025-04,32950.25565804275,35719.60128591047,8.404625616893362
PROJ-0010,2025-05-01,2025-05,32950.25565804275,37283.33530570017,13.150367307088793
PROJ-0010,2025-06-01,2025-06,32950.25565804275,35394.86867189662,7.419101809782699
PROJ-0010,2025-07-01,2025-07,32950.25565804275,40846.044937849256,23.96275574231923
PROJ-0011,2023-12-01,2023-12,596503.19125,678695.3933966492,13.779004597512987
PROJ-0011,2024-01-01,2024-01,596503.19125,640335.2154697545,7.348162568569407
PROJ-0011,2024-02-01,2024-02,596503.19125,724680.727616569,21.48815601438224
PROJ-0012,2024-01-01,2024-01,46264.558360655734,51033.19825276258,10.307328246673986
PROJ-0012,2024-02-01,2024-02,46264.558360655734,43746.4767100379,-5.44278761074105
PROJ-0012,2024-03-01,2024-03,46264.558360655734,41802.22415261219,-9.64525409117144
PROJ-0012,2024-04-01,2024-04,46264.558360655734,40535.33555339481,-12.38361071686606
PROJ-0012,2024-05-01,2024-05,46264.558360655734,57818.09577534215,24.972760627305078
PROJ-0012,2024-06-01,2024-06,46264.558360655734,53438.697752720116,15.506771589903288
PROJ-0012,2024-07-01,2024-07,46264.558360655734,58695.34641776136,26.868921908216038
PROJ-0012,2024-08-01,2024-08,46264.558360655734,50967.16116552676,10.164590285747149
PROJ-0012,2024-09-01,2024-09,46264.558360655734,47962.48804347821,3.670044074745629
PROJ-0013,2024-04-01,2024-04,25683.174453781514,21313.394065028548,-17.014175551455534
PROJ-0013,2024-05-01,2024-05,25683.174453781514,29171.492506766474,13.58211407730149
PROJ-0013,2024-06-01,2024-06,25683.174453781514,28023.02413584884,9.110437988411558
PROJ-0013,2024-07-01,2024-07,25683.174453781514,33262.39344287364,29.510444679381074
PROJ-0014,2023-10-01,2023-10,48669.37564954683,44755.35471752271,-8.042061110887849
PROJ-0014,2023-11-01,2023-11,48669.37564954683,51850.82837748848,6.5368677643417925
PROJ-0014,2023-12-01,2023-12,48669.37564954683,54776.344056982176,12.547866755903634
PROJ-0014,2024-01-01,2024-01,48669.37564954683,54621.42553159637,12.22955873711718
PROJ-0014,2024-02-01,2024-02,48669.37564954683,52594.4036653479,8.064677147420134
PROJ-0014,2024-03-01,2024-03,48669.37564954683,57841.80111327284,18.84640051636127
PROJ-0014,2024-04-01,2024-04,48669.37564954683,43923.65426341702,-9.750939523659179
PROJ-0014,2024-05-01,2024-05,48669.37564954683,56593.41191547971,16.281360013720793
PROJ-0014,2024-06-01,2024-06,48669.37564954683,54016.54784968143,10.98672857165446
PROJ-0014,2024-07-01,2024-07,48669.37564954683,60741.20863270735,24.803755589728667
PROJ-0014,2024-08-01,2024-08,48669.37564954683,59551.71272040371,22.359721951679084
PROJ-0014,2024-09-01,2024-09,48669.37564954683,46604.5053358298,-4.242648043372338
PROJ-0014,2024-10-01,2024-10,48669.37564954683,45657.649588458306,-6.188133751242347
PROJ-0014,2024-11-01,2024-11,48669.37564954683,62823.727707737984,29.08266619262239
PROJ-0014,2024-12-01,2024-12,48669.37564954683,51766.33409808291,6.3632590457628275
PROJ-0014,2025-01-01,2025-01,48669.37564954683,60992.971714325504,25.321048195721843
PROJ-0014,2025-02-01,2025-02,48669.37564954683,42923.49407373977,-11.80594881097589
PROJ-0014,2025-03-01,2025-03,48669.37564954683,54578.29813915932,12.14094574000871
PROJ-0014,2025-04-01,2025-04,48669.37564954683,58643.195360769845,20.493009368029306
PROJ-0014,2025-05-01,2025-05,48669.37564954683,61990.06816499695,27.36976247932234
PROJ-0014,2025-06-01,2025-06,48669.37564954683,47144.56754205177,-3.132992949148825
PROJ-0014,2025-07-01,2025-07,48669.37564954683,56577.69096857829,16.249058496202622
PROJ-0015,2023-02-01,2023-02,200426.4413114754,214337.34001624968,6.94065045198095
PROJ-0015,2023-03-01,2023-03,200426.4413114754,166416.9729951997,-16.96855369667659
PROJ-0015,2023-04-01,2023-04,200426.4413114754,229488.24897652253,14.49998686544717
PROJ-0015,2023-05-01,2023-05,200426.4413114754,229497.9517136345,14.504827911892171
PROJ-0015,2023-06-01,2023-06,200426.4413114754,253600.2581269974,26.53034024232685
PROJ-0016,2023-10-01,2023-10,364124.5589915967,381841.484764432,4.865622308448621
PROJ-0016,2023-11-01,2023-11,364124.5589915967,333219.65467384,-8.487453964474266
PROJ-0016,2023-12-01,2023-12,364124.5589915967,299413.0384733922,-17.77180882756604
PROJ-0016,2024-01-01,2024-01,364124.5589915967,366972.4111559315,0.782109334295285
PROJ-0016,2024-02-01,2024-02,364124.5589915967,346267.2898272366,-4.9041649961249085
PROJ-0017,2023-08-01,2023-08,385218.2,454767.0936437833,18.054415301193778
PROJ-0017,2023-09-01,2023-09,385218.2,376409.75534504565,-2.286611757947668
PROJ-0017,2023-10-01,2023-10,385218.2,490974.3089581254,27.453559815742196
PROJ-0017,2023-11-01,2023-11,385218.2,493524.2621182944,28.11551014938921
PROJ-0017,2023-12-01,2023-12,385218.2,427767.20474410156,11.045429510885402
PROJ-0018,2023-01-01,2023-01,26835.24583783784,33928.61022121098,26.433014350744145
PROJ-0018,2023-02-01,2023-02,26835.24583783784,31677.053361187,18.04271722572478
PROJ-0018,2023-03-01,2023-03,26835.24583783784,28805.7531224499,7.3429820487563084
PROJ-0018,2023-04-01,2023-04,26835.24583783784,23887.500557061892,-10.984603228861094
PROJ-0018,2023-05-01,2023-05,26835.24583783784,27621.490947730657,2.9298971756919983
PROJ-0018,2023-06-01,2023-06,26835.24583783784,28993.798724520875,8.043723168130878
PROJ-0018,2023-07-01,2023-07,26835.24583783784,33060.507377005764,23.198079036750507
PROJ-0018,2023-08-01,2023-08,26835.24583783784,27926.546414915836,4.066668826783243
PROJ-0018,2023-09-01,2023-09,26835.24583783784,33512.85693212706,24.883733633897833
PROJ-0018,2023-10-01,2023-10,26835.24583783784,30516.35698656514,13.717448951173445
PROJ-0018,2023-11-01,2023-11,26835.24583783784,23306.39843856963,-13.150046847316432
PROJ-0018,2023-12-01,2023-12,26835.24583783784,34818.48149522397,29.74906846625465
PROJ-0018,2024-01-01,2024-01,26835.24583783784,28542.405702804575,6.361633037695633
PROJ-0018,2024-02-01,2024-02,26835.24583783784,26726.00352913725,-0.40708517954605483
PROJ-0018,2024-03-01,2024-03,26835.24583783784,30311.93662259152,12.95568822347633
PROJ-0018,2024-04-01,2024-04,26835.24583783784,22929.286095659296,-14.555334300948047
PROJ-0018,2024-05-01,2024-05,26835.24583783784,30009.032205725714,11.826932337667717
PROJ-0018,2024-06-01,2024-06,26835.24583783784,28153.339449599815,4.911800024963647
PROJ-0018,2024-07-01,2024-07,26835.24583783784,26924.7959924133,0.3337034999291575
PROJ-0018,2024-08-01,2024-08,26835.24583783784,34255.459948628864,27.651001058944956
PROJ-0018,2024-09-01,2024-09,26835.24583783784,28479.437549539667,6.12698583660266
PROJ-0018,2024-10-01,2024-10,26835.24583783784,24408.232384741863,-9.04412602650308
PROJ-0018,2024-11-01,2024-11,26835.24583783784,27626.395570109886,2.948173968864932
PROJ-0018,2024-12-01,2024-12,26835.24583783784,33804.19018122995,25.969370228633636
PROJ-0018,2025-01-01,2025-01,26835.24583783784,23830.979302313488,-11.195226433470268
PROJ-0018,2025-02-01,2025-02,26835.24583783784,24338.99153623758,-9.302148065588154
PROJ-0018,2025-03-01,2025-03,26835.24583783784,21643.022497231323,-19.348521612145813
PROJ-0018,2025-04-01,2025-04,26835.24583783784,21658.593402263512,-19.290497530211642
PROJ-0018,2025-05-01,2025-05,26835.24583783784,32596.66077290826,21.469581347925626
PROJ-0018,2025-06-01,2025-06,26835.24583783784,31291.541739304983,16.606130342147793
PROJ-0018,2025-07-01,2025-07,26835.24583783784,26232.003686477252,-2.247947177402086
PROJ-0019,2023-01-01,2023-01,133201.9224888889,153069.73231018786,14.915557861378637
PROJ-0019,2023-02-01,2023-02,133201.9224888889,132882.6325728562,-0.23970368450148882
PROJ-0019,2023-03-01,2023-03,133201.9224888889,170025.3805713177,27.644839799891372
PROJ-0019,2023-04-01,2023-04,133201.9224888889,170968.17614810256,28.352634071301743
PROJ-0019,2023-05-01,2023-05,133201.9224888889,132721.9810308482,-0.36031120953283136
PROJ-0019,2023-06-01,2023-06,133201.9224888889,163453.53806947474,22.7110953170434
PROJ-0019,2023-07-01,2023-07,133201.9224888889,158050.01129570877,18.654452084873306
PROJ-0019,2023-08-01,2023-08,133201.9224888889,127207.83179246967,-4.500003141410534
PROJ-0020,2023-02-01,2023-02,61758.33360178971,56571.86346252012,-8.3980085549447
PROJ-0020,2023-03-01,2023-03,61758.33360178971,63556.571084861826,2.911732519641692
PROJ-0020,2023-04-01,2023-04,61758.33360178971,73534.06806044983,19.067442030720315
PROJ-0020,2023-05-01,2023-05,61758.33360178971,79055.8480629164,28.008389236437274
PROJ-0020,2023-06-01,2023-06,61758.33360178971,72985.35231463464,18.17895344332863
PROJ-0020,2023-07-01,2023-07,61758.33360178971,75814.7460211044,22.7603492509185
PROJ-0020,2023-08-01,2023-08,61758.33360178971,68028.79018333707,10.153215308525827
PROJ-0020,2023-09-01,2023-09,61758.33360178971,75203.36463677953,21.770391542106296
PROJ-0020,2023-10-01,2023-10,61758.33360178971,73628.92939782036,19.221042900170886
PROJ-0020,2023-11-01,2023-11,61758.33360178971,61047.66631209911,-1.1507229036859954
PROJ-0020,2023-12-01,2023-12,61758.33360178971,66451.66749309386,7.599515106036055
PROJ-0020,2024-01-01,2024-01,61758.33360178971,74256.77276889245,20.237656099484745
PROJ-0020,2024-02-01,2024-02,61758.33360178971,50828.86045878791,-17.697163290502182
PROJ-0020,2024-03-01,2024-03,61758.33360178971,74359.48182964485,20.403964117791496
PROJ-0020,2024-04-01,2024-04,61758.33360178971,54899.70393583984,-11.105593797548828
PROJ-0020,2024-05-01,2024-05,61758.33360178971,65299.66814421259,5.734180856071948
PROJ-0020,2024-06-01,2024-06,61758.33360178971,74365.53900054617,20.413771977796884
PROJ-0020,2024-07-01,2024-07,61758.33360178971,57244.45029141532,-7.308946092165257
PROJ-0020,2024-08-01,2024-08,61758.33360178971,56996.995800667304,-7.709628034692349
PROJ-0020,2024-09-01,2024-09,61758.33360178971,61843.69592300973,0.1382199231125938
PROJ-0020,2024-10-01,2024-10,61758.33360178971,77032.49105505075,24.732139878881725
PROJ-0020,2024-11-01,2024-11,61758.33360178971,49420.339603287655,-19.977860928139606
PROJ-0020,2024-12-01,2024-12,61758.33360178971,77240.6258741452,25.06915483209675
PROJ-0020,2025-01-01,2025-01,61758.33360178971,54156.09965048932,-12.309648767919612
PROJ-0020,2025-02-01,2025-02,61758.33360178971,79979.70923531306,29.504318803374105
PROJ-0020,2025-03-01,2025-03,61758.33360178971,78891.5464487995,27.742349651923405
PROJ-0020,2025-04-01,2025-04,61758.33360178971,64681.82457308529,4.733759479564167
PROJ-0020,2025-05-01,2025-05,61758.33360178971,65239.040935834055,5.636012390631407
PROJ-0020,2025-06-01,2025-06,61758.33360178971,64276.509282670755,4.077467013792713
PROJ-0020,2025-07-01,2025-07,61758.33360178971,69028.63720832088,11.772182282976129
PROJ-0021,2023-04-01,2023-04,71388.18601398601,60348.77768851516,-15.463914888253449
PROJ-0021,2023-05-01,2023-05,71388.18601398601,58274.81689298998,-18.369102582921673
PROJ-0021,2023-06-01,2023-06,71388.18601398601,59170.202504841756,-17.114853579205057
PROJ-0021,2023-07-01,2023-07,71388.18601398601,72971.76691610034,2.218267462075719
PROJ-0021,2023-08-01,2023-08,71388.18601398601,66945.9825815743,-6.222603039025831
PROJ-0021,2023-09-01,2023-09,71388.18601398601,79313.68680448829,11.101978118549688
PROJ-0022,2023-04-01,2023-04,129600.05615384616,167990.3331392884,29.62211446873895
PROJ-0022,2023-05-01,2023-05,129600.05615384616,128713.79738519793,-0.6838413461767061
PROJ-0022,2023-06-01,2023-06,129600.05615384616,140864.97430074614,8.69206270522567
PROJ-0022,2023-07-01,2023-07,129600.05615384616,130611.1890467509,0.7801947953667749
PROJ-0022,2023-08-01,2023-08,129600.05615384616,158583.27278023487,22.36358338609297
PROJ-0023,2023-09-01,2023-09,148387.3281300813,185650.0871297928,25.11182017311191
PROJ-0023,2023-10-01,2023-10,148387.3281300813,183804.09006160017,23.867780610263004
PROJ-0023,2023-11-01,2023-11,148387.3281300813,191002.10905493548,28.718611933962883
PROJ-0023,2023-12-01,2023-12,148387.3281300813,120751.61168171668,-18.624040742979236
PROJ-0023,2024-01-01,2024-01,148387.3281300813,181018.9007146823,21.99080810727655
PROJ-0023,2024-02-01,2024-02,148387.3281300813,174486.59456397314,17.588608651954665
PROJ-0023,2024-03-01,2024-03,148387.3281300813,135677.53868866857,-8.56527952998176
PROJ-0023,2024-04-01,2024-04,148387.3281300813,189662.75425150755,27.816004669376376
PROJ-0023,2024-05-01,2024-05,148387.3281300813,129703.72593301132,-12.591103588502726
PROJ-0024,2023-11-01,2023-11,90524.77986928105,103177.87767741636,13.977496356695418
PROJ-0024,2023-12-01,2023-12,90524.77986928105,82598.89258143252,-8.755489159204377
PROJ-0024,2024-01-01,2024-01,90524.77986928105,91945.14303049522,1.5690324387037329
PROJ-0024,2024-02-01,2024-02,90524.77986928105,104970.7195762858,15.957994847228449
PROJ-0024,2024-03-01,2024-03,90524.77986928105,97917.24350291638,8.166232101652334
PROJ-0024,2024-04-01,2024-04,90524.77986928105,91769.57848277075,1.3750915664055867
PROJ-0024,2024-05-01,2024-05,90524.77986928105,87190.6812069272,-3.6830784534006398
PROJ-0024,2024-06-01,2024-06,90524.77986928105,110424.82664450211,21.982982785439518
PROJ-0024,2024-07-01,2024-07,90524.77986928105,78929.20509757093,-12.809282484259315
PROJ-0024,2024-08-01,2024-08,90524.77986928105,91887.3080049272,1.5051438264900021
PROJ-0024,2024-09-01,2024-09,90524.77986928105,113326.05151549519,25.18787858875711
PROJ-0025,2023-01-01,2023-01,214452.2089208633,262258.9193921203,22.292477522998382
PROJ-0025,2023-02-01,2023-02,214452.2089208633,214553.1904421751,0.04708812365233328
PROJ-0025,2023-03-01,2023-03,214452.2089208633,253386.90424683364,18.155418180065418
PROJ-0025,2023-04-01,2023-04,214452.2089208633,259826.09635801447,21.158041535442962
PROJ-0025,2023-05-01,2023-05,214452.2089208633,266873.70291646785,24.444371200181486
PROJ-0025,2023-06-01,2023-06,214452.2089208633,229946.99960807085,7.225288452461399
PROJ-0025,2023-07-01,2023-07,214452.2089208633,193485.3114628656,-9.77695569726441
PROJ-0025,2023-08-01,2023-08,214452.2089208633,198937.56484359756,-7.234546174803418
PROJ-0025,2023-09-01,2023-09,214452.2089208633,203267.955143869,-5.21526629791979
PROJ-0025,2023-10-01,2023-10,214452.2089208633,235232.89397284595,9.690124040480775
PROJ-0026,2023-10-01,2023-10,47354.54590673575,38660.47915137907,-18.359518793569578
PROJ-0026,2023-11-01,2023-11,47354.54590673575,52943.38786862588,11.802123438998414
PROJ-0026,2023-12-01,2023-12,47354.54590673575,46510.551480370326,-1.782288078588401
PROJ-0026,2024-01-01,2024-01,47354.54590673575,44874.15747018019,-5.237909875517893
PROJ-0026,2024-02-01,2024-02,47354.54590673575,58707.71709206946,23.97482853640632
PROJ-0026,2024-03-01,2024-03,47354.54590673575,48775.23900475829,3.000119779039945
PROJ-0026,2024-04-01,2024-04,47354.54590673575,40134.233629515074,-15.247347723365362
PROJ-0027,2023-04-01,2023-04,70516.57923809525,85562.9403791572,21.33733840131235
PROJ-0027,2023-05-01,2023-05,70516.57923809525,58093.01264298815,-17.61793712817467
PROJ-0027,2023-06-01,2023-06,70516.57923809525,82037.19801661665,16.337461208409835
PROJ-0027,2023-07-01,2023-07,70516.57923809525,83699.8730956492,18.69531108853326
PROJ-0027,2023-08-01,2023-08,70516.57923809525,68845.4281907468,-2.369869703557093
PROJ-0027,2023-09-01,2023-09,70516.57923809525,85493.87250139183,21.23939281388934
PROJ-0027,2023-10-01,2023-10,70516.57923809525,74594.53206694905,5.782970292822672
PROJ-0027,2023-11-01,2023-11,70516.57923809525,72748.20519623511,3.164682663639841
PROJ-0027,2023-12-01,2023-12,70516.57923809525,58014.1054381545,-17.72983592656537
PROJ-0027,2024-01-01,2024-01,70516.57923809525,66639.19669812817,-5.498540317554706
PROJ-0027,2024-02-01,2024-02,70516.57923809525,89239.08258217119,26.55049854426499
PROJ-0027,2024-03-01,2024-03,70516.57923809525,70228.30616760893,-0.40880183582499896
PROJ-0027,2024-04-01,2024-04,70516.57923809525,75688.98867915083,7.335026027838417
PROJ-0027,2024-05-01,2024-05,70516.57923809525,75171.43783171494,6.60108394921259
PROJ-0027,2024-06-01,2024-06,70516.57923809525,77230.85375553466,9.521554491134665
PROJ-0027,2024-07-01,2024-07,70516.57923809525,58575.687987160025,-16.93345221783587
PROJ-0027,2024-08-01,2024-08,70516.57923809525,69182.97867531175,-1.8911872600635853
PROJ-0027,2024-09-01,2024-09,70516.57923809525,81909.52950274928,16.156413694127707
PROJ-0027,2024-10-01,2024-10,70516.57923809525,63484.67480887634,-9.971987446350854
PROJ-0027,2024-11-01,2024-11,70516.57923809525,63591.0887861816,-9.821081122681978
PROJ-0027,2024-12-01,2024-12,70516.57923809525,56769.040923549735,-19.495469665548764
PROJ-0027,2025-01-01,2025-01,70516.57923809525,71838.1278619274,1.874096330410488
PROJ-0027,2025-02-01,2025-02,70516.57923809525,87536.96784095034,24.1367190336711
PROJ-0027,2025-03-01,2025-03,70516.57923809525,58243.2018909794,-17.40495282063455
PROJ-0027,2025-04-01,2025-04,70516.57923809525,63151.78220150489,-10.444064525199868
PROJ-0027,2025-05-01,2025-05,70516.57923809525,67346.31384975374,-4.495773082862247
PROJ-0027,2025-06-01,2025-06,70516.57923809525,82212.62607367853,16.586236828210644
PROJ-0027,2025-07-01,2025-07,70516.57923809525,79000.97866178006,12.03177964012933
PROJ-0028,2024-01-01,2024-01,137144.68515625,138237.99604326987,0.7971952290927504
PROJ-0028,2024-02-01,2024-02,137144.68515625,161766.88346823928,17.953446962918783
PROJ-0028,2024-03-01,2024-03,137144.68515625,151519.574702586,10.481550582845095
PROJ-0028,2024-04-01,2024-04,137144.68515625,171159.3648030719,24.802039982860954
PROJ-0028,2024-05-01,2024-05,137144.68515625,165809.75860500836,20.901337456934648
PROJ-0028,2024-06-01,2024-06,137144.68515625,127051.7693301598,-7.359319695539972
PROJ-0028,2024-07-01,2024-07,137144.68515625,128328.92725945135,-6.42807111828999
PROJ-0028,2024-08-01,2024-08,137144.68515625,118311.73532742189,-13.732176210380718
PROJ-0028,2024-09-01,2024-09,137144.68515625,132822.20873364134,-3.151763714127174
PROJ-0029,2023-11-01,2023-11,38903.05883495146,50565.105006984595,29.977195935954718
PROJ-0029,2023-12-01,2023-12,38903.05883495146,39014.92786045218,0.28755843075305165
PROJ-0029,2024-01-01,2024-01,38903.05883495146,35411.28434152949,-8.97557826554468
PROJ-0029,2024-02-01,2024-02,38903.05883495146,45953.905325659136,18.124144223777648
PROJ-0029,2024-03-01,2024-03,38903.05883495146,41674.3377499426,7.123550173132806
PROJ-0029,2024-04-01,2024-04,38903.05883495146,34032.424064331695,-12.519927523652374
PROJ-0029,2024-05-01,2024-05,38903.05883495146,38527.4435999912,-0.9655159419567099
PROJ-0029,2024-06-01,2024-06,38903.05883495146,39184.516932427505,0.7234857769671663
PROJ-0030,2023-12-01,2023-12,441681.070625,519821.0111081679,17.69148502846093
PROJ-0030,2024-01-01,2024-01,441681.070625,357909.9326717303,-18.966431555404778
PROJ-0030,2024-02-01,2024-02,441681.070625,412755.29930851853,-6.549017660084477
PROJ-0030,2024-03-01,2024-03,441681.070625,467651.1007582899,5.8798150657761
PROJ-0030,2024-04-01,2024-04,441681.070625,412717.1150203077,-6.557662877357833
PROJ-0030,2024-05-01,2024-05,441681.070625,492128.56794061273,11.421702370949944
PROJ-0031,2023-10-01,2023-10,605570.5501538462,630358.8173858653,4.09337396373083
PROJ-0031,2023-11-01,2023-11,605570.5501538462,593976.979138879,-1.9144872570209692
PROJ-0031,2023-12-01,2023-12,605570.5501538462,771862.8353154534,27.460431343525613
PROJ-0032,2023-08-01,2023-08,403157.10079999996,449955.476107596,11.60797495932287
PROJ-0032,2023-09-01,2023-09,403157.10079999996,348719.07409875834,-13.502931386602938
PROJ-0032,2023-10-01,2023-10,403157.10079999996,435428.15310171497,8.004584872169776
PROJ-0032,2023-11-01,2023-11,403157.10079999996,479904.4758593432,19.036592660045052
PROJ-0032,2023-12-01,2023-12,403157.10079999996,465342.0068339326,15.424484874639866
PROJ-0033,2023-04-01,2023-04,268778.3047513812,238149.56945908075,-11.39553853523703
PROJ-0033,2023-05-01,2023-05,268778.3047513812,345705.3432252743,28.620999952005164
PROJ-0033,2023-06-01,2023-06,268778.3047513812,275338.3292276348,2.4406822873303007
PROJ-0033,2023-07-01,2023-07,268778.3047513812,236393.87926029973,-12.048749812986935
PROJ-0033,2023-08-01,2023-08,268778.3047513812,239238.99846008513,-10.990212293592604
PROJ-0033,2023-09-01,2023-09,268778.3047513812,228224.3611350281,-15.088250390545976
PROJ-0033,2023-10-01,2023-10,268778.3047513812,323006.76131219405,20.17590542174672
PROJ-0034,2023-08-01,2023-08,200792.55577777777,172885.45204107702,-13.898475283907567
PROJ-0034,2023-09-01,2023-09,200792.55577777777,173196.1547091437,-13.743737142912654
PROJ-0034,2023-10-01,2023-10,200792.55577777777,246018.22919436332,22.523580738041886
PROJ-0034,2023-11-01,2023-11,200792.55577777777,195231.01204606553,-2.7697957776220186
PROJ-0034,2023-12-01,2023-12,200792.55577777777,163732.0633582042,-18.45710478459638
PROJ-0034,2024-01-01,2024-01,200792.55577777777,165844.13953379972,-17.405235024079456
PROJ-0034,2024-02-01,2024-02,200792.55577777777,174907.42829709398,-12.891477664805223
PROJ-0035,2023-10-01,2023-10,94179.172125,85391.94212466624,-9.330332601215524
PROJ-0035,2023-11-01,2023-11,94179.172125,106664.79665773374,13.257309711920271
PROJ-0035,2023-12-01,2023-12,94179.172125,82751.76710203907,-12.133685999908588
PROJ-0035,2024-01-01,2024-01,94179.172125,80941.08357396003,-14.0562804411464
PROJ-0035,2024-02-01,2024-02,94179.172125,111353.64552618835,18.235957073813957
PROJ-0035,2024-03-01,2024-03,94179.172125,106943.05324201682,13.552764192995724
PROJ-0035,2024-04-01,2024-04,94179.172125,95842.57509130714,1.7662110727618092
PROJ-0035,2024-05-01,2024-05,94179.172125,101210.10745908455,7.4654885740051995
PROJ-0035,2024-06-01,2024-06,94179.172125,90034.53607528562,-4.400798983679076
PROJ-0035,2024-07-01,2024-07,94179.172125,98064.08276386543,4.125021011768034
PROJ-0035,2024-08-01,2024-08,94179.172125,99202.34300978786,5.333632449137291
PROJ-0035,2024-09-01,2024-09,94179.172125,93578.18050774859,-0.6381364410952024
PROJ-0035,2024-10-01,2024-10,94179.172125,118033.44783631767,25.328610533608135
PROJ-0035,2024-11-01,2024-11,94179.172125,76099.68427334735,-19.196906750949694
PROJ-0035,2024-12-01,2024-12,94179.172125,112175.45870894956,19.10856315456231
PROJ-0035,2025-01-01,2025-01,94179.172125,81200.47373643576,-13.780858437933784
PROJ-0035,2025-02-01,2025-02,94179.172125,112899.51277293617,19.87736802685997
PROJ-0035,2025-03-01,2025-03,94179.172125,104346.37486017821,10.79559578383606
PROJ-0035,2025-04-01,2025-04,94179.172125,115052.9539377704,22.16390454682012
PROJ-0035,2025-05-01,2025-05,94179.172125,79935.24692959369,-15.124283717955127
PROJ-0035,2025-06-01,2025-06,94179.172125,101665.50437671214,7.949031704988702
PROJ-0035,2025-07-01,2025-07,94179.172125,98939.35856248242,5.054394013109853
PROJ-0036,2023-05-01,2023-05,55799.758297872344,64342.51109877815,15.309659148167931
PROJ-0036,2023-06-01,2023-06,55799.758297872344,59546.44846654984,6.714527594683791
PROJ-0036,2023-07-01,2023-07,55799.758297872344,59726.2357129638,7.03672835665521
PROJ-0036,2023-08-01,2023-08,55799.758297872344,56625.48154694329,1.479797178803235
PROJ-0036,2023-09-01,2023-09,55799.758297872344,53256.249745134,-4.558278799632959
PROJ-0036,2023-10-01,2023-10,55799.758297872344,58094.92403507293,4.113218062609608
PROJ-0036,2023-11-01,2023-11,55799.758297872344,47945.72912800864,-14.07538206157997
PROJ-0036,2023-12-01,2023-12,55799.758297872344,71465.91259601605,28.07566694915424
PROJ-0036,2024-01-01,2024-01,55799.758297872344,64571.78060617916,15.720538181329914
PROJ-0036,2024-02-01,2024-02,55799.758297872344,71213.52408722449,27.623355834392342
PROJ-0036,2024-03-01,2024-03,55799.758297872344,50965.47320505849,-8.663630883501837
PROJ-0036,2024-04-01,2024-04,55799.758297872344,69173.31483192525,23.967051008826402
PROJ-0036,2024-05-01,2024-05,55799.758297872344,67204.94946449055,20.43949922817692
PROJ-0036,2024-06-01,2024-06,55799.758297872344,63532.277111277544,13.85762062288368
PROJ-0036,2024-07-01,2024-07,55799.758297872344,62078.04539463305,11.251459304260287
PROJ-0036,2024-08-01,2024-08,55799.758297872344,53471.50404390765,-4.1725167366065
PROJ-0036,2024-09-01,2024-09,55799.758297872344,67417.56887471034,20.820539248251535
PROJ-0036,2024-10-01,2024-10,55799.758297872344,58632.0274049054,5.075773073986689
PROJ-0036,2024-11-01,2024-11,55799.758297872344,46617.67303834238,-16.455421205435734
PROJ-0036,2024-12-01,2024-12,55799.758297872344,53368.651016310185,-4.3568419572435
PROJ-0036,2025-01-01,2025-01,55799.758297872344,70734.48265606315,26.764854927266377
PROJ-0036,2025-02-01,2025-02,55799.758297872344,68373.68310355862,22.534013030242313
PROJ-0036,2025-03-01,2025-03,55799.758297872344,72034.85695028513,29.095284903826958
PROJ-0036,2025-04-01,2025-04,55799.758297872344,62160.74611928385,11.399669130204906
PROJ-0036,2025-05-01,2025-05,55799.758297872344,51545.30776705972,-7.624496342979402
PROJ-0036,2025-06-01,2025-06,55799.758297872344,49182.326847910415,-11.859247516156811
PROJ-0036,2025-07-01,2025-07,55799.758297872344,49854.696942464965,-10.654277969576919
PROJ-0037,2024-02-01,2024-02,477171.90545454546,386460.49037027964,-19.01021708263728
PROJ-0037,2024-03-01,2024-03,477171.90545454546,474948.7880267188,-0.4658944507030398
PROJ-0037,2024-04-01,2024-04,477171.90545454546,427409.4798939917,-10.428615975022876
PROJ-0038,2024-03-01,2024-03,96703.1653872054,97266.72534730966,0.58277302283512
PROJ-0038,2024-04-01,2024-04,96703.1653872054,122570.99289887447,26.74972159193827
PROJ-0038,2024-05-01,2024-05,96703.1653872054,98179.83285267225,1.5270104753594964
PROJ-0038,2024-06-01,2024-06,96703.1653872054,119814.47231942773,23.89922484924174
PROJ-0038,2024-07-01,2024-07,96703.1653872054,106639.64610416247,10.275238330793826
PROJ-0038,2024-08-01,2024-08,96703.1653872054,89311.73411117321,-7.643422266930404
PROJ-0038,2024-09-01,2024-09,96703.1653872054,94568.67312899817,-2.207262037039431
PROJ-0038,2024-10-01,2024-10,96703.1653872054,81420.17468564292,-15.80402320892853
PROJ-0038,2024-11-01,2024-11,96703.1653872054,93485.97647924506,-3.3268703201994754
PROJ-0038,2024-12-01,2024-12,96703.1653872054,110122.70936458022,13.8770472751767
PROJ-0038,2025-01-01,2025-01,96703.1653872054,80849.21778266797,-16.39444535352824
PROJ-0039,2023-01-01,2023-01,92789.87867924529,83761.48883000745,-9.729929576098533
PROJ-0039,2023-02-01,2023-02,92789.87867924529,91928.83692140931,-0.9279479293344259
PROJ-0039,2023-03-01,2023-03,92789.87867924529,119794.03164175632,29.102476850798126
PROJ-0039,2023-04-01,2023-04,92789.87867924529,110645.51960955912,19.243091147944007
PROJ-0039,2023-05-01,2023-05,92789.87867924529,108261.97605331456,16.674337324605197
PROJ-0039,2023-06-01,2023-06,92789.87867924529,79622.57532320703,-14.190452173727701
PROJ-0039,2023-07-01,2023-07,92789.87867924529,110466.16005215813,19.04979468074957
PROJ-0039,2023-08-01,2023-08,92789.87867924529,110664.40181897933,19.263440575800757
PROJ-0040,2024-01-01,2024-01,978231.4361904762,1076593.9255716577,10.055134781216413
PROJ-0040,2024-02-01,2024-02,978231.4361904762,1266986.6631285942,29.518089099918598
PROJ-0040,2024-03-01,2024-03,978231.4361904762,941671.9467119492,-3.737304703772402
PROJ-0041,2024-02-01,2024-02,143153.39012987012,181895.883104728,27.063622412092585
PROJ-0041,2024-03-01,2024-03,143153.39012987012,179996.14218554582,25.73655574782518
PROJ-0041,2024-04-01,2024-04,143153.39012987012,115344.45978592159,-19.425967012531107
PROJ-0041,2024-05-01,2024-05,143153.39012987012,146740.5654630714,2.5058263237405534
PROJ-0041,2024-06-01,2024-06,143153.39012987012,184460.60383968582,28.855211652578667
PROJ-0041,2024-07-01,2024-07,143153.39012987012,121903.7984156596,-14.84393187959621
PROJ-0041,2024-08-01,2024-08,143153.39012987012,153731.3301350096,7.389234719165973
PROJ-0041,2024-09-01,2024-09,143153.39012987012,184593.25506690622,28.947875352055206
PROJ-0041,2024-10-01,2024-10,143153.39012987012,154283.238685088,7.774771205293007
PROJ-0041,2024-11-01,2024-11,143153.39012987012,128109.06416339237,-10.5092348513922
PROJ-0041,2024-12-01,2024-12,143153.39012987012,156193.4636361523,9.109161504629487
PROJ-0042,2023-03-01,2023-03,99103.60699186992,89413.28474044004,-9.777971302522658
PROJ-0042,2023-04-01,2023-04,99103.60699186992,105035.16910444315,5.985213144724213
PROJ-0042,2023-05-01,2023-05,99103.60699186992,82951.8110258918,-16.297889104382598
PROJ-0042,2023-06-01,2023-06,99103.60699186992,109285.64383860231,10.274133460720233
PROJ-0042,2023-07-01,2023-07,99103.60699186992,104890.75910585062,5.83949695640791
PROJ-0042,2023-08-01,2023-08,99103.60699186992,115959.21629364623,17.008068438073153
PROJ-0042,2023-09-01,2023-09,99103.60699186992,110535.23140514965,11.535023557939251
PROJ-0042,2023-10-01,2023-10,99103.60699186992,106516.86741186606,7.480313426537833
PROJ-0042,2023-11-01,2023-11,99103.60699186992,113462.67158709098,14.488942462406058
PROJ-0043,2023-12-01,2023-12,10017.73102739726,8735.170508785544,-12.802904321388457
PROJ-0043,2024-01-01,2024-01,10017.73102739726,10996.261297443329,9.767983062930202
PROJ-0043,2024-02-01,2024-02,10017.73102739726,8876.2636849387,-11.394469858861116
PROJ-0043,2024-03-01,2024-03,10017.73102739726,12650.00109098931,26.276110392594042
PROJ-0043,2024-04-01,2024-04,10017.73102739726,8356.461163088421,-16.58329475771979
PROJ-0043,2024-05-01,2024-05,10017.73102739726,10169.874063610701,1.5187374845396633
PROJ-0043,2024-06-01,2024-06,10017.73102739726,11499.340812264658,14.789873882772241
PROJ-0043,2024-07-01,2024-07,10017.73102739726,10308.356482450923,2.9011105834129367
PROJ-0043,2024-08-01,2024-08,10017.73102739726,8475.477559811434,-15.395237338354882
PROJ-0043,2024-09-01,2024-09,10017.73102739726,10785.98589179935,7.668950806335367
PROJ-0043,2024-10-01,2024-10,10017.73102739726,11228.032762531768,12.081595441367725
PROJ-0043,2024-11-01,2024-11,10017.73102739726,11539.385857244422,15.189615549525385
PROJ-0043,2024-12-01,2024-12,10017.73102739726,9883.79303422987,-1.3370092768620552
PROJ-0043,2025-01-01,2025-01,10017.73102739726,10837.481812256145,8.18299855143811
PROJ-0043,2025-02-01,2025-02,10017.73102739726,10271.612763729732,2.534323746945656
PROJ-0043,2025-03-01,2025-03,10017.73102739726,11380.42313769688,13.602801937612668
PROJ-0043,2025-04-01,2025-04,10017.73102739726,10937.14319082965,9.177848366240926
PROJ-0043,2025-05-01,2025-05,10017.73102739726,10647.627018680123,6.287810977956745
PROJ-0043,2025-06-01,2025-06,10017.73102739726,9264.018817801398,-7.523781658087568
PROJ-0043,2025-07-01,2025-07,10017.73102739726,8024.295305855725,-19.899074112588305
PROJ-0044,2023-08-01,2023-08,119417.83350993377,105928.49506768232,-11.295916234428537
PROJ-0044,2023-09-01,2023-09,119417.83350993377,102524.1533301762,-14.146697928791568
PROJ-0044,2023-10-01,2023-10,119417.83350993377,122348.63046373117,2.4542372505473367
PROJ-0044,2023-11-01,2023-11,119417.83350993377,132091.53776433595,10.612907538092234
PROJ-0044,2023-12-01,2023-12,119417.83350993377,108257.34185323962,-9.345749565759592
PROJ-0044,2024-01-01,2024-01,119417.83350993377,151604.34877921274,26.952854798359354
PROJ-0044,2024-02-01,2024-02,119417.83350993377,95933.24950552206,-19.665893538805612
PROJ-0044,2024-03-01,2024-03,119417.83350993377,141647.5238322309,18.615050758267145
PROJ-0044,2024-04-01,2024-04,119417.83350993377,132864.56634664844,11.260238476522112
PROJ-0044,2024-05-01,2024-05,119417.83350993377,117838.81932712128,-1.3222599476159047
PROJ-0044,2024-06-01,2024-06,119417.83350993377,98548.90698691364,-17.475552779379605
PROJ-0045,2023-06-01,2023-06,202693.6043956044,225748.6409888819,11.374328589213967
PROJ-0045,2023-07-01,2023-07,202693.6043956044,201235.579929678,-0.7193243567175962
PROJ-0045,2023-08-01,2023-08,202693.6043956044,257042.56409889716,26.813356970660955
PROJ-0045,2023-09-01,2023-09,202693.6043956044,217083.8444295086,7.099503744488295
PROJ-0046,2023-05-01,2023-05,346662.3033628319,440200.7213219523,26.982575564675408
PROJ-0046,2023-06-01,2023-06,346662.3033628319,315546.53520696564,-8.975815326334795
PROJ-0046,2023-07-01,2023-07,346662.3033628319,403120.7505387196,16.286295518205165
PROJ-0046,2023-08-01,2023-08,346662.3033628319,384318.32634820143,10.862451042436284
PROJ-0046,2023-09-01,2023-09,346662.3033628319,405492.3227296439,16.970411491565592
PROJ-0047,2023-03-01,2023-03,125086.86926829268,113495.5609330523,-9.266606801373161
PROJ-0047,2023-04-01,2023-04,125086.86926829268,141660.5364730171,13.249725811888688
PROJ-0047,2023-05-01,2023-05,125086.86926829268,131218.652182951,4.90201965284345
PROJ-0047,2023-06-01,2023-06,125086.86926829268,146528.32067729873,17.141248745315814
PROJ-0047,2023-07-01,2023-07,125086.86926829268,120523.990738591,-3.6477677924091125
PROJ-0047,2023-08-01,2023-08,125086.86926829268,155736.71880748286,24.50285127326263
PROJ-0047,2023-09-01,2023-09,125086.86926829268,105341.98917460174,-15.784934269432481
PROJ-0047,2023-10-01,2023-10,125086.86926829268,150553.88781183193,20.3594659395594
PROJ-0047,2023-11-01,2023-11,125086.86926829268,153939.38313090766,23.065981290754543
PROJ-0048,2023-04-01,2023-04,126963.12611111112,153450.9550252203,20.862615568341063
PROJ-0048,2023-05-01,2023-05,126963.12611111112,134119.17381646548,5.6363197130888025
PROJ-0048,2023-06-01,2023-06,126963.12611111112,129399.86464132013,1.9192490015380663
PROJ-0048,2023-07-01,2023-07,126963.12611111112,164814.78805078985,29.81311432624384
PROJ-0048,2023-08-01,2023-08,126963.12611111112,116118.69456045543,-8.541402439291893
PROJ-0048,2023-09-01,2023-09,126963.12611111112,136287.04200021687,7.34379829380223
PROJ-0048,2023-10-01,2023-10,126963.12611111112,144146.03154326486,13.53377626911628
PROJ-0048,2023-11-01,2023-11,126963.12611111112,146062.67390842456,15.043381793071596
PROJ-0049,2024-01-01,2024-01,385670.36083333334,347879.42189381557,-9.798766713071066
PROJ-0049,2024-02-01,2024-02,385670.36083333334,434649.3574544464,12.699704616990061
PROJ-0049,2024-03-01,2024-03,385670.36083333334,466346.7316666047,20.918478324066868
PROJ-0050,2023-06-01,2023-06,197662.73106796117,163073.58910366576,-17.49907115894439
PROJ-0050,2023-07-01,2023-07,197662.73106796117,248217.07898701003,25.57606466626582
PROJ-0050,2023-08-01,2023-08,197662.73106796117,161046.1109131595,-18.5247972427397
PROJ-0050,2023-09-01,2023-09,197662.73106796117,193311.2880857379,-2.2014483755802843
PROJ-0050,2023-10-01,2023-10,197662.73106796117,159693.02463152938,-19.209340188351895
PROJ-0050,2023-11-01,2023-11,197662.73106796117,165754.5472054849,-16.142741573020906
PROJ-0050,2023-12-01,2023-12,197662.73106796117,248182.1907099716,25.558414259003953
PROJ-0050,2024-01-01,2024-01,197662.73106796117,193201.5653315335,-2.2569584626926087
PROJ-0051,2023-02-01,2023-02,23494.78357705287,23785.784450157364,1.238576521252643
PROJ-0051,2023-03-01,2023-03,23494.78357705287,21325.561679201,-9.23278093087237
PROJ-0051,2023-04-01,2023-04,23494.78357705287,25810.144809297635,9.85478850933599
PROJ-0051,2023-05-01,2023-05,23494.78357705287,25783.213261537287,9.740160733889482
PROJ-0051,2023-06-01,2023-06,23494.78357705287,23168.210688256197,-1.3899804087390386
PROJ-0051,2023-07-01,2023-07,23494.78357705287,22708.117979981987,-3.34825640973008
PROJ-0051,2023-08-01,2023-08,23494.78357705287,29191.84930870191,24.24821540902939
PROJ-0051,2023-09-01,2023-09,23494.78357705287,23298.41699108669,-0.8357880178899322
PROJ-0051,2023-10-01,2023-10,23494.78357705287,24593.17636450664,4.6750496077204104
PROJ-0051,2023-11-01,2023-11,23494.78357705287,22123.918901403358,-5.8347618787534685
PROJ-0051,2023-12-01,2023-12,23494.78357705287,28038.316464842832,19.338475167856366
PROJ-0051,2024-01-01,2024-01,23494.78357705287,23464.80607636365,-0.12759215504541999
PROJ-0051,2024-02-01,2024-02,23494.78357705287,24829.41705231356,5.680552327216226
PROJ-0051,2024-03-01,2024-03,23494.78357705287,21772.112800765455,-7.332141497016929
PROJ-0051,2024-04-01,2024-04,23494.78357705287,30398.251046571284,29.38297961706259
PROJ-0051,2024-05-01,2024-05,23494.78357705287,22220.14153496007,-5.4252129538138565
PROJ-0051,2024-06-01,2024-06,23494.78357705287,27850.04134027025,18.53712654527758
PROJ-0051,2024-07-01,2024-07,23494.78357705287,23817.785754274057,1.3747825178379607
PROJ-0051,2024-08-01,2024-08,23494.78357705287,21218.34351277895,-9.689129745793005
PROJ-0051,2024-09-01,2024-09,23494.78357705287,28190.436502573615,19.985938198243062
PROJ-0051,2024-10-01,2024-10,23494.78357705287,22714.836515678748,-3.3196605485478408
PROJ-0051,2024-11-01,2024-11,23494.78357705287,28959.59208635104,23.25966736989055
PROJ-0051,2024-12-01,2024-12,23494.78357705287,29547.71160013575,25.76285924589115
PROJ-0051,2025-01-01,2025-01,23494.78357705287,28896.514325097072,22.991191769563798
PROJ-0051,2025-02-01,2025-02,23494.78357705287,19207.078552577197,-18.24960425965972
PROJ-0051,2025-03-01,2025-03,23494.78357705287,28045.410029259863,19.368667250255278
PROJ-0051,2025-04-01,2025-04,23494.78357705287,23627.992732691182,0.5669733249571927
PROJ-0051,2025-05-01,2025-05,23494.78357705287,29059.7923196383,23.686146009111255
PROJ-0051,2025-06-01,2025-06,23494.78357705287,26290.12552856043,11.897713134236938
PROJ-0051,2025-07-01,2025-07,23494.78357705287,28588.95937024647,21.68215670719792
PROJ-0052,2023-02-01,2023-02,184140.73847328243,193295.45823877468,4.971588493341766
PROJ-0052,2023-03-01,2023-03,184140.73847328243,196572.58653807,6.751275229946643
PROJ-0052,2023-04-01,2023-04,184140.73847328243,160606.413382377,-12.780618393316638
PROJ-0052,2023-05-01,2023-05,184140.73847328243,219494.59637001398,19.199367934467773
PROJ-0052,2023-06-01,2023-06,184140.73847328243,185925.94717881558,0.9694805833485809
PROJ-0052,2023-07-01,2023-07,184140.73847328243,193355.15191579374,5.004005913579132
PROJ-0052,2023-08-01,2023-08,184140.73847328243,219596.8272022607,19.25488570478538
PROJ-0052,2023-09-01,2023-09,184140.73847328243,202448.507879604,9.942270003971949
PROJ-0052,2023-10-01,2023-10,184140.73847328243,165827.82486729103,-9.945063627866627
PROJ-0052,2023-11-01,2023-11,184140.73847328243,201655.52964217326,9.511632957544638
PROJ-0053,2023-07-01,2023-07,423447.07123809523,425063.126916426,0.3816428989827898
PROJ-0053,2023-08-01,2023-08,423447.07123809523,438167.2648154526,3.4762771021931336
PROJ-0053,2023-09-01,2023-09,423447.07123809523,344751.82010489004,-18.584436279866612
PROJ-0053,2023-10-01,2023-10,423447.07123809523,383225.81345383206,-9.49853252418592
PROJ-0054,2023-02-01,2023-02,74377.34448979591,69953.30868865075,-5.948095930948586
PROJ-0054,2023-03-01,2023-03,74377.34448979591,86015.91164781773,15.64800039294029
PROJ-0054,2023-04-01,2023-04,74377.34448979591,59929.26541460358,-19.425376335094235
PROJ-0054,2023-05-01,2023-05,74377.34448979591,74703.75918085394,0.43886306145660114
PROJ-0054,2023-06-01,2023-06,74377.34448979591,93865.2080215781,26.201343521286645
PROJ-0054,2023-07-01,2023-07,74377.34448979591,63662.5671712392,-14.405969172543807
PROJ-0054,2023-08-01,2023-08,74377.34448979591,78707.0129045706,5.821219410930553
PROJ-0054,2023-09-01,2023-09,74377.34448979591,88751.59868384624,19.326119119542355
PROJ-0054,2023-10-01,2023-10,74377.34448979591,94553.36346775747,27.126565376005836
PROJ-0054,2023-11-01,2023-11,74377.34448979591,87273.50727960246,17.338831976685896
PROJ-0054,2023-12-01,2023-12,74377.34448979591,86298.75161133862,16.028277432220307
PROJ-0055,2023-07-01,2023-07,76577.41201277956,92907.08911351176,21.324404509788124
PROJ-0055,2023-08-01,2023-08,76577.41201277956,78346.39697992498,2.310061048877184
PROJ-0055,2023-09-01,2023-09,76577.41201277956,92116.67400648443,20.292226630891655
PROJ-0055,2023-10-01,2023-10,76577.41201277956,61566.87636203812,-19.601779762727443
PROJ-0055,2023-11-01,2023-11,76577.41201277956,96662.17604450359,26.228052768840243
PROJ-0055,2023-12-01,2023-12,76577.41201277956,78235.56222384561,2.165325475858765
PROJ-0055,2024-01-01,2024-01,76577.41201277956,82450.14093317601,7.669009393287382
PROJ-0055,2024-02-01,2024-02,76577.41201277956,71021.04110517305,-7.255887554255885
PROJ-0055,2024-03-01,2024-03,76577.41201277956,89692.4743695303,17.126541642021074
PROJ-0055,2024-04-01,2024-04,76577.41201277956,64196.21547391704,-16.16820967623756
PROJ-0055,2024-05-01,2024-05,76577.41201277956,94674.02530458944,23.631790127341766
PROJ-0056,2024-03-01,2024-03,85674.86961702128,104014.29637000679,21.40584145031714
PROJ-0056,2024-04-01,2024-04,85674.86961702128,77795.35683797144,-9.19699418776168
PROJ-0056,2024-05-01,2024-05,85674.86961702128,103209.27684409905,20.46621991426312
PROJ-0056,2024-06-01,2024-06,85674.86961702128,102225.44381980645,19.317886653074076
PROJ-0056,2024-07-01,2024-07,85674.86961702128,95622.43298476019,11.610829887697449
PROJ-0056,2024-08-01,2024-08,85674.86961702128,84540.54192122075,-1.323991155015623
PROJ-0056,2024-09-01,2024-09,85674.86961702128,80170.20587647465,-6.425062290906606
PROJ-0056,2024-10-01,2024-10,85674.86961702128,78468.9101323196,-8.410820485532499
PROJ-0057,2023-06-01,2023-06,29447.337673202615,28248.962994666483,-4.069551861819642
PROJ-0057,2023-07-01,2023-07,29447.337673202615,36861.56543417763,25.17792217162652
PROJ-0057,2023-08-01,2023-08,29447.337673202615,24701.027212437653,-16.117961200560934
PROJ-0057,2023-09-01,2023-09,29447.337673202615,35761.89631828173,21.44356381264793
PROJ-0057,2023-10-01,2023-10,29447.337673202615,28694.812063854883,-2.5554962479088204
PROJ-0057,2023-11-01,2023-11,29447.337673202615,31237.72691080459,6.079969800567909
PROJ-0057,2023-12-01,2023-12,29447.337673202615,35255.61350383981,19.724281682424532
PROJ-0057,2024-01-01,2024-01,29447.337673202615,36579.137543785284,24.218827351148562
PROJ-0057,2024-02-01,2024-02,29447.337673202615,28634.31758872487,-2.7609289963676495
PROJ-0057,2024-03-01,2024-03,29447.337673202615,30357.90061119989,3.0921740637555146
PROJ-0057,2024-04-01,2024-04,29447.337673202615,29661.067404375706,0.725803240839614
PROJ-0057,2024-05-01,2024-05,29447.337673202615,23752.97396761638,-19.337448324804473
PROJ-0057,2024-06-01,2024-06,29447.337673202615,27915.23522866406,-5.202855557067171
PROJ-0057,2024-07-01,2024-07,29447.337673202615,30318.820349373043,2.9594616866280923
PROJ-0057,2024-08-01,2024-08,29447.337673202615,29610.67629656099,0.5546804440219901
PROJ-0057,2024-09-01,2024-09,29447.337673202615,34187.31700796636,16.096461375783974
PROJ-0057,2024-10-01,2024-10,29447.337673202615,29223.59116565191,-0.7598191389448381
PROJ-0057,2024-11-01,2024-11,29447.337673202615,30763.28690963816,4.468822448533512
PROJ-0057,2024-12-01,2024-12,29447.337673202615,29883.28477847753,1.4804296066181664
PROJ-0057,2025-01-01,2025-01,29447.337673202615,34462.60428661018,17.03130744471853
PROJ-0057,2025-02-01,2025-02,29447.337673202615,36263.9899563735,23.148619949348124
PROJ-0057,2025-03-01,2025-03,29447.337673202615,31389.228795673596,6.5944539503757085
PROJ-0057,2025-04-01,2025-04,29447.337673202615,35181.20833484362,19.471609709759562
PROJ-0057,2025-05-01,2025-05,29447.337673202615,27927.65895973607,-5.160665899007471
PROJ-0057,2025-06-01,2025-06,29447.337673202615,31528.81699671767,7.068480507863434
PROJ-0057,2025-07-01,2025-07,29447.337673202615,28640.92164887398,-2.7385023165013784
PROJ-0058,2023-11-01,2023-11,46256.9996835443,46585.445788385405,0.7100462785915163
PROJ-0058,2023-12-01,2023-12,46256.9996835443,53945.233703266975,16.62069324063343
PROJ-0058,2024-01-01,2024-01,46256.9996835443,57397.130329964035,24.083124116635638
PROJ-0058,2024-02-01,2024-02,46256.9996835443,39815.605880384865,-13.92523044561173
PROJ-0058,2024-03-01,2024-03,46256.9996835443,51683.85369008621,11.731962824369024
PROJ-0058,2024-04-01,2024-04,46256.9996835443,50469.71270828719,9.107190378889925
PROJ-0058,2024-05-01,2024-05,46256.9996835443,39744.361961679424,-14.079248041203407
PROJ-0058,2024-06-01,2024-06,46256.9996835443,41906.39773489192,-9.405283477994546
PROJ-0058,2024-07-01,2024-07,46256.9996835443,44198.62089705098,-4.449875263365987
PROJ-0058,2024-08-01,2024-08,46256.9996835443,40866.464991824876,-11.653446459124927
PROJ-0058,2024-09-01,2024-09,46256.9996835443,42642.69704483489,-7.813525873782911
PROJ-0058,2024-10-01,2024-10,46256.9996835443,43194.804780966544,-6.619960056914625
PROJ-0058,2024-11-01,2024-11,46256.9996835443,44769.231941166385,-3.2163083480470185
PROJ-0058,2024-12-01,2024-12,46256.9996835443,54337.876715872604,17.469522640057953
PROJ-0058,2025-01-01,2025-01,46256.9996835443,50233.07106310162,8.595610192530035
PROJ-0058,2025-02-01,2025-02,46256.9996835443,59816.00574301174,29.312333597570074
PROJ-0058,2025-03-01,2025-03,46256.9996835443,46597.817255229835,0.7367913483735506
PROJ-0058,2025-04-01,2025-04,46256.9996835443,54441.36798779031,17.69325369184625
PROJ-0058,2025-05-01,2025-05,46256.9996835443,57161.35699275203,23.57342106882669
PROJ-0058,2025-06-01,2025-06,46256.9996835443,52709.35371563249,13.948924651902097
PROJ-0058,2025-07-01,2025-07,46256.9996835443,46531.41333041302,0.593237020874799
PROJ-0059,2023-05-01,2023-05,67215.29667493797,79098.78067905843,17.679731537287644
PROJ-0059,2023-06-01,2023-06,67215.29667493797,60617.01088411362,-9.816643111365757
PROJ-0059,2023-07-01,2023-07,67215.29667493797,64780.49531950082,-3.622391740993379
PROJ-0059,2023-08-01,2023-08,67215.29667493797,72145.04314460681,7.334262754964438
PROJ-0059,2023-09-01,2023-09,67215.29667493797,73110.39367794174,8.770469364307417
PROJ-0059,2023-10-01,2023-10,67215.29667493797,54516.36026130721,-18.892926226368527
PROJ-0059,2023-11-01,2023-11,67215.29667493797,85535.3026344146,27.255709437800434
PROJ-0059,2023-12-01,2023-12,67215.29667493797,77184.24169331504,14.831363560869498
PROJ-0059,2024-01-01,2024-01,67215.29667493797,70431.67465730834,4.785187511594554
PROJ-0059,2024-02-01,2024-02,67215.29667493797,85132.44928805978,26.65636172041542
PROJ-0059,2024-03-01,2024-03,67215.29667493797,68529.20668344239,1.9547782625414243
PROJ-0059,2024-04-01,2024-04,67215.29667493797,86722.37120314289,29.02177851351859
PROJ-0059,2024-05-01,2024-05,67215.29667493797,70988.92331003508,5.614237862174257
PROJ-0059,2024-06-01,2024-06,67215.29667493797,57613.11330801933,-14.285711500101026
PROJ-0059,2024-07-01,2024-07,67215.29667493797,79475.39947051607,18.24004862296386
PROJ-0059,2024-08-01,2024-08,67215.29667493797,76588.39334147415,13.944886253892022
PROJ-0059,2024-09-01,2024-09,67215.29667493797,79750.50323912168,18.649336065279336
PROJ-0059,2024-10-01,2024-10,67215.29667493797,85747.96645485114,27.57210143628405
PROJ-0059,2024-11-01,2024-11,67215.29667493797,79868.21676125232,18.824465132550905
PROJ-0059,2024-12-01,2024-12,67215.29667493797,74317.8228830706,10.566830110832342
PROJ-0059,2025-01-01,2025-01,67215.29667493797,82584.37344707505,22.865445118042047
PROJ-0059,2025-02-01,2025-02,67215.29667493797,76398.46691823062,13.662321967726577
PROJ-0059,2025-03-01,2025-03,67215.29667493797,67488.15908157553,0.4059528412961555
PROJ-0059,2025-04-01,2025-04,67215.29667493797,83535.83493730008,24.280988212088666
PROJ-0059,2025-05-01,2025-05,67215.29667493797,61229.78999191391,-8.904976960781356
PROJ-0059,2025-06-01,2025-06,67215.29667493797,77789.64999452328,15.732063745436207
PROJ-0059,2025-07-01,2025-07,67215.29667493797,83399.51192076353,24.078172747037847
PROJ-0060,2024-02-01,2024-02,70172.58653061224,81797.25510456266,16.565825985164814
PROJ-0060,2024-03-01,2024-03,70172.58653061224,80602.87906410264,14.863770952692846
PROJ-0060,2024-04-01,2024-04,70172.58653061224,82545.35713299394,17.631914703591804
PROJ-0060,2024-05-01,2024-05,70172.58653061224,72455.13405093597,3.252762415032219
PROJ-0061,2023-01-01,2023-01,216579.8865625,267927.80283891596,23.7085341078513
PROJ-0061,2023-02-01,2023-02,216579.8865625,195294.03360382473,-9.82817624319544
PROJ-0061,2023-03-01,2023-03,216579.8865625,187058.57701347847,-13.630679199983035
PROJ-0061,2023-04-01,2023-04,216579.8865625,204181.6388553325,-5.724560994074423
PROJ-0061,2023-05-01,2023-05,216579.8865625,230828.39539635857,6.578869838749657
PROJ-0062,2024-01-01,2024-01,816438.0044444444,861571.4302503419,5.528089770466906
PROJ-0062,2024-02-01,2024-02,816438.0044444444,988134.4096390869,21.029937883829334
PROJ-0062,2024-03-01,2024-03,816438.0044444444,818303.0168031885,0.22843282020086875
PROJ-0063,2023-08-01,2023-08,296295.5356097561,308790.9740916261,4.217221314575433
PROJ-0063,2023-09-01,2023-09,296295.5356097561,239016.82092340698,-19.331615837030217
PROJ-0063,2023-10-01,2023-10,296295.5356097561,297738.38174890145,0.4869618221469523
PROJ-0063,2023-11-01,2023-11,296295.5356097561,333002.73514091515,12.388711647517106
PROJ-0064,2023-10-01,2023-10,26546.235682158924,21442.83244565232,-19.224583468670392
PROJ-0064,2023-11-01,2023-11,26546.235682158924,24965.16796907813,-5.955901740687812
PROJ-0064,2023-12-01,2023-12,26546.235682158924,23997.21780837707,-9.602182035530504
PROJ-0064,2024-01-01,2024-01,26546.235682158924,21794.266091252368,-17.90072855452059
PROJ-0064,2024-02-01,2024-02,26546.235682158924,27598.264195689135,3.9630044957268744
PROJ-0064,2024-03-01,2024-03,26546.235682158924,23649.023231213498,-10.913835338592175
PROJ-0064,2024-04-01,2024-04,26546.235682158924,31099.997386785206,17.154076981569006
PROJ-0064,2024-05-01,2024-05,26546.235682158924,32491.635267655194,22.396394188167427
PROJ-0064,2024-06-01,2024-06,26546.235682158924,28478.604967641604,7.279259133457391
PROJ-0064,2024-07-01,2024-07,26546.235682158924,34267.30578846321,29.08536712605708
PROJ-0064,2024-08-01,2024-08,26546.235682158924,27216.243709737486,2.5239285735297656
PROJ-0064,2024-09-01,2024-09,26546.235682158924,28050.9852959065,5.668410511245774
PROJ-0064,2024-10-01,2024-10,26546.235682158924,34366.992364496306,29.460887697887507
PROJ-0064,2024-11-01,2024-11,26546.235682158924,24310.358222208873,-8.422578201747559
PROJ-0064,2024-12-01,2024-12,26546.235682158924,33747.51187368968,27.127296983845262
PROJ-0064,2025-01-01,2025-01,26546.235682158924,21805.576462846864,-17.85812224404434
PROJ-0064,2025-02-01,2025-02,26546.235682158924,27161.93434290353,2.319344513159738
PROJ-0064,2025-03-01,2025-03,26546.235682158924,22166.153411558756,-16.49982439334671
PROJ-0064,2025-04-01,2025-04,26546.235682158924,30916.207222229208,16.46173714568215
PROJ-0064,2025-05-01,2025-05,26546.235682158924,29312.472047228373,10.420446794000888
PROJ-0064,2025-06-01,2025-06,26546.235682158924,30616.22839527694,15.331713173379818
PROJ-0064,2025-07-01,2025-07,26546.235682158924,26207.511023677198,-1.2759800015991516
PROJ-0065,2023-03-01,2023-03,188512.45664739885,185635.9388534629,-1.5259032984309862
PROJ-0065,2023-04-01,2023-04,188512.45664739885,155081.5896231226,-17.73403605195527
PROJ-0065,2023-05-01,2023-05,188512.45664739885,183794.455438948,-2.502753023518011
PROJ-0065,2023-06-01,2023-06,188512.45664739885,238401.1851400976,26.464420113102975
PROJ-0065,2023-07-01,2023-07,188512.45664739885,186554.42839280536,-1.0386731409775507
PROJ-0065,2023-08-01,2023-08,188512.45664739885,229171.54965652735,21.568385311098496
PROJ-0066,2023-07-01,2023-07,134977.3311627907,164829.2892309809,22.1162752374967
PROJ-0066,2023-08-01,2023-08,134977.3311627907,133171.41251432398,-1.3379421810383079
PROJ-0066,2023-09-01,2023-09,134977.3311627907,150633.93763271833,11.599434019809454
PROJ-0066,2023-10-01,2023-10,134977.3311627907,114418.36710200088,-15.23141988634707
PROJ-0067,2023-02-01,2023-02,286289.09529411764,243872.29977519118,-14.816070963286176
PROJ-0067,2023-03-01,2023-03,286289.09529411764,235996.35548971276,-17.567116816914336
PROJ-0067,2023-04-01,2023-04,286289.09529411764,312200.41895258776,9.050754668755474
PROJ-0068,2023-10-01,2023-10,263110.5663768116,266540.3412214114,1.3035488813048524
PROJ-0068,2023-11-01,2023-11,263110.5663768116,282585.0049788228,7.401617833212004
PROJ-0068,2023-12-01,2023-12,263110.5663768116,279038.38424066635,6.053659525419391
PROJ-0068,2024-01-01,2024-01,263110.5663768116,256559.50676781705,-2.4898504454634853
PROJ-0068,2024-02-01,2024-02,263110.5663768116,299613.6600411676,13.873670741173648
PROJ-0069,2023-05-01,2023-05,14676.718476190477,17307.534065887794,17.925094045819534
PROJ-0069,2023-06-01,2023-06,14676.718476190477,11848.722199624623,-19.268587056116214
PROJ-0069,2023-07-01,2023-07,14676.718476190477,13262.193225985431,-9.637885011556085
PROJ-0069,2023-08-01,2023-08,14676.718476190477,16975.355802442613,15.661793404166843
PROJ-0069,2023-09-01,2023-09,14676.718476190477,14578.532496433854,-0.6689913683082906
PROJ-0069,2023-10-01,2023-10,14676.718476190477,16602.919973081127,13.124197347080411
PROJ-0069,2023-11-01,2023-11,14676.718476190477,14287.511420289573,-2.651867013272078
PROJ-0069,2023-12-01,2023-12,14676.718476190477,14608.876462883887,-0.46224238351814506
PROJ-0070,2024-02-01,2024-02,397090.22873239435,349177.0981101333,-12.066056315515754
PROJ-0070,2024-03-01,2024-03,397090.22873239435,368942.6903184329,-7.088449016692
PROJ-0070,2024-04-01,2024-04,397090.22873239435,437873.7296188998,10.270587875379363
PROJ-0070,2024-05-01,2024-05,397090.22873239435,403674.602461203,1.658155565758321
PROJ-0071,2023-11-01,2023-11,136504.42809302325,162051.41492754134,18.715134147229755
PROJ-0071,2023-12-01,2023-12,136504.42809302325,167394.3533117058,22.629247746917137
PROJ-0071,2024-01-01,2024-01,136504.42809302325,146172.10974807525,7.082320910837993
PROJ-0071,2024-02-01,2024-02,136504.42809302325,160956.96399629748,17.913364602802957
PROJ-0071,2024-03-01,2024-03,136504.42809302325,130150.45500081485,-4.6547743402715
PROJ-0071,2024-04-01,2024-04,136504.42809302325,137526.24669104582,0.748560770003909
PROJ-0071,2024-05-01,2024-05,136504.42809302325,157852.19699914492,15.638883810841548
PROJ-0071,2024-06-01,2024-06,136504.42809302325,135563.3660754964,-0.6894003591484648
PROJ-0072,2023-11-01,2023-11,79583.602304,87084.55320001714,9.425246757949441
PROJ-0072,2023-12-01,2023-12,79583.602304,71043.19860744492,-10.731361045874426
PROJ-0072,2024-01-01,2024-01,79583.602304,87532.8627451796,9.988565748524898
PROJ-0072,2024-02-01,2024-02,79583.602304,97948.06397089489,23.075685361344682
PROJ-0072,2024-03-01,2024-03,79583.602304,98231.61766379866,23.431981991171284
PROJ-0072,2024-04-01,2024-04,79583.602304,92489.85042542854,16.217220316476983
PROJ-0072,2024-05-01,2024-05,79583.602304,93341.75201182929,17.287668953806303
PROJ-0072,2024-06-01,2024-06,79583.602304,85867.81979788007,7.896372257535035
PROJ-0072,2024-07-01,2024-07,79583.602304,86931.87822699812,9.233404508291237
PROJ-0072,2024-08-01,2024-08,79583.602304,68985.07920253652,-13.3174709294741
PROJ-0072,2024-09-01,2024-09,79583.602304,81328.83840834851,2.192959421065055
PROJ-0072,2024-10-01,2024-10,79583.602304,81604.08209564368,2.538814194318192
PROJ-0072,2024-11-01,2024-11,79583.602304,101807.2371247131,27.92489178338701
PROJ-0072,2024-12-01,2024-12,79583.602304,80820.60455994547,1.5543431311644724
PROJ-0072,2025-01-01,2025-01,79583.602304,85526.21513348428,7.467132245137883
PROJ-0072,2025-02-01,2025-02,79583.602304,84885.91548733981,6.662569963955125
PROJ-0072,2025-03-01,2025-03,79583.602304,89004.77746903394,11.83808585221636
PROJ-0072,2025-04-01,2025-04,79583.602304,93440.41388295677,17.411641566594795
PROJ-0072,2025-05-01,2025-05,79583.602304,72621.70343066435,-8.747906191456394
PROJ-0072,2025-06-01,2025-06,79583.602304,84705.77879217167,6.436220954921787
PROJ-0072,2025-07-01,2025-07,79583.602304,96531.63502063524,21.295885365801524
PROJ-0073,2024-03-01,2024-03,25937.998852459015,26756.53354000434,3.1557356918755737
PROJ-0073,2024-04-01,2024-04,25937.998852459015,24361.714841115358,-6.077122681321349
PROJ-0073,2024-05-01,2024-05,25937.998852459015,29241.320704610305,12.735453767814953
PROJ-0073,2024-06-01,2024-06,25937.998852459015,31433.837965432616,21.18836978995615
PROJ-0073,2024-07-01,2024-07,25937.998852459015,21569.265504714513,-16.842985353630432
PROJ-0073,2024-08-01,2024-08,25937.998852459015,30824.594415576084,18.839524170361358
PROJ-0073,2024-09-01,2024-09,25937.998852459015,31406.350653111083,21.08239664808856
PROJ-0073,2024-10-01,2024-10,25937.998852459015,26735.889665055616,3.076146379430341
PROJ-0073,2024-11-01,2024-11,25937.998852459015,33502.88958105414,29.165282840923368
PROJ-0073,2024-12-01,2024-12,25937.998852459015,30953.21910121027,19.335417035365452
PROJ-0073,2025-01-01,2025-01,25937.998852459015,30784.02844219435,18.68312824478329
PROJ-0073,2025-02-01,2025-02,25937.998852459015,30449.117124429667,17.391928720603588
PROJ-0073,2025-03-01,2025-03,25937.998852459015,22703.635486190524,-12.4695948390863
PROJ-0073,2025-04-01,2025-04,25937.998852459015,23567.666323735637,-9.138455677349459
PROJ-0073,2025-05-01,2025-05,25937.998852459015,26767.886830705495,3.1995065732212495
PROJ-0073,2025-06-01,2025-06,25937.998852459015,24174.27134511362,-6.799782502026707
PROJ-0073,2025-07-01,2025-07,25937.998852459015,26135.659013914363,0.7620486167020211
PROJ-0074,2024-03-01,2024-03,276255.02567901235,343725.3582940285,24.423205496146032
PROJ-0074,2024-04-01,2024-04,276255.02567901235,334866.24388521386,21.216344593963463
PROJ-0074,2024-05-01,2024-05,276255.02567901235,308029.8619473545,11.501993923999112
PROJ-0074,2024-06-01,2024-06,276255.02567901235,339534.05631797126,22.906019712555178
PROJ-0074,2024-07-01,2024-07,276255.02567901235,329264.5512704404,19.18861945086246
PROJ-0074,2024-08-01,2024-08,276255.02567901235,280258.6422240172,1.449246592044524
PROJ-0075,2023-07-01,2023-07,111867.79270833333,100740.59154186305,-9.946742397502744
PROJ-0075,2023-08-01,2023-08,111867.79270833333,118255.50184375377,5.710052000466959
PROJ-0075,2023-09-01,2023-09,111867.79270833333,130674.38417496253,16.811444126427503
PROJ-0075,2023-10-01,2023-10,111867.79270833333,113904.88276893472,1.8209799364796524
PROJ-0075,2023-11-01,2023-11,111867.79270833333,126789.38506038896,13.338595489194859
PROJ-0075,2023-12-01,2023-12,111867.79270833333,94770.3346521852,-15.28362868544782
PROJ-0075,2024-01-01,2024-01,111867.79270833333,131333.0535632905,17.40023681857017
PROJ-0076,2023-10-01,2023-10,53314.78672131147,64316.656032100975,20.6356809946531
PROJ-0076,2023-11-01,2023-11,53314.78672131147,61494.28414079352,15.341892789027057
PROJ-0076,2023-12-01,2023-12,53314.78672131147,68436.55531317856,28.36317937631828
PROJ-0076,2024-01-01,2024-01,53314.78672131147,64688.21844517286,21.332602873032023
PROJ-0076,2024-02-01,2024-02,53314.78672131147,66725.95412259505,25.154686393826914
PROJ-0076,2024-03-01,2024-03,53314.78672131147,67538.40097891327,26.6785541728824
PROJ-0076,2024-04-01,2024-04,53314.78672131147,64013.67801520084,20.067399593690425
PROJ-0076,2024-05-01,2024-05,53314.78672131147,60625.81255531665,13.712942100324952
PROJ-0076,2024-06-01,2024-06,53314.78672131147,42804.27184984865,-19.714070931960535
PROJ-0077,2023-04-01,2023-04,213256.67376,220275.56435005507,3.291287661156236
PROJ-0077,2023-05-01,2023-05,213256.67376,231507.42499866025,8.558114931118052
PROJ-0077,2023-06-01,2023-06,213256.67376,203023.5813203035,-4.798486377600019
PROJ-0077,2023-07-01,2023-07,213256.67376,204524.2871354495,-4.094777654826396
PROJ-0077,2023-08-01,2023-08,213256.67376,273092.1689817275,28.05797078550826
PROJ-0077,2023-09-01,2023-09,213256.67376,265686.9855423946,24.585543260137293
PROJ-0077,2023-10-01,2023-10,213256.67376,261151.88407805908,22.458950275085208
PROJ-0077,2023-11-01,2023-11,213256.67376,213897.7021775749,0.30059008530552944
PROJ-0077,2023-12-01,2023-12,213256.67376,172065.9926557694,-19.315072479554274
PROJ-0078,2023-12-01,2023-12,12331.543787878787,10359.86710276835,-15.988887677214297
PROJ-0078,2024-01-01,2024-01,12331.543787878787,11790.166622849085,-4.390181589119816
PROJ-0078,2024-02-01,2024-02,12331.543787878787,9962.302240780507,-19.21285435021615
PROJ-0078,2024-03-01,2024-03,12331.543787878787,9970.976673622949,-19.142510904240094
PROJ-0078,2024-04-01,2024-04,12331.543787878787,15516.80190546186,25.83016508212055
PROJ-0078,2024-05-01,2024-05,12331.543787878787,14219.247275335036,15.307925105952705
PROJ-0078,2024-06-01,2024-06,12331.543787878787,11770.187190329465,-4.552200496592366
PROJ-0078,2024-07-01,2024-07,12331.543787878787,10683.091238758449,-13.36777111995234
PROJ-0078,2024-08-01,2024-08,12331.543787878787,13019.864159636001,5.581785894753857
PROJ-0078,2024-09-01,2024-09,12331.543787878787,9898.198238639348,-19.732691957281776
PROJ-0079,2023-02-01,2023-02,72987.08722222222,92635.71266453102,26.920687192907202
PROJ-0079,2023-03-01,2023-03,72987.08722222222,73527.74342774658,0.7407559694473598
PROJ-0079,2023-04-01,2023-04,72987.08722222222,73072.29801300581,0.11674776186663749
PROJ-0079,2023-05-01,2023-05,72987.08722222222,72643.81463028476,-0.4703196209108924
PROJ-0079,2023-06-01,2023-06,72987.08722222222,60919.7062262692,-16.53358348061176
PROJ-0079,2023-07-01,2023-07,72987.08722222222,81684.31027356292,11.916111989591329
PROJ-0079,2023-08-01,2023-08,72987.08722222222,85139.56933778738,16.65018098141767
PROJ-0079,2023-09-01,2023-09,72987.08722222222,83063.8814612459,13.806269879414515
PROJ-0079,2023-10-01,2023-10,72987.08722222222,63441.67149091972,-13.078225333530284
PROJ-0079,2023-11-01,2023-11,72987.08722222222,79513.59869384757,8.942008401779628
PROJ-0079,2023-12-01,2023-12,72987.08722222222,79172.17663676904,8.474224208612693
PROJ-0079,2024-01-01,2024-01,72987.08722222222,90081.05673987596,23.4205393970691
PROJ-0080,2023-01-01,2023-01,72627.57874285715,71869.62492542189,-1.0436170812176506
PROJ-0080,2023-02-01,2023-02,72627.57874285715,71592.1253067808,-1.425702817028288
PROJ-0080,2023-03-01,2023-03,72627.57874285715,80563.12432510716,10.926352935909279
PROJ-0080,2023-04-01,2023-04,72627.57874285715,81091.32999027842,11.65363267497565
PROJ-0080,2023-05-01,2023-05,72627.57874285715,75143.58789451745,3.46426136628952
PROJ-0080,2023-06-01,2023-06,72627.57874285715,74191.2273569921,2.1529681165210555
PROJ-0080,2023-07-01,2023-07,72627.57874285715,76046.43742421185,4.707383531894134
PROJ-0081,2023-12-01,2023-12,213249.12373134328,262407.87679111125,23.052264975165592
PROJ-0081,2024-01-01,2024-01,213249.12373134328,219771.01777822225,3.0583450626955013
PROJ-0081,2024-02-01,2024-02,213249.12373134328,270819.1144874726,26.99658959849112
PROJ-0081,2024-03-01,2024-03,213249.12373134328,224338.47945718246,5.200188179816301
PROJ-0081,2024-04-01,2024-04,213249.12373134328,271807.40701807896,27.460034659044567
PROJ-0081,2024-05-01,2024-05,213249.12373134328,259399.63562961886,21.641595093453788
PROJ-0081,2024-06-01,2024-06,213249.12373134328,209243.3799653833,-1.8784338692085427
PROJ-0081,2024-07-01,2024-07,213249.12373134328,262684.6871398723,23.1820710648308
PROJ-0081,2024-08-01,2024-08,213249.12373134328,182334.74844051542,-14.496835789944239
PROJ-0082,2023-04-01,2023-04,220994.6899047619,279011.00875491224,26.252358767150724
PROJ-0082,2023-05-01,2023-05,220994.6899047619,246590.68329685822,11.582175754144583
PROJ-0082,2023-06-01,2023-06,220994.6899047619,182805.78522549753,-17.280462573884442
PROJ-0082,2023-07-01,2023-07,220994.6899047619,247984.40935494404,12.212836182540578
PROJ-0082,2023-08-01,2023-08,220994.6899047619,284447.5310328906,28.712382707237808
PROJ-0083,2024-01-01,2024-01,520862.04421052634,434867.89119332534,-16.509967269268554
PROJ-0083,2024-02-01,2024-02,520862.04421052634,561147.5225756766,7.734385489004314
PROJ-0083,2024-03-01,2024-03,520862.04421052634,611438.4822007951,17.389717487968625
PROJ-0084,2023-05-01,2023-05,33807.28585119798,40742.150507927756,20.51292933497657
PROJ-0084,2023-06-01,2023-06,33807.28585119798,34041.020387546814,0.6913732660397933
PROJ-0084,2023-07-01,2023-07,33807.28585119798,30496.987294486542,-9.79167204158785
PROJ-0084,2023-08-01,2023-08,33807.28585119798,27761.56744198293,-17.88288606138081
PROJ-0084,2023-09-01,2023-09,33807.28585119798,36845.31263515957,8.986307854861238
PROJ-0084,2023-10-01,2023-10,33807.28585119798,34701.675689812946,2.6455535133805412
PROJ-0084,2023-11-01,2023-11,33807.28585119798,43083.06516423249,27.43721975748555
PROJ-0084,2023-12-01,2023-12,33807.28585119798,28070.272400510097,-16.969754614254512
PROJ-0084,2024-01-01,2024-01,33807.28585119798,38631.506829437945,14.269767172300284
PROJ-0084,2024-02-01,2024-02,33807.28585119798,27467.84878487702,-18.75168889399714
PROJ-0084,2024-03-01,2024-03,33807.28585119798,29943.69078931744,-11.428291164472864
PROJ-0084,2024-04-01,2024-04,33807.28585119798,34712.96613420427,2.678949996141707
PROJ-0084,2024-05-01,2024-05,33807.28585119798,34734.83003079302,2.7436221401434118
PROJ-0084,2024-06-01,2024-06,33807.28585119798,38636.66581259806,14.285027146682197
PROJ-0084,2024-07-01,2024-07,33807.28585119798,42431.74480858872,25.510651743387832
PROJ-0084,2024-08-01,2024-08,33807.28585119798,37847.800113230835,11.95160794574604
PROJ-0084,2024-09-01,2024-09,33807.28585119798,43164.04549206638,27.67675489257544
PROJ-0084,2024-10-01,2024-10,33807.28585119798,41948.34465507953,24.080781993899883
PROJ-0084,2024-11-01,2024-11,33807.28585119798,36926.004514696484,9.224989776539513
PROJ-0084,2024-12-01,2024-12,33807.28585119798,41139.9500935288,21.689597545941368
PROJ-0084,2025-01-01,2025-01,33807.28585119798,37907.731157853785,12.128880516181702
PROJ-0084,2025-02-01,2025-02,33807.28585119798,28373.742203902646,-16.07210845381364
PROJ-0084,2025-03-01,2025-03,33807.28585119798,39564.07032623217,17.028236162975496
PROJ-0084,2025-04-01,2025-04,33807.28585119798,28650.12708276679,-15.254577936632689
PROJ-0084,2025-05-01,2025-05,33807.28585119798,37087.991871955775,9.70413902848562
PROJ-0084,2025-06-01,2025-06,33807.28585119798,38923.007825955254,15.132010292911446
PROJ-0084,2025-07-01,2025-07,33807.28585119798,28170.38761484883,-16.67361958945724
PROJ-0085,2023-02-01,2023-02,54179.75396226415,49596.00195258402,-8.460267303673412
PROJ-0085,2023-03-01,2023-03,54179.75396226415,68149.25129681801,25.783611613082492
PROJ-0085,2023-04-01,2023-04,54179.75396226415,60039.68694608936,10.815724611644818
PROJ-0085,2023-05-01,2023-05,54179.75396226415,50015.661121561396,-7.685699059473421
PROJ-0085,2023-06-01,2023-06,54179.75396226415,62054.23320356727,14.533988557400328
PROJ-0085,2023-07-01,2023-07,54179.75396226415,59510.402971813906,9.83882099808448
PROJ-0085,2023-08-01,2023-08,54179.75396226415,56931.42717731376,5.0787849958974185
PROJ-0085,2023-09-01,2023-09,54179.75396226415,69788.58823282196,28.809348749404187
PROJ-0085,2023-10-01,2023-10,54179.75396226415,61858.48192207076,14.172688870375445
PROJ-0085,2023-11-01,2023-11,54179.75396226415,53514.45664437479,-1.2279445166043672
PROJ-0085,2023-12-01,2023-12,54179.75396226415,65017.6940206458,20.0036716038434
PROJ-0085,2024-01-01,2024-01,54179.75396226415,67307.055754611,24.229164646059388
PROJ-0085,2024-02-01,2024-02,54179.75396226415,46736.01272263081,-13.738972024158429
PROJ-0085,2024-03-01,2024-03,54179.75396226415,48776.75866783929,-9.972351107736676
PROJ-0085,2024-04-01,2024-04,54179.75396226415,49201.366247080994,-9.188649543611016
PROJ-0085,2024-05-01,2024-05,54179.75396226415,62068.64605399842,14.560590469327018
PROJ-0085,2024-06-01,2024-06,54179.75396226415,59680.070530961384,10.151977752664166
PROJ-0085,2024-07-01,2024-07,54179.75396226415,60112.20850985453,10.949578234929408
PROJ-0085,2024-08-01,2024-08,54179.75396226415,68829.2361255336,27.038664984475048
PROJ-0085,2024-09-01,2024-09,54179.75396226415,64363.15114180287,18.795576640365297
PROJ-0085,2024-10-01,2024-10,54179.75396226415,46809.598716179906,-13.603153774410842
PROJ-0085,2024-11-01,2024-11,54179.75396226415,52757.7272827816,-2.6246458787409495
PROJ-0085,2024-12-01,2024-12,54179.75396226415,55138.56348307854,1.7696823087867806
PROJ-0085,2025-01-01,2025-01,54179.75396226415,54070.35389823755,-0.20192056261975466
PROJ-0085,2025-02-01,2025-02,54179.75396226415,61475.291054419235,13.465430458093962
PROJ-0085,2025-03-01,2025-03,54179.75396226415,67505.07761735172,24.594655162828126
PROJ-0085,2025-04-01,2025-04,54179.75396226415,51634.699666539076,-4.697426823860599
PROJ-0085,2025-05-01,2025-05,54179.75396226415,58294.086904160686,7.593856821059283
PROJ-0085,2025-06-01,2025-06,54179.75396226415,64728.80729719694,19.47047109567928
PROJ-0085,2025-07-01,2025-07,54179.75396226415,54619.09918125742,0.8109029422674681
PROJ-0086,2024-03-01,2024-03,174702.68185328186,154447.48943238117,-11.594093580035207
PROJ-0086,2024-04-01,2024-04,174702.68185328186,181249.74917281637,3.7475482631874115
PROJ-0086,2024-05-01,2024-05,174702.68185328186,144585.90671887828,-17.238873962848576
PROJ-0086,2024-06-01,2024-06,174702.68185328186,222080.6038568038,27.119172700113843
PROJ-0086,2024-07-01,2024-07,174702.68185328186,146297.87808615374,-16.25893974025135
PROJ-0086,2024-08-01,2024-08,174702.68185328186,178061.92749805388,1.9228357625289085
PROJ-0086,2024-09-01,2024-09,174702.68185328186,186047.98417060776,6.494063054426309
PROJ-0086,2024-10-01,2024-10,174702.68185328186,225829.756453078,29.265191614364277
PROJ-0086,2024-11-01,2024-11,174702.68185328186,154264.3744009157,-11.69890881785696
PROJ-0087,2023-04-01,2023-04,21347.512749391728,18299.424350768175,-14.278424069382073
PROJ-0087,2023-05-01,2023-05,21347.512749391728,17170.93749222125,-19.56469264687282
PROJ-0087,2023-06-01,2023-06,21347.512749391728,18738.541815517692,-12.221428156534884
PROJ-0087,2023-07-01,2023-07,21347.512749391728,19290.3914811391,-9.63635104661662
PROJ-0087,2023-08-01,2023-08,21347.512749391728,23808.677544497634,11.529047079154616
PROJ-0087,2023-09-01,2023-09,21347.512749391728,19423.10695401756,-9.01466048042998
PROJ-0087,2023-10-01,2023-10,21347.512749391728,17297.044376544472,-18.97395926353374
PROJ-0087,2023-11-01,2023-11,21347.512749391728,25901.13303426112,21.330917275124435
PROJ-0087,2023-12-01,2023-12,21347.512749391728,20980.289643665878,-1.7202149498016617
PROJ-0087,2024-01-01,2024-01,21347.512749391728,20853.282462613297,-2.315165670963303
PROJ-0087,2024-02-01,2024-02,21347.512749391728,20306.597665306355,-4.876048541603671
PROJ-0087,2024-03-01,2024-03,21347.512749391728,27488.906934162987,28.768663857321044
PROJ-0087,2024-04-01,2024-04,21347.512749391728,18893.780719452374,-11.494229134535926
PROJ-0087,2024-05-01,2024-05,21347.512749391728,26665.5844606287,24.911903197661758
PROJ-0087,2024-06-01,2024-06,21347.512749391728,25369.4197178265,18.840166606994394
PROJ-0087,2024-07-01,2024-07,21347.512749391728,17894.33861206063,-16.176002225034345
PROJ-0087,2024-08-01,2024-08,21347.512749391728,27610.11623675599,29.336455075042437
PROJ-0087,2024-09-01,2024-09,21347.512749391728,19974.50438271338,-6.4317018230494725
PROJ-0087,2024-10-01,2024-10,21347.512749391728,18130.260345255032,-15.070853648879384
PROJ-0087,2024-11-01,2024-11,21347.512749391728,25929.908292639226,21.46571170628797
PROJ-0087,2024-12-01,2024-12,21347.512749391728,24620.89268194733,15.333776683884992
PROJ-0087,2025-01-01,2025-01,21347.512749391728,23666.053363334795,10.860940293895041
PROJ-0087,2025-02-01,2025-02,21347.512749391728,18742.911937750436,-12.200956815053342
PROJ-0087,2025-03-01,2025-03,21347.512749391728,22185.36117066767,3.9248058127980947
PROJ-0087,2025-04-01,2025-04,21347.512749391728,25409.475067308056,19.02780134436069
PROJ-0087,2025-05-01,2025-05,21347.512749391728,20318.81814478646,-4.818803092807988
PROJ-0087,2025-06-01,2025-06,21347.512749391728,20404.911493553667,-4.4155085742479265
PROJ-0087,2025-07-01,2025-07,21347.512749391728,17111.535465466848,-19.842954697593893
PROJ-0088,2024-03-01,2024-03,68467.50738916257,60739.01160616398,-11.287829917731022
PROJ-0088,2024-04-01,2024-04,68467.50738916257,84742.42646460189,23.770281256091714
PROJ-0088,2024-05-01,2024-05,68467.50738916257,69896.64650150073,2.0873245818853547
PROJ-0088,2024-06-01,2024-06,68467.50738916257,88468.04733583122,29.2117249617217
PROJ-0088,2024-07-01,2024-07,68467.50738916257,68320.57487129961,-0.21460182131037087
PROJ-0088,2024-08-01,2024-08,68467.50738916257,79257.52284997763,15.759322739012063
PROJ-0088,2024-09-01,2024-09,68467.50738916257,64425.152987942645,-5.904047854763544
PROJ-0088,2024-10-01,2024-10,68467.50738916257,67228.57555786277,-1.809517942953324
PROJ-0089,2023-02-01,2023-02,50076.63878651685,44836.769223108946,-10.463700620455267
PROJ-0089,2023-03-01,2023-03,50076.63878651685,48751.169461082085,-2.6468815750302497
PROJ-0089,2023-04-01,2023-04,50076.63878651685,53763.21884948032,7.361876021032156
PROJ-0089,2023-05-01,2023-05,50076.63878651685,64893.637188744,29.588644048962472
PROJ-0089,2023-06-01,2023-06,50076.63878651685,56691.80566265424,13.210085653589282
PROJ-0089,2023-07-01,2023-07,50076.63878651685,45050.094873503454,-10.037702279584298
PROJ-0089,2023-08-01,2023-08,50076.63878651685,41187.069964164075,-17.751927920422442
PROJ-0089,2023-09-01,2023-09,50076.63878651685,43225.06496577449,-13.68217593427447
PROJ-0089,2023-10-01,2023-10,50076.63878651685,54146.74783502682,8.127760063652367
PROJ-0089,2023-11-01,2023-11,50076.63878651685,59219.639729178314,18.25801644083832
PROJ-0089,2023-12-01,2023-12,50076.63878651685,63607.82750516448,27.020960365037347
PROJ-0089,2024-01-01,2024-01,50076.63878651685,40457.496663484344,-19.20884140015896
PROJ-0089,2024-02-01,2024-02,50076.63878651685,53150.34641970456,6.138007078093491
PROJ-0089,2024-03-01,2024-03,50076.63878651685,51851.038286188574,3.543367811158838
PROJ-0089,2024-04-01,2024-04,50076.63878651685,56487.82620899233,12.802751098785201
PROJ-0089,2024-05-01,2024-05,50076.63878651685,54072.225113030385,7.978942723267096
PROJ-0089,2024-06-01,2024-06,50076.63878651685,57263.616717170604,14.351957529124029
PROJ-0089,2024-07-01,2024-07,50076.63878651685,56538.59297330477,12.904129237459514
PROJ-0089,2024-08-01,2024-08,50076.63878651685,42991.08796896281,-14.149413757102689
PROJ-0089,2024-09-01,2024-09,50076.63878651685,60084.903574909236,19.985895680935982
PROJ-0089,2024-10-01,2024-10,50076.63878651685,43146.847619652726,-13.838371214183757
PROJ-0089,2024-11-01,2024-11,50076.63878651685,57551.343929172355,14.926531260456855
PROJ-0089,2024-12-01,2024-12,50076.63878651685,50480.89165822394,0.8072683820303368
PROJ-0089,2025-01-01,2025-01,50076.63878651685,52927.2698420028,5.6925367288298965
PROJ-0089,2025-02-01,2025-02,50076.63878651685,62678.37522044866,25.164900718785525
PROJ-0089,2025-03-01,2025-03,50076.63878651685,62342.503995519655,24.494186323674327
PROJ-0089,2025-04-01,2025-04,50076.63878651685,60539.0584279945,20.892815282751478
PROJ-0089,2025-05-01,2025-05,50076.63878651685,52834.56911703241,5.507419022816162
PROJ-0089,2025-06-01,2025-06,50076.63878651685,58495.51854537634,16.811990506691657
PROJ-0089,2025-07-01,2025-07,50076.63878651685,52903.39132115523,5.644852775940468
PROJ-0090,2023-07-01,2023-07,43777.52846050871,54056.62528089249,23.480304123738875
PROJ-0090,2023-08-01,2023-08,43777.52846050871,43838.28801968615,0.13879166164499424
PROJ-0090,2023-09-01,2023-09,43777.52846050871,56259.27547016383,28.51176722074384
PROJ-0090,2023-10-01,2023-10,43777.52846050871,55429.4158097793,26.61613791144388
PROJ-0090,2023-11-01,2023-11,43777.52846050871,51254.78765812614,17.080130972589274
PROJ-0090,2023-12-01,2023-12,43777.52846050871,41138.09117932506,-6.0292057911964
PROJ-0090,2024-01-01,2024-01,43777.52846050871,37903.75713356946,-13.41732056033708
PROJ-0090,2024-02-01,2024-02,43777.52846050871,53730.425074281935,22.73517250465987
PROJ-0090,2024-03-01,2024-03,43777.52846050871,38640.285536402844,-11.734885693101937
PROJ-0090,2024-04-01,2024-04,43777.52846050871,53720.735769920706,22.713039449866784
PROJ-0090,2024-05-01,2024-05,43777.52846050871,45764.26229279302,4.538250335618024
PROJ-0090,2024-06-01,2024-06,43777.52846050871,43921.04835539305,0.3278391904052107
PROJ-0090,2024-07-01,2024-07,43777.52846050871,54791.752781253585,25.159538941721458
PROJ-0090,2024-08-01,2024-08,43777.52846050871,48239.57455543854,10.192549127013894
PROJ-0090,2024-09-01,2024-09,43777.52846050871,47643.39082233157,8.830700356485888
PROJ-0090,2024-10-01,2024-10,43777.52846050871,47252.71879018577,7.9382972312198845
PROJ-0090,2024-11-01,2024-11,43777.52846050871,43146.46479401611,-1.44152419902343
PROJ-0090,2024-12-01,2024-12,43777.52846050871,52218.77943068135,19.282155176456364
PROJ-0090,2025-01-01,2025-01,43777.52846050871,40555.468307243376,-7.36007779921135
PROJ-0090,2025-02-01,2025-02,43777.52846050871,55573.273185724516,26.944748002063754
PROJ-0090,2025-03-01,2025-03,43777.52846050871,54590.25414701548,24.69926025234804
PROJ-0090,2025-04-01,2025-04,43777.52846050871,42409.05004945427,-3.1259837162550923
PROJ-0090,2025-05-01,2025-05,43777.52846050871,50989.08324076478,16.473188491583187
PROJ-0090,2025-06-01,2025-06,43777.52846050871,47569.170123027325,8.661159722479574
PROJ-0090,2025-07-01,2025-07,43777.52846050871,42412.74873237816,-3.117534900038269
PROJ-0091,2023-05-01,2023-05,222263.70211055278,287667.2022383886,29.426082399772334
PROJ-0091,2023-06-01,2023-06,222263.70211055278,180615.63464828202,-18.73813270758679
PROJ-0091,2023-07-01,2023-07,222263.70211055278,205887.98273315385,-7.367698468935668
PROJ-0091,2023-08-01,2023-08,222263.70211055278,235607.75478555931,6.003703055557519
PROJ-0091,2023-09-01,2023-09,222263.70211055278,235816.56512887616,6.097650173928194
PROJ-0091,2023-10-01,2023-10,222263.70211055278,243260.18445481858,9.446653747278205
PROJ-0091,2023-11-01,2023-11,222263.70211055278,261346.1260794936,17.58380860114596
PROJ-0091,2023-12-01,2023-12,222263.70211055278,247099.20708597952,11.17389152596482
PROJ-0092,2023-08-01,2023-08,34232.804487179485,37660.902527511,10.01407302640185
PROJ-0092,2023-09-01,2023-09,34232.804487179485,28302.218662812902,-17.324276854347836
PROJ-0092,2023-10-01,2023-10,34232.804487179485,33831.087452439824,-1.173485610535085
PROJ-0092,2023-11-01,2023-11,34232.804487179485,31358.202973402334,-8.3972130149422
PROJ-0092,2023-12-01,2023-12,34232.804487179485,31928.4251633493,-6.731494419901228
PROJ-0092,2024-01-01,2024-01,34232.804487179485,36874.506779248535,7.7168737170172435
PROJ-0092,2024-02-01,2024-02,34232.804487179485,30801.056809812817,-10.02473425351958
PROJ-0092,2024-03-01,2024-03,34232.804487179485,32417.594641890402,-5.3025449491551235
PROJ-0092,2024-04-01,2024-04,34232.804487179485,31444.28082653061,-8.145764574132995
PROJ-0092,2024-05-01,2024-05,34232.804487179485,43621.20149509497,27.425147160909738
PROJ-0092,2024-06-01,2024-06,34232.804487179485,43555.52224731926,27.233286608554756
PROJ-0093,2023-11-01,2023-11,113573.25271523179,125495.12556016131,10.497077929802586
PROJ-0093,2023-12-01,2023-12,113573.25271523179,143359.11416328445,26.226123436594996
PROJ-0093,2024-01-01,2024-01,113573.25271523179,135482.25125748763,19.29063227341866
PROJ-0093,2024-02-01,2024-02,113573.25271523179,124359.75216331832,9.497394140090439
PROJ-0093,2024-03-01,2024-03,113573.25271523179,91224.0361229862,-19.678239425160214
PROJ-0093,2024-04-01,2024-04,113573.25271523179,134727.19586494964,18.625814303970202
PROJ-0094,2024-03-01,2024-03,23258.617040358746,26776.347288448454,15.124417079423445
PROJ-0094,2024-04-01,2024-04,23258.617040358746,25761.86818447566,10.7626826641207
PROJ-0094,2024-05-01,2024-05,23258.617040358746,27450.102559087503,18.02121558412359
PROJ-0094,2024-06-01,2024-06,23258.617040358746,24571.823733291025,5.646108238738286
PROJ-0094,2024-07-01,2024-07,23258.617040358746,26794.89521838001,15.204163566066953
PROJ-0094,2024-08-01,2024-08,23258.617040358746,29482.29834828933,26.758604336324666
PROJ-0094,2024-09-01,2024-09,23258.617040358746,22977.24610499203,-1.2097492076956868
PROJ-0094,2024-10-01,2024-10,23258.617040358746,26841.86092022189,15.406091745031269
PROJ-0095,2023-07-01,2023-07,723119.2105882353,750484.8681938506,3.784390900547937
PROJ-0095,2023-08-01,2023-08,723119.2105882353,822331.0403909417,13.719982590699075
PROJ-0096,2023-03-01,2023-03,185521.30344827587,219183.52576064496,18.144666777718207
PROJ-0096,2023-04-01,2023-04,185521.30344827587,152633.2463215368,-17.7273749782102
PROJ-0096,2023-05-01,2023-05,185521.30344827587,208396.12134441547,12.330022197433095
PROJ-0097,2023-07-01,2023-07,269245.2519587629,245920.69522954835,-8.662940779652772
PROJ-0097,2023-08-01,2023-08,269245.2519587629,305597.74129829416,13.50162689037834
PROJ-0097,2023-09-01,2023-09,269245.2519587629,278444.0410228323,3.4165092966906734
PROJ-0097,2023-10-01,2023-10,269245.2519587629,319533.903010412,18.677637093244357
PROJ-0097,2023-11-01,2023-11,269245.2519587629,232008.74335798406,-13.829959239720178
PROJ-0097,2023-12-01,2023-12,269245.2519587629,299713.36125654884,11.316117582809756
PROJ-0097,2024-01-01,2024-01,269245.2519587629,252884.66235362992,-6.076463553622384
PROJ-0098,2023-07-01,2023-07,55934.14084210526,68602.72020498486,22.649099766529574
PROJ-0098,2023-08-01,2023-08,55934.14084210526,70711.47955355853,26.41917528181537
PROJ-0098,2023-09-01,2023-09,55934.14084210526,72613.65392042304,29.819914683952774
PROJ-0098,2023-10-01,2023-10,55934.14084210526,67009.30775304722,19.800370121364168
PROJ-0098,2023-11-01,2023-11,55934.14084210526,65827.04650009086,17.686703521400226
PROJ-0098,2023-12-01,2023-12,55934.14084210526,50774.237572723294,-9.224962056622449
PROJ-0098,2024-01-01,2024-01,55934.14084210526,54144.44575443137,-3.199647050494562
PROJ-0098,2024-02-01,2024-02,55934.14084210526,57771.08911300467,3.2841270881139764
PROJ-0098,2024-03-01,2024-03,55934.14084210526,66376.51489931786,18.669052389112487
PROJ-0098,2024-04-01,2024-04,55934.14084210526,70336.22745517909,25.74829325389843
PROJ-0098,2024-05-01,2024-05,55934.14084210526,50036.97920340153,-10.54304499885077
PROJ-0098,2024-06-01,2024-06,55934.14084210526,70543.22907154215,26.118374233505143
PROJ-0098,2024-07-01,2024-07,55934.14084210526,64201.896312690405,14.781232617702898
PROJ-0098,2024-08-01,2024-08,55934.14084210526,61828.78070987046,10.538536534251932
PROJ-0098,2024-09-01,2024-09,55934.14084210526,50336.28758065889,-10.007936435903025
PROJ-0098,2024-10-01,2024-10,55934.14084210526,46300.18517638898,-17.223748359542473
PROJ-0098,2024-11-01,2024-11,55934.14084210526,60645.610522152296,8.423244925396997
PROJ-0098,2024-12-01,2024-12,55934.14084210526,62968.297669763575,12.57578416644462
PROJ-0098,2025-01-01,2025-01,55934.14084210526,50642.25231123831,-9.460927532265588
PROJ-0098,2025-02-01,2025-02,55934.14084210526,60309.76256823651,7.82281029127282
PROJ-0098,2025-03-01,2025-03,55934.14084210526,68700.9239839121,22.82467013812868
PROJ-0098,2025-04-01,2025-04,55934.14084210526,68101.66077644765,21.753297272751
PROJ-0098,2025-05-01,2025-05,55934.14084210526,70682.72031446916,26.36775902931486
PROJ-0098,2025-06-01,2025-06,55934.14084210526,54980.066875625336,-1.7057095221559777
PROJ-0098,2025-07-01,2025-07,55934.14084210526,53642.22746660144,-4.0975213724540644
PROJ-0099,2023-04-01,2023-04,16984.352038369303,19951.739186839,17.471300299040436
PROJ-0099,2023-05-01,2023-05,16984.352038369303,17248.564058833246,1.5556202548502505
PROJ-0099,2023-06-01,2023-06,16984.352038369303,14330.960295863815,-15.622566798610968
PROJ-0099,2023-07-01,2023-07,16984.352038369303,15989.078610773766,-5.8599434664750145
PROJ-0099,2023-08-01,2023-08,16984.352038369303,17142.156077941458,0.929114276574456
PROJ-0099,2023-09-01,2023-09,16984.352038369303,16071.582604342484,-5.374178726187399
PROJ-0099,2023-10-01,2023-10,16984.352038369303,16408.62981373383,-3.3897214526339177
PROJ-0099,2023-11-01,2023-11,16984.352038369303,16082.278336123845,-5.311204691280462
PROJ-0099,2023-12-01,2023-12,16984.352038369303,13939.899863063723,-17.92504164084603
PROJ-0099,2024-01-01,2024-01,16984.352038369303,18997.80197098639,11.854735041222128
PROJ-0099,2024-02-01,2024-02,16984.352038369303,18659.793999261932,9.864621017673464
PROJ-0099,2024-03-01,2024-03,16984.352038369303,19136.129307807063,12.66917492393403
PROJ-0099,2024-04-01,2024-04,16984.352038369303,15220.611118044108,-10.384505198318626
PROJ-0099,2024-05-01,2024-05,16984.352038369303,16098.232038940021,-5.217272919375736
PROJ-0099,2024-06-01,2024-06,16984.352038369303,18849.36914660198,10.980796347246116
PROJ-0099,2024-07-01,2024-07,16984.352038369303,18679.62448801279,9.98137842299607
PROJ-0099,2024-08-01,2024-08,16984.352038369303,17887.327741580102,5.316515467713391
PROJ-0099,2024-09-01,2024-09,16984.352038369303,16563.2526292366,-2.4793374994901285
PROJ-0099,2024-10-01,2024-10,16984.352038369303,21340.252416613213,25.6465502387345
PROJ-0099,2024-11-01,2024-11,16984.352038369303,16472.870334378244,-3.011487885057811
PROJ-0099,2024-12-01,2024-12,16984.352038369303,17456.67970487301,2.780957821862579
PROJ-0099,2025-01-01,2025-01,16984.352038369303,19346.14364420221,13.90569154771044
PROJ-0099,2025-02-01,2025-02,16984.352038369303,18198.915203805514,7.151071543338208
PROJ-0099,2025-03-01,2025-03,16984.352038369303,16533.298400568532,-2.655701181780721
PROJ-0099,2025-04-01,2025-04,16984.352038369303,17287.05387309294,1.782239522825492
PROJ-0099,2025-05-01,2025-05,16984.352038369303,20334.352579773196,19.724040892675305
PROJ-0099,2025-06-01,2025-06,16984.352038369303,15949.403375154932,-6.093542225669378
PROJ-0099,2025-07-01,2025-07,16984.352038369303,14795.538166531476,-12.88723801115923
PROJ-0100,2023-12-01,2023-12,93249.09126436782,89200.3650055275,-4.341839908511146
PROJ-0100,2024-01-01,2024-01,93249.09126436782,114208.41980761146,22.476710774395066
PROJ-0100,2024-02-01,2024-02,93249.09126436782,78748.37803260902,-15.550514257182666
PROJ-0100,2024-03-01,2024-03,93249.09126436782,120836.65183770574,29.58480366862259
PROJ-0100,2024-04-01,2024-04,93249.09126436782,99823.28735969083,7.050144946383124
PROJ-0100,2024-05-01,2024-05,93249.09126436782,120517.25834175014,29.242287198354703
PROJ-0100,2024-06-01,2024-06,93249.09126436782,118379.55454149934,26.949821104298877
PROJ-0101,2023-05-01,2023-05,141650.06033707864,145390.59323937944,2.6406857105458386
PROJ-0101,2023-06-01,2023-06,141650.06033707864,127378.18461677255,-10.075446269732545
PROJ-0101,2023-07-01,2023-07,141650.06033707864,124998.0175442217,-11.755761171743078
PROJ-0101,2023-08-01,2023-08,141650.06033707864,130317.30220588122,-8.000531806502124
PROJ-0101,2023-09-01,2023-09,141650.06033707864,163615.21396131074,15.506632028226868
PROJ-0101,2023-10-01,2023-10,141650.06033707864,132651.73988102318,-6.352500263425608
PROJ-0101,2023-11-01,2023-11,141650.06033707864,137501.50328968902,-2.928736519785083
PROJ-0101,2023-12-01,2023-12,141650.06033707864,145104.8206015825,2.4389401997307374
PROJ-0101,2024-01-01,2024-01,141650.06033707864,177999.7804114086,25.661634021072814
PROJ-0101,2024-02-01,2024-02,141650.06033707864,126733.84280507991,-10.530329105757696
PROJ-0101,2024-03-01,2024-03,141650.06033707864,113676.05400989596,-19.748672369509844
PROJ-0101,2024-04-01,2024-04,141650.06033707864,117576.37834771773,-16.99517948109149
PROJ-0101,2024-05-01,2024-05,141650.06033707864,177400.15171463622,25.2383170840059
PROJ-0102,2023-12-01,2023-12,181427.22585365854,203880.33863847653,12.375823242168153
PROJ-0102,2024-01-01,2024-01,181427.22585365854,169910.28173793125,-6.347969033609662
PROJ-0102,2024-02-01,2024-02,181427.22585365854,161215.55263319283,-11.140374949440444
PROJ-0102,2024-03-01,2024-03,181427.22585365854,171835.77952746724,-5.286663168144283
PROJ-0102,2024-04-01,2024-04,181427.22585365854,155555.42470678885,-14.260153637435995
PROJ-0102,2024-05-01,2024-05,181427.22585365854,230551.63266434066,27.07664551422205
PROJ-0102,2024-06-01,2024-06,181427.22585365854,216279.95603912725,19.21030871826334
PROJ-0102,2024-07-01,2024-07,181427.22585365854,187086.9549261521,3.1195588456270364
PROJ-0102,2024-08-01,2024-08,181427.22585365854,223605.66363952914,23.248130255760096
PROJ-0103,2023-12-01,2023-12,125914.59878787879,116436.89388426655,-7.5270897853383865
PROJ-0103,2024-01-01,2024-01,125914.59878787879,145879.65336115894,15.85602842360968
PROJ-0103,2024-02-01,2024-02,125914.59878787879,154631.4690915928,22.806624950687173
PROJ-0103,2024-03-01,2024-03,125914.59878787879,123192.87362235943,-2.1615644188363703
PROJ-0103,2024-04-01,2024-04,125914.59878787879,148419.5949028081,17.873222272535884
PROJ-0103,2024-05-01,2024-05,125914.59878787879,119308.6372658092,-5.246382536784532
PROJ-0103,2024-06-01,2024-06,125914.59878787879,119546.91717082087,-5.057143237048461
PROJ-0103,2024-07-01,2024-07,125914.59878787879,107471.70987280934,-14.647141072290697
PROJ-0103,2024-08-01,2024-08,125914.59878787879,128436.54521510736,2.002902325469936
PROJ-0103,2024-09-01,2024-09,125914.59878787879,146672.36999898354,16.485595324871113
PROJ-0103,2024-10-01,2024-10,125914.59878787879,159925.4417830653,27.011040278564245
PROJ-0103,2024-11-01,2024-11,125914.59878787879,138745.10702434313,10.189849596454803
PROJ-0104,2023-11-01,2023-11,94379.22,116234.40540288981,23.15677688678695
PROJ-0104,2023-12-01,2023-12,94379.22,114316.5777270926,21.124732464511354
PROJ-0104,2024-01-01,2024-01,94379.22,83683.36706611284,-11.332847351235957
PROJ-0104,2024-02-01,2024-02,94379.22,98428.91100158982,4.2908714456315735
PROJ-0104,2024-03-01,2024-03,94379.22,81020.95204126438,-14.153823223730427
PROJ-0104,2024-04-01,2024-04,94379.22,107693.91765436054,14.107658078081748
PROJ-0104,2024-05-01,2024-05,94379.22,120328.77088366172,27.494983412303796
PROJ-0104,2024-06-01,2024-06,94379.22,81972.57406184787,-13.145527096062175
PROJ-0104,2024-07-01,2024-07,94379.22,110135.03472815092,16.694156540127068
PROJ-0104,2024-08-01,2024-08,94379.22,105338.44776657553,11.611907543393048
PROJ-0104,2024-09-01,2024-09,94379.22,103043.4700904478,9.180251850404986
PROJ-0104,2024-10-01,2024-10,94379.22,93912.99772805121,-0.4939882655830381
PROJ-0104,2024-11-01,2024-11,94379.22,92261.89995615979,-2.243417612309372
PROJ-0104,2024-12-01,2024-12,94379.22,77638.6675826176,-17.73754054905561
PROJ-0104,2025-01-01,2025-01,94379.22,85786.4029580163,-9.104564587399327
PROJ-0104,2025-02-01,2025-02,94379.22,76219.56715613126,-19.241155885658657
PROJ-0104,2025-03-01,2025-03,94379.22,102940.22245974437,9.070855279101025
PROJ-0104,2025-04-01,2025-04,94379.22,80498.54891831652,-14.707338206104557
PROJ-0104,2025-05-01,2025-05,94379.22,116700.82072669864,23.650969701485806
PROJ-0104,2025-06-01,2025-06,94379.22,100190.29112092115,6.157151034858263
PROJ-0104,2025-07-01,2025-07,94379.22,108521.4699294159,14.98449545293542
PROJ-0105,2023-02-01,2023-02,157350.3342056075,158204.51772040906,0.542854592024824
PROJ-0105,2023-03-01,2023-03,157350.3342056075,169983.97751210132,8.028990450052433
PROJ-0105,2023-04-01,2023-04,157350.3342056075,200044.13563332713,27.132958848331526
PROJ-0105,2023-05-01,2023-05,157350.3342056075,132389.38175696827,-15.863298018816462
PROJ-0105,2023-06-01,2023-06,157350.3342056075,145858.86400429648,-7.303111403815192
PROJ-0105,2023-07-01,2023-07,157350.3342056075,187245.9793224094,18.999416345527216
PROJ-0105,2023-08-01,2023-08,157350.3342056075,133648.43361524385,-15.063139655866706
PROJ-0105,2023-09-01,2023-09,157350.3342056075,131832.91735732454,-16.21694480479446
PROJ-0105,2023-10-01,2023-10,157350.3342056075,154324.5973260414,-1.9229300622980716
PROJ-0105,2023-11-01,2023-11,157350.3342056075,133131.5968988289,-15.391602076378383
PROJ-0105,2023-12-01,2023-12,157350.3342056075,171911.41157330715,9.253922110310153
PROJ-0106,2023-11-01,2023-11,601104.2145454546,548890.8750929576,-8.686237459170009
PROJ-0106,2023-12-01,2023-12,601104.2145454546,750087.2819558248,24.78489815996862
PROJ-0106,2024-01-01,2024-01,601104.2145454546,716365.9719827577,19.175004042262835
PROJ-0106,2024-02-01,2024-02,601104.2145454546,691181.2457992592,14.985260304973806
PROJ-0107,2023-11-01,2023-11,158790.9641281139,176015.33976322442,10.847201369225097
PROJ-0107,2023-12-01,2023-12,158790.9641281139,195588.0492087446,23.173286517073166
PROJ-0107,2024-01-01,2024-01,158790.9641281139,144742.89120888064,-8.846896922862156
PROJ-0107,2024-02-01,2024-02,158790.9641281139,196353.66876814788,23.655442138211384
PROJ-0107,2024-03-01,2024-03,158790.9641281139,189714.89292172907,19.474614921202615
PROJ-0107,2024-04-01,2024-04,158790.9641281139,186433.36077498464,17.408041319384274
PROJ-0107,2024-05-01,2024-05,158790.9641281139,171593.93642443887,8.062783903746201
PROJ-0107,2024-06-01,2024-06,158790.9641281139,146583.44516821115,-7.687791951469995
PROJ-0107,2024-07-01,2024-07,158790.9641281139,160660.56226989444,1.1773957995948159
PROJ-0107,2024-08-01,2024-08,158790.9641281139,190038.69597148846,19.678532726940077
PROJ-0108,2023-03-01,2023-03,75118.61039473684,61288.466108476016,-18.41107578213378
PROJ-0108,2023-04-01,2023-04,75118.61039473684,89468.17183840371,19.102538463187912
PROJ-0108,2023-05-01,2023-05,75118.61039473684,69111.77852672021,-7.996462975621675
PROJ-0108,2023-06-01,2023-06,75118.61039473684,65515.04162848046,-12.784539963919848
PROJ-0108,2023-07-01,2023-07,75118.61039473684,64440.54943706127,-14.214934090984892
PROJ-0108,2023-08-01,2023-08,75118.61039473684,61118.37983128207,-18.637499402459245
PROJ-0108,2023-09-01,2023-09,75118.61039473684,79760.43291143945,6.179324261072644
PROJ-0108,2023-10-01,2023-10,75118.61039473684,68292.57748663204,-9.087006365313526
PROJ-0108,2023-11-01,2023-11,75118.61039473684,97257.2579786778,29.47158828898158
PROJ-0108,2023-12-01,2023-12,75118.61039473684,81670.33374617987,8.721837793610288
PROJ-0108,2024-01-01,2024-01,75118.61039473684,65273.76322975321,-13.10573653219948
PROJ-0109,2023-10-01,2023-10,46709.819336492896,53453.84239271566,14.438127040568268
PROJ-0109,2023-11-01,2023-11,46709.819336492896,58334.57537027835,24.887178325486268
PROJ-0109,2023-12-01,2023-12,46709.819336492896,54771.45527018113,17.25897476848072
PROJ-0109,2024-01-01,2024-01,46709.819336492896,39153.10151882393,-16.178006948027615
PROJ-0109,2024-02-01,2024-02,46709.819336492896,58291.14959415981,24.794209059632976
PROJ-0109,2024-03-01,2024-03,46709.819336492896,55910.004558920176,19.696469292998238
PROJ-0109,2024-04-01,2024-04,46709.819336492896,41065.02875629205,-12.084804994719283
PROJ-0110,2024-01-01,2024-01,51443.01049295774,42486.41940310092,-17.41070556335916
PROJ-0110,2024-02-01,2024-02,51443.01049295774,55489.27528123134,7.865528765715425
PROJ-0110,2024-03-01,2024-03,51443.01049295774,45167.88433438599,-12.198209433001155
PROJ-0110,2024-04-01,2024-04,51443.01049295774,62621.343960209284,21.7295476297636
PROJ-0110,2024-05-01,2024-05,51443.01049295774,50371.31514594186,-2.083267166416313
PROJ-0110,2024-06-01,2024-06,51443.01049295774,64635.376201128944,25.644622236828766
PROJ-0110,2024-07-01,2024-07,51443.01049295774,55704.75968196212,8.284408607050288
PROJ-0110,2024-08-01,2024-08,51443.01049295774,45853.017083973624,-10.866380788016594
PROJ-0110,2024-09-01,2024-09,51443.01049295774,44745.101393563804,-13.020056632009995
PROJ-0110,2024-10-01,2024-10,51443.01049295774,55982.14722145843,8.823621877887696
PROJ-0110,2024-11-01,2024-11,51443.01049295774,60751.20171409232,18.094180593122196
PROJ-0110,2024-12-01,2024-12,51443.01049295774,61255.91001291961,19.075282387109105
PROJ-0110,2025-01-01,2025-01,51443.01049295774,48247.303919458005,-6.212129777935937
PROJ-0110,2025-02-01,2025-02,51443.01049295774,46407.94247530181,-9.787662054391626
PROJ-0110,2025-03-01,2025-03,51443.01049295774,41585.40576827861,-19.16218477538088
PROJ-0110,2025-04-01,2025-04,51443.01049295774,58624.43292539108,13.95995756005847
PROJ-0110,2025-05-01,2025-05,51443.01049295774,43123.85925537822,-16.17158707832305
PROJ-0110,2025-06-01,2025-06,51443.01049295774,51977.019853103215,1.038060088296291
PROJ-0110,2025-07-01,2025-07,51443.01049295774,56630.57933287556,10.084108200914805
PROJ-0111,2023-05-01,2023-05,494496.78533333336,627296.1086516128,26.855447245983854
PROJ-0111,2023-06-01,2023-06,494496.78533333336,472690.0054590124,-4.409893152211568
PROJ-0111,2023-07-01,2023-07,494496.78533333336,457353.19396444625,-7.511391877674011
PROJ-0111,2023-08-01,2023-08,494496.78533333336,557337.4749604831,12.70800771430492
PROJ-0111,2023-09-01,2023-09,494496.78533333336,548703.2836183772,10.961951602679083
PROJ-0112,2023-03-01,2023-03,152087.33246753248,146924.71148887745,-3.3945108345937705
PROJ-0112,2023-04-01,2023-04,152087.33246753248,192246.13218447802,26.405091775489325
PROJ-0112,2023-05-01,2023-05,152087.33246753248,185916.29481913053,22.243116374481637
PROJ-0112,2023-06-01,2023-06,152087.33246753248,138702.31993397945,-8.800872706745942
PROJ-0112,2023-07-01,2023-07,152087.33246753248,139855.14188134213,-8.04287272827384
PROJ-0112,2023-08-01,2023-08,152087.33246753248,160627.06256414982,5.61501734435403
PROJ-0112,2023-09-01,2023-09,152087.33246753248,180495.12468578992,18.678605086536017
PROJ-0112,2023-10-01,2023-10,152087.33246753248,125018.8578850508,-17.79798103057678
PROJ-0112,2023-11-01,2023-11,152087.33246753248,174393.61299276503,14.66675768673533
PROJ-0113,2023-08-01,2023-08,440190.30333333334,494825.82081675704,12.411794869104845
PROJ-0113,2023-09-01,2023-09,440190.30333333334,403099.88948445034,-8.425995204350588
PROJ-0113,2023-10-01,2023-10,440190.30333333334,502114.73745456163,14.067650662067436
PROJ-0114,2023-07-01,2023-07,29700.8418206158,37722.789579382574,27.009159562604133
PROJ-0114,2023-08-01,2023-08,29700.8418206158,24455.462946967815,-17.660707751411575
PROJ-0114,2023-09-01,2023-09,29700.8418206158,28507.64102242478,-4.017397235396874
PROJ-0114,2023-10-01,2023-10,29700.8418206158,30267.78213208474,1.908835833317763
PROJ-0114,2023-11-01,2023-11,29700.8418206158,37115.068294478835,24.96301794623448
PROJ-0114,2023-12-01,2023-12,29700.8418206158,38050.660964400384,28.113072330457832
PROJ-0114,2024-01-01,2024-01,29700.8418206158,30355.97179964832,2.2057623248166145
PROJ-0114,2024-02-01,2024-02,29700.8418206158,34898.91107149406,17.50142060710956
PROJ-0114,2024-03-01,2024-03,29700.8418206158,31656.063441000424,6.58305118822415
PROJ-0114,2024-04-01,2024-04,29700.8418206158,31746.976395782724,6.889146737068824
PROJ-0114,2024-05-01,2024-05,29700.8418206158,27890.568310180544,-6.095024246682177
PROJ-0114,2024-06-01,2024-06,29700.8418206158,26982.565026691496,-9.152187706806025
PROJ-0114,2024-07-01,2024-07,29700.8418206158,28037.67406788348,-5.599732703797942
PROJ-0114,2024-08-01,2024-08,29700.8418206158,32022.378528453093,7.816400362853965
PROJ-0114,2024-09-01,2024-09,29700.8418206158,24193.640240638986,-18.54224069889555
PROJ-0114,2024-10-01,2024-10,29700.8418206158,37233.70215061777,25.36244721782029
PROJ-0114,2024-11-01,2024-11,29700.8418206158,26081.552324731125,-12.185814522511189
PROJ-0114,2024-12-01,2024-12,29700.8418206158,27029.082945625476,-8.995566156430673
PROJ-0114,2025-01-01,2025-01,29700.8418206158,31457.292824525197,5.913808822382318
PROJ-0114,2025-02-01,2025-02,29700.8418206158,34306.17663122618,15.505738316863969
PROJ-0114,2025-03-01,2025-03,29700.8418206158,25182.290212792846,-15.213547262780136
PROJ-0114,2025-04-01,2025-04,29700.8418206158,28478.573436040962,-4.11526512264189
PROJ-0114,2025-05-01,2025-05,29700.8418206158,38145.89907439833,28.43373027871786
PROJ-0114,2025-06-01,2025-06,29700.8418206158,27656.576936048605,-6.882851660952715
PROJ-0114,2025-07-01,2025-07,29700.8418206158,28409.599876713317,-4.347492746842656
PROJ-0115,2023-05-01,2023-05,20083.652403486925,24466.89438359657,21.824924530901676
PROJ-0115,2023-06-01,2023-06,20083.652403486925,16571.16651864441,-17.489278415477237
PROJ-0115,2023-07-01,2023-07,20083.652403486925,20732.486615010523,3.2306584404485434
PROJ-0115,2023-08-01,2023-08,20083.652403486925,19878.967494681398,-1.019161777416489
PROJ-0115,2023-09-01,2023-09,20083.652403486925,19246.031143565302,-4.170662004567443
PROJ-0115,2023-10-01,2023-10,20083.652403486925,18935.86759209573,-5.7150202977617734
PROJ-0115,2023-11-01,2023-11,20083.652403486925,16984.484803137653,-15.43129475697954
PROJ-0115,2023-12-01,2023-12,20083.652403486925,19228.348184958544,-4.258708532417559
PROJ-0115,2024-01-01,2024-01,20083.652403486925,16499.246668427753,-17.84737986421657
PROJ-0115,2024-02-01,2024-02,20083.652403486925,23909.22531134904,19.048193182221766
PROJ-0115,2024-03-01,2024-03,20083.652403486925,20065.856218419598,-0.08861030209941845
PROJ-0115,2024-04-01,2024-04,20083.652403486925,20524.527057233965,2.1951916159955793
PROJ-0115,2024-05-01,2024-05,20083.652403486925,25040.24345474059,24.67972932250658
PROJ-0115,2024-06-01,2024-06,20083.652403486925,22674.995701915017,12.902749193061034
PROJ-0115,2024-07-01,2024-07,20083.652403486925,16147.850037892998,-19.59704483289401
PROJ-0115,2024-08-01,2024-08,20083.652403486925,25538.119572826923,27.15874114806425
PROJ-0115,2024-09-01,2024-09,20083.652403486925,18448.285434842983,-8.142776701114439
PROJ-0115,2024-10-01,2024-10,20083.652403486925,17147.564862990355,-14.619290762007058
PROJ-0115,2024-11-01,2024-11,20083.652403486925,23780.331590752157,18.40640891904411
PROJ-0115,2024-12-01,2024-12,20083.652403486925,21092.62814663819,5.023865793335908
PROJ-0115,2025-01-01,2025-01,20083.652403486925,20422.77055817436,1.6885283009008774
PROJ-0115,2025-02-01,2025-02,20083.652403486925,18572.388485763386,-7.524846015862911
PROJ-0115,2025-03-01,2025-03,20083.652403486925,21564.535474396504,7.373574493115932
PROJ-0115,2025-04-01,2025-04,20083.652403486925,18822.244440667917,-6.280769739870628
PROJ-0115,2025-05-01,2025-05,20083.652403486925,25120.461768327834,25.07915026435338
PROJ-0115,2025-06-01,2025-06,20083.652403486925,18227.967906106885,-9.23977601334036
PROJ-0115,2025-07-01,2025-07,20083.652403486925,24947.462644282907,24.21775752278768
PROJ-0116,2023-11-01,2023-11,53961.68118811881,58262.5735694968,7.970271286367847
PROJ-0116,2023-12-01,2023-12,53961.68118811881,65522.65122519229,21.424406694762048
PROJ-0116,2024-01-01,2024-01,53961.68118811881,62402.529132933,15.642299793047748
PROJ-0116,2024-02-01,2024-02,53961.68118811881,61966.76469483041,14.834755571837427
PROJ-0116,2024-03-01,2024-03,53961.68118811881,51920.467485266796,-3.7827096152472137
PROJ-0116,2024-04-01,2024-04,53961.68118811881,49480.08077398621,-8.305153426389825
PROJ-0116,2024-05-01,2024-05,53961.68118811881,48859.23264303291,-9.455688615960593
PROJ-0116,2024-06-01,2024-06,53961.68118811881,66297.09640817746,22.859582852979436
PROJ-0117,2023-12-01,2023-12,325162.0496470588,393515.47294806805,21.021341012950998
PROJ-0117,2024-01-01,2024-01,325162.0496470588,331758.53541200596,2.0286764006153675
PROJ-0117,2024-02-01,2024-02,325162.0496470588,281656.117471264,-13.37976932517727
PROJ-0117,2024-03-01,2024-03,325162.0496470588,322276.6025852442,-0.8873874011270821
PROJ-0117,2024-04-01,2024-04,325162.0496470588,360823.1332089707,10.96717270684557
PROJ-0117,2024-05-01,2024-05,325162.0496470588,334006.9702560424,2.720157723997641
PROJ-0117,2024-06-01,2024-06,325162.0496470588,386973.6105439321,19.00946342414975
PROJ-0118,2023-10-01,2023-10,134068.31852398525,174129.46196938615,29.881141112569274
PROJ-0118,2023-11-01,2023-11,134068.31852398525,120067.0336763488,-10.443395577555158
PROJ-0118,2023-12-01,2023-12,134068.31852398525,138066.96106915345,2.982540982978623
PROJ-0118,2024-01-01,2024-01,134068.31852398525,136145.2983399036,1.5491950960411032
PROJ-0118,2024-02-01,2024-02,134068.31852398525,127666.05575356887,-4.775373362552459
PROJ-0118,2024-03-01,2024-03,134068.31852398525,120533.82123610281,-10.09522416398552
PROJ-0118,2024-04-01,2024-04,134068.31852398525,111658.27061821338,-16.71539417551704
PROJ-0118,2024-05-01,2024-05,134068.31852398525,166721.95241435175,24.35596586118492
PROJ-0118,2024-06-01,2024-06,134068.31852398525,135398.85928583302,0.9924348843158803
PROJ-0118,2024-07-01,2024-07,134068.31852398525,140563.6281428909,4.844775925002445
PROJ-0119,2023-04-01,2023-04,106595.50104417671,134147.3493635665,25.847102410045792
PROJ-0119,2023-05-01,2023-05,106595.50104417671,126650.93703865919,18.81452387579739
PROJ-0119,2023-06-01,2023-06,106595.50104417671,92231.82465307621,-13.474936794140788
PROJ-0119,2023-07-01,2023-07,106595.50104417671,115412.0132091061,8.27099838038712
PROJ-0119,2023-08-01,2023-08,106595.50104417671,108847.45233710647,2.112613825977956
PROJ-0119,2023-09-01,2023-09,106595.50104417671,127765.95769509075,19.860553628938142
PROJ-0119,2023-10-01,2023-10,106595.50104417671,123876.36647793952,16.211627380597463
PROJ-0119,2023-11-01,2023-11,106595.50104417671,122073.47276078,14.520286095553601
PROJ-0119,2023-12-01,2023-12,106595.50104417671,103426.67451833453,-2.972758226005155
PROJ-0120,2023-12-01,2023-12,39227.631404399326,47170.515378525575,20.248186519962722
PROJ-0120,2024-01-01,2024-01,39227.631404399326,32409.698339716535,-17.38043522025694
PROJ-0120,2024-02-01,2024-02,39227.631404399326,34512.95852169178,-12.018754928391639
PROJ-0120,2024-03-01,2024-03,39227.631404399326,37964.95814507727,-3.2188363511044145
PROJ-0120,2024-04-01,2024-04,39227.631404399326,32888.592117209904,-16.159627946535934
PROJ-0120,2024-05-01,2024-05,39227.631404399326,35991.23957415646,-8.25028612326542
PROJ-0120,2024-06-01,2024-06,39227.631404399326,47664.53350904051,21.507549149895908
PROJ-0120,2024-07-01,2024-07,39227.631404399326,49980.93602506149,27.412576889503967
PROJ-0120,2024-08-01,2024-08,39227.631404399326,37356.51959213029,-4.769882211290476
PROJ-0120,2024-09-01,2024-09,39227.631404399326,36570.269353275704,-6.774209800558088
PROJ-0120,2024-10-01,2024-10,39227.631404399326,36871.86802108074,-6.005367387678655
PROJ-0120,2024-11-01,2024-11,39227.631404399326,36829.236119802,-6.114045632457808
PROJ-0120,2024-12-01,2024-12,39227.631404399326,32086.833095061593,-18.20349089070135
PROJ-0120,2025-01-01,2025-01,39227.631404399326,49562.47151181409,26.345817316555404
PROJ-0120,2025-02-01,2025-02,39227.631404399326,35573.54108818246,-9.31509292148358
PROJ-0120,2025-03-01,2025-03,39227.631404399326,39619.98762672515,1.0002037040702483
PROJ-0120,2025-04-01,2025-04,39227.631404399326,31572.101856329624,-19.51565586295161
PROJ-0120,2025-05-01,2025-05,39227.631404399326,48209.87815749135,22.89775454575286
PROJ-0120,2025-06-01,2025-06,39227.631404399326,45722.89052696792,16.557867222745863
PROJ-0120,2025-07-01,2025-07,39227.631404399326,49951.60351236174,27.33780175868516
PROJ-0121,2023-06-01,2023-06,272761.2937931035,324806.25971164595,19.08077395981995
PROJ-0121,2023-07-01,2023-07,272761.2937931035,260992.53208380437,-4.314674397396738
PROJ-0121,2023-08-01,2023-08,272761.2937931035,252014.16404628626,-7.606332063578819
PROJ-0121,2023-09-01,2023-09,272761.2937931035,313364.0364088743,14.885815377664649
PROJ-0122,2024-03-01,2024-03,102992.10621468927,101144.05577075471,-1.7943612494750276
PROJ-0122,2024-04-01,2024-04,102992.10621468927,111551.52349312411,8.310750787630827
PROJ-0122,2024-05-01,2024-05,102992.10621468927,82715.9200320482,-19.687126448676487
PROJ-0122,2024-06-01,2024-06,102992.10621468927,85580.55435207445,-16.905714915976237
PROJ-0122,2024-07-01,2024-07,102992.10621468927,109963.02090281149,6.7683970590825595
PROJ-0122,2024-08-01,2024-08,102992.10621468927,111544.14053980813,8.303582322408253
PROJ-0123,2024-01-01,2024-01,119680.84242774567,140711.93466104864,17.572647222967184
PROJ-0123,2024-02-01,2024-02,119680.84242774567,103641.53425411777,-13.401734018801914
PROJ-0123,2024-03-01,2024-03,119680.84242774567,126453.76583403634,5.65915418783894
PROJ-0123,2024-04-01,2024-04,119680.84242774567,107380.50288903415,-10.27761777841557
PROJ-0123,2024-05-01,2024-05,119680.84242774567,101321.56899232665,-15.340194021865265
PROJ-0123,2024-06-01,2024-06,119680.84242774567,120308.91516530333,0.5247897030277286
PROJ-0123,2024-07-01,2024-07,119680.84242774567,105518.80776350784,-11.833167595547138
PROJ-0123,2024-08-01,2024-08,119680.84242774567,109016.20093487084,-8.91090109038407
PROJ-0123,2024-09-01,2024-09,119680.84242774567,114747.27375998194,-4.122271006524912
PROJ-0123,2024-10-01,2024-10,119680.84242774567,111266.58510066224,-7.0305799628401875
PROJ-0123,2024-11-01,2024-11,119680.84242774567,100986.17407363797,-15.620435129702681
PROJ-0123,2024-12-01,2024-12,119680.84242774567,101125.29990857084,-15.504187757014886
PROJ-0123,2025-01-01,2025-01,119680.84242774567,107308.80034914377,-10.33752923829159
PROJ-0124,2024-02-01,2024-02,302846.0,249932.62391839726,-17.472040602023053
PROJ-0124,2024-03-01,2024-03,302846.0,337136.8012905393,11.322850983846358
PROJ-0125,2023-01-01,2023-01,251585.3490410959,237411.8753637388,-5.633664174554902
PROJ-0125,2023-02-01,2023-02,251585.3490410959,236458.27270488717,-6.012701611546449
PROJ-0125,2023-03-01,2023-03,251585.3490410959,243031.23260130503,-3.400085288111743
PROJ-0125,2023-04-01,2023-04,251585.3490410959,284643.19522797206,13.13981371048608
PROJ-0125,2023-05-01,2023-05,251585.3490410959,310787.64371289074,23.531694074174524
PROJ-0125,2023-06-01,2023-06,251585.3490410959,296755.8546726493,17.954346627781923
PROJ-0125,2023-07-01,2023-07,251585.3490410959,292786.12689476693,16.376461511254746
PROJ-0125,2023-08-01,2023-08,251585.3490410959,262201.1419837867,4.219559280042464
PROJ-0125,2023-09-01,2023-09,251585.3490410959,288543.93584102584,14.690277848370584
PROJ-0126,2023-04-01,2023-04,28334.209563106797,30498.410037716792,7.638118401679158
PROJ-0126,2023-05-01,2023-05,28334.209563106797,25731.01154237026,-9.187473590673555
PROJ-0126,2023-06-01,2023-06,28334.209563106797,25622.460912486098,-9.570581612947464
PROJ-0126,2023-07-01,2023-07,28334.209563106797,26866.384268302474,-5.180399656235828
PROJ-0126,2023-08-01,2023-08,28334.209563106797,35570.80452543349,25.540133548490665
PROJ-0126,2023-09-01,2023-09,28334.209563106797,30422.65105312234,7.370742018986295
PROJ-0126,2023-10-01,2023-10,28334.209563106797,33064.68202621637,16.69526885009347
PROJ-0126,2023-11-01,2023-11,28334.209563106797,27577.101913771665,-2.6720620091726204
PROJ-0126,2023-12-01,2023-12,28334.209563106797,28443.519694591476,0.3857885332612625
PROJ-0126,2024-01-01,2024-01,28334.209563106797,24446.268359995764,-13.72172106813743
PROJ-0126,2024-02-01,2024-02,28334.209563106797,25094.12126649681,-11.435252108916481
PROJ-0126,2024-03-01,2024-03,28334.209563106797,34388.61465441247,21.36782774130728
PROJ-0126,2024-04-01,2024-04,28334.209563106797,30952.837825922146,9.241931584444103
PROJ-0126,2024-05-01,2024-05,28334.209563106797,27449.2254618376,-3.1233767058090542
PROJ-0126,2024-06-01,2024-06,28334.209563106797,34041.44485232216,20.1425604497773
PROJ-0126,2024-07-01,2024-07,28334.209563106797,26159.8409843974,-7.67400471810085
PROJ-0126,2024-08-01,2024-08,28334.209563106797,36494.92516177685,28.801634930010188
PROJ-0126,2024-09-01,2024-09,28334.209563106797,27552.43482995,-2.7591196126915136
PROJ-0126,2024-10-01,2024-10,28334.209563106797,27446.087281911634,-3.1344522924386204
PROJ-0126,2024-11-01,2024-11,28334.209563106797,27086.25629883793,-4.404404723164738
PROJ-0126,2024-12-01,2024-12,28334.209563106797,24397.33429161915,-13.894424203785604
PROJ-0126,2025-01-01,2025-01,28334.209563106797,24241.859261860995,-14.443142633399379
PROJ-0126,2025-02-01,2025-02,28334.209563106797,31849.139584182645,12.405251726706169
PROJ-0126,2025-03-01,2025-03,28334.209563106797,35065.25668396741,23.755902227902347
PROJ-0126,2025-04-01,2025-04,28334.209563106797,33866.75455147129,19.526025513583676
PROJ-0126,2025-05-01,2025-05,28334.209563106797,24666.453720458816,-12.944620298932445
PROJ-0126,2025-06-01,2025-06,28334.209563106797,30396.686736855867,7.279106089603321
PROJ-0126,2025-07-01,2025-07,28334.209563106797,24163.29414638271,-14.720422701168001
PROJ-0127,2024-02-01,2024-02,163032.62299120237,134118.35067080776,-17.735267819346127
PROJ-0127,2024-03-01,2024-03,163032.62299120237,183932.25256787846,12.819292969238361
PROJ-0127,2024-04-01,2024-04,163032.62299120237,174049.74272284724,6.757616684017517
PROJ-0127,2024-05-01,2024-05,163032.62299120237,137112.3666666773,-15.898815739426457
PROJ-0127,2024-06-01,2024-06,163032.62299120237,133274.216886414,-18.25303767970058
PROJ-0127,2024-07-01,2024-07,163032.62299120237,211107.39049320624,29.487820670466732
PROJ-0127,2024-08-01,2024-08,163032.62299120237,132873.32665593855,-18.498933392546405
PROJ-0127,2024-09-01,2024-09,163032.62299120237,166662.40193719414,2.2264126525079817
PROJ-0127,2024-10-01,2024-10,163032.62299120237,171560.77998948924,5.230951230384779
PROJ-0127,2024-11-01,2024-11,163032.62299120237,139986.3434533131,-14.135992609977748
PROJ-0127,2024-12-01,2024-12,163032.62299120237,144207.39098625412,-11.546911078014187
PROJ-0127,2025-01-01,2025-01,163032.62299120237,159103.94488122017,-2.409749679482374
PROJ-0128,2023-01-01,2023-01,244488.86767123287,288701.7303909725,18.083793810683133
PROJ-0128,2023-02-01,2023-02,244488.86767123287,257579.09797422556,5.354121203013335
PROJ-0128,2023-03-01,2023-03,244488.86767123287,273571.0476343915,11.895093727648078
PROJ-0128,2023-04-01,2023-04,244488.86767123287,316023.1998533011,29.258727754533737
PROJ-0128,2023-05-01,2023-05,244488.86767123287,289475.48375952576,18.400271765660484
PROJ-0128,2023-06-01,2023-06,244488.86767123287,248689.36955724962,1.7180749070608847
PROJ-0129,2024-02-01,2024-02,323281.5771779141,330788.4860406949,2.3220960898274363
PROJ-0129,2024-03-01,2024-03,323281.5771779141,358644.06823206623,10.93860385205025
PROJ-0129,2024-04-01,2024-04,323281.5771779141,366175.4187308187,13.268260420945218
PROJ-0129,2024-05-01,2024-05,323281.5771779141,339560.5706496776,5.035546291833565
PROJ-0129,2024-06-01,2024-06,323281.5771779141,362861.1383285838,12.243061140748999
PROJ-0129,2024-07-01,2024-07,323281.5771779141,262429.07269689144,-18.82337527929506
PROJ-0130,2023-06-01,2023-06,394829.54252873565,400677.5334291266,1.4811431948422076
PROJ-0130,2023-07-01,2023-07,394829.54252873565,370930.1305079568,-6.0530961963261625
PROJ-0130,2023-08-01,2023-08,394829.54252873565,341364.57758385874,-13.541277737844482
PROJ-0130,2023-09-01,2023-09,394829.54252873565,335515.58607929834,-15.022674359561243
PROJ-0131,2023-07-01,2023-07,422098.1364383562,464981.65366076864,10.159608280733373
PROJ-0131,2023-08-01,2023-08,422098.1364383562,448183.9167462955,6.1800273576305855
PROJ-0131,2023-09-01,2023-09,422098.1364383562,391197.2007579517,-7.320794150181541
PROJ-0131,2023-10-01,2023-10,422098.1364383562,437072.08023239137,3.547502938625726
PROJ-0132,2023-05-01,2023-05,41035.53108910891,42927.93210765301,4.611615759120415
PROJ-0132,2023-06-01,2023-06,41035.53108910891,36829.57341100925,-10.249550978069209
PROJ-0132,2023-07-01,2023-07,41035.53108910891,46207.917428205474,12.60465309408253
PROJ-0132,2023-08-01,2023-08,41035.53108910891,48851.145134821294,19.045967819304522
PROJ-0132,2023-09-01,2023-09,41035.53108910891,49067.48824032117,19.573177044475948
PROJ-0132,2023-10-01,2023-10,41035.53108910891,45189.759605328036,10.123491535172754
PROJ-0132,2023-11-01,2023-11,41035.53108910891,43326.10535096044,5.581929125950705
PROJ-0132,2023-12-01,2023-12,41035.53108910891,34080.15512801492,-16.949642849730257
PROJ-0133,2023-02-01,2023-02,47128.16008810573,44485.007835807526,-5.608435057419708
PROJ-0133,2023-03-01,2023-03,47128.16008810573,39900.38390818999,-15.336427661091506
PROJ-0133,2023-04-01,2023-04,47128.16008810573,60414.134181736976,28.19115804392368
PROJ-0133,2023-05-01,2023-05,47128.16008810573,40885.56744851078,-13.245992688711965
PROJ-0133,2023-06-01,2023-06,47128.16008810573,41278.97597693488,-12.411229507444897
PROJ-0133,2023-07-01,2023-07,47128.16008810573,58664.58271014217,24.478830916524608
PROJ-0133,2023-08-01,2023-08,47128.16008810573,59945.32969816927,27.196414173822895
PROJ-0133,2023-09-01,2023-09,47128.16008810573,55748.5848510761,18.291451961745494
PROJ-0133,2023-10-01,2023-10,47128.16008810573,37829.89012453938,-19.729753816366507
PROJ-0133,2023-11-01,2023-11,47128.16008810573,37734.25170706604,-19.932686452171815
PROJ-0133,2023-12-01,2023-12,47128.16008810573,46612.12487447408,-1.09496151062746
PROJ-0133,2024-01-01,2024-01,47128.16008810573,41081.50804736784,-12.830231499455373
PROJ-0133,2024-02-01,2024-02,47128.16008810573,38135.780595846154,-19.080692892420135
PROJ-0133,2024-03-01,2024-03,47128.16008810573,48637.83268539095,3.203334470225233
PROJ-0133,2024-04-01,2024-04,47128.16008810573,59924.914107478835,27.153094870348575
PROJ-0133,2024-05-01,2024-05,47128.16008810573,45333.03845331665,-3.809021254878431
PROJ-0133,2024-06-01,2024-06,47128.16008810573,53281.69993735781,13.057033921434822
PROJ-0133,2024-07-01,2024-07,47128.16008810573,53071.85413925851,12.611767656622035
PROJ-0133,2024-08-01,2024-08,47128.16008810573,43618.99973071969,-7.445994816741612
PROJ-0133,2024-09-01,2024-09,47128.16008810573,53029.20069644313,12.521262441193215
PROJ-0133,2024-10-01,2024-10,47128.16008810573,42705.98283665276,-9.383301285655437
PROJ-0133,2024-11-01,2024-11,47128.16008810573,40577.52052997826,-13.899629321155548
PROJ-0133,2024-12-01,2024-12,47128.16008810573,54229.97995297391,15.069164277984505
PROJ-0133,2025-01-01,2025-01,47128.16008810573,40375.65656498404,-14.327959144804163
PROJ-0133,2025-02-01,2025-02,47128.16008810573,61193.776693978354,29.84546092946777
PROJ-0133,2025-03-01,2025-03,47128.16008810573,42025.41513546228,-10.827379942488534
PROJ-0133,2025-04-01,2025-04,47128.16008810573,51702.93448200042,9.707093137822877
PROJ-0133,2025-05-01,2025-05,47128.16008810573,47396.19139933878,0.5687285706294674
PROJ-0133,2025-06-01,2025-06,47128.16008810573,40680.7078445332,-13.680678879716645
PROJ-0133,2025-07-01,2025-07,47128.16008810573,38358.64413737797,-18.60780462112933
PROJ-0134,2023-04-01,2023-04,205463.2188118812,228344.86463848225,11.136614114641663
PROJ-0134,2023-05-01,2023-05,205463.2188118812,247250.0779779777,20.337878189456305
PROJ-0134,2023-06-01,2023-06,205463.2188118812,250872.1991011005,22.100783075337198
PROJ-0134,2023-07-01,2023-07,205463.2188118812,213960.50702062962,4.135673653846723
PROJ-0134,2023-08-01,2023-08,205463.2188118812,244239.82643459886,18.87277335911928
PROJ-0134,2023-09-01,2023-09,205463.2188118812,233493.24395695693,13.64235667442724
PROJ-0134,2023-10-01,2023-10,205463.2188118812,238774.40827902997,16.21272637495666
PROJ-0134,2023-11-01,2023-11,205463.2188118812,214976.06364770725,4.6299502610907055
PROJ-0135,2024-04-01,2024-04,133046.55375722543,148573.86758007127,11.670587012106356
PROJ-0135,2024-05-01,2024-05,133046.55375722543,160023.46638749784,20.276295678802846
PROJ-0135,2024-06-01,2024-06,133046.55375722543,132905.80218197874,-0.10579122214884862
PROJ-0135,2024-07-01,2024-07,133046.55375722543,160053.60058651457,20.298945043379184
PROJ-0135,2024-08-01,2024-08,133046.55375722543,145820.1433554393,9.600842139453142
PROJ-0135,2024-09-01,2024-09,133046.55375722543,117473.52278444363,-11.704948781460688
PROJ-0135,2024-10-01,2024-10,133046.55375722543,108079.3140313466,-18.76579213877077
PROJ-0135,2024-11-01,2024-11,133046.55375722543,130568.80120384677,-1.8623199800423968
PROJ-0135,2024-12-01,2024-12,133046.55375722543,142805.2742215587,7.334816414816991
PROJ-0135,2025-01-01,2025-01,133046.55375722543,162304.84482370704,21.991017610174417
PROJ-0135,2025-02-01,2025-02,133046.55375722543,114918.0082038082,-13.62571599298769
PROJ-0135,2025-03-01,2025-03,133046.55375722543,159669.5914327585,20.010317384178954
PROJ-0136,2023-10-01,2023-10,48286.82530120482,59465.443761367664,23.150452303361348
PROJ-0136,2023-11-01,2023-11,48286.82530120482,42267.57042090727,-12.46562564995831
PROJ-0136,2023-12-01,2023-12,48286.82530120482,59189.85330283449,22.57971596521095
PROJ-0136,2024-01-01,2024-01,48286.82530120482,62566.532853304416,29.5726783921396
PROJ-0136,2024-02-01,2024-02,48286.82530120482,56177.83006944295,16.341941552411875
PROJ-0136,2024-03-01,2024-03,48286.82530120482,57576.4785049465,19.238484091249397
PROJ-0136,2024-04-01,2024-04,48286.82530120482,62638.038391696944,29.72076337794367
PROJ-0136,2024-05-01,2024-05,48286.82530120482,53247.84392461454,10.274062526297268
PROJ-0136,2024-06-01,2024-06,48286.82530120482,46062.88821148318,-4.605680899187529
PROJ-0136,2024-07-01,2024-07,48286.82530120482,58850.3127756653,21.876541703802786
PROJ-0136,2024-08-01,2024-08,48286.82530120482,53465.243935353436,10.724288875581564
PROJ-0136,2024-09-01,2024-09,48286.82530120482,52661.50118650063,9.05977118604783
PROJ-0137,2024-03-01,2024-03,73854.2804494382,68449.46008399197,-7.318222224298086
PROJ-0137,2024-04-01,2024-04,73854.2804494382,87012.68598919832,17.816713479144333
PROJ-0137,2024-05-01,2024-05,73854.2804494382,62099.16330700715,-15.916636206995188
PROJ-0137,2024-06-01,2024-06,73854.2804494382,93214.70263067988,26.21435353973306
PROJ-0137,2024-07-01,2024-07,73854.2804494382,71115.15298392551,-3.7088269614757614
PROJ-0137,2024-08-01,2024-08,73854.2804494382,63801.776880291334,-13.611267360500477
PROJ-0137,2024-09-01,2024-09,73854.2804494382,75418.75535814642,2.1183266551209385
PROJ-0138,2024-01-01,2024-01,90237.9481533101,74106.5572574315,-17.876504537173343
PROJ-0138,2024-02-01,2024-02,90237.9481533101,103079.9900338881,14.231309713248315
PROJ-0138,2024-03-01,2024-03,90237.9481533101,112919.50504728578,25.13527552226781
PROJ-0138,2024-04-01,2024-04,90237.9481533101,109966.80643707271,21.863150356925438
PROJ-0138,2024-05-01,2024-05,90237.9481533101,77937.13849330024,-13.631526327605947
PROJ-0138,2024-06-01,2024-06,90237.9481533101,77887.5826844416,-13.686443144613406
PROJ-0138,2024-07-01,2024-07,90237.9481533101,108891.68784369389,20.671724116213205
PROJ-0138,2024-08-01,2024-08,90237.9481533101,113891.76317870368,26.212713730155798
PROJ-0138,2024-09-01,2024-09,90237.9481533101,92975.30863280238,3.0334914916744573
PROJ-0138,2024-10-01,2024-10,90237.9481533101,94703.4234116799,4.948555845688297
PROJ-0138,2024-11-01,2024-11,90237.9481533101,86550.01531751397,-4.086897930713706
PROJ-0138,2024-12-01,2024-12,90237.9481533101,112538.68321091609,24.7132559128207
PROJ-0138,2025-01-01,2025-01,90237.9481533101,101287.71598849342,12.245145264617797
PROJ-0138,2025-02-01,2025-02,90237.9481533101,85195.97396041751,-5.587421141631575
PROJ-0138,2025-03-01,2025-03,90237.9481533101,85671.13513629344,-5.060856447287419
PROJ-0138,2025-04-01,2025-04,90237.9481533101,112400.39151631785,24.560003653180118
PROJ-0138,2025-05-01,2025-05,90237.9481533101,72805.51169381534,-19.318298804708927
PROJ-0138,2025-06-01,2025-06,90237.9481533101,86751.45039134902,-3.863671363668079
PROJ-0138,2025-07-01,2025-07,90237.9481533101,97202.36325166997,7.717834060818454
PROJ-0139,2023-06-01,2023-06,70024.83943589743,61209.32354126866,-12.589126895033768
PROJ-0139,2023-07-01,2023-07,70024.83943589743,59244.47178625417,-15.39506229002051
PROJ-0139,2023-08-01,2023-08,70024.83943589743,84564.66863896995,20.763816554528
PROJ-0139,2023-09-01,2023-09,70024.83943589743,87335.13340165482,24.72021943242536
PROJ-0139,2023-10-01,2023-10,70024.83943589743,84856.32523610165,21.180321039909472
PROJ-0139,2023-11-01,2023-11,70024.83943589743,87488.61038161138,24.939394486867386
PROJ-0139,2023-12-01,2023-12,70024.83943589743,75385.66003043555,7.655598552918576
PROJ-0139,2024-01-01,2024-01,70024.83943589743,84458.99380014416,20.612906049517093
PROJ-0139,2024-02-01,2024-02,70024.83943589743,69466.13359365557,-0.797868080444978
PROJ-0139,2024-03-01,2024-03,70024.83943589743,79347.52155940216,13.313393073951922
PROJ-0139,2024-04-01,2024-04,70024.83943589743,90641.39620573622,29.44177656945822
PROJ-0139,2024-05-01,2024-05,70024.83943589743,63923.14535775069,-8.713613808043629
PROJ-0139,2024-06-01,2024-06,70024.83943589743,69671.20511378298,-0.5050126854459691
PROJ-0139,2024-07-01,2024-07,70024.83943589743,72827.49180759916,4.00236886550428
PROJ-0139,2024-08-01,2024-08,70024.83943589743,60852.1277078411,-13.099225648997415
PROJ-0139,2024-09-01,2024-09,70024.83943589743,58857.229391679866,-15.948069476747161
PROJ-0139,2024-10-01,2024-10,70024.83943589743,85070.4767939501,21.48614331608122
PROJ-0139,2024-11-01,2024-11,70024.83943589743,90219.80610828787,28.839718641379307
PROJ-0139,2024-12-01,2024-12,70024.83943589743,70190.27535389553,0.236253191482934
PROJ-0139,2025-01-01,2025-01,70024.83943589743,59088.7044017746,-15.617508190267337
PROJ-0139,2025-02-01,2025-02,70024.83943589743,58324.100536393606,-16.709411965471176
PROJ-0139,2025-03-01,2025-03,70024.83943589743,87227.07869205395,24.565910318014936
PROJ-0139,2025-04-01,2025-04,70024.83943589743,72259.13073134897,3.1907124863839975
PROJ-0139,2025-05-01,2025-05,70024.83943589743,67224.80227740925,-3.998634171880404
PROJ-0139,2025-06-01,2025-06,70024.83943589743,72701.93355669921,3.8230635619699775
PROJ-0139,2025-07-01,2025-07,70024.83943589743,67164.4681100281,-4.084795265382633
PROJ-0140,2023-04-01,2023-04,134988.01689655174,140997.39826736302,4.451788765381
PROJ-0140,2023-05-01,2023-05,134988.01689655174,166005.3202325902,22.97781984589684
PROJ-0140,2023-06-01,2023-06,134988.01689655174,147967.20725963186,9.615068553104784
PROJ-0140,2023-07-01,2023-07,134988.01689655174,154875.38112791805,14.73268864050877
PROJ-0140,2023-08-01,2023-08,134988.01689655174,132603.4992198402,-1.7664661882831716
PROJ-0140,2023-09-01,2023-09,134988.01689655174,157835.13552053174,16.925293925525935
PROJ-0140,2023-10-01,2023-10,134988.01689655174,152983.07267585475,13.330854243968616
PROJ-0140,2023-11-01,2023-11,134988.01689655174,116060.13200361142,-14.021900112397176
PROJ-0140,2023-12-01,2023-12,134988.01689655174,146640.37508326946,8.63214265577923
PROJ-0141,2023-12-01,2023-12,169613.1965836299,157464.09982248166,-7.1628251845121
PROJ-0141,2024-01-01,2024-01,169613.1965836299,203883.17570970798,20.20478348167964
PROJ-0141,2024-02-01,2024-02,169613.1965836299,171812.88540619583,1.2968854233469713
PROJ-0141,2024-03-01,2024-03,169613.1965836299,220046.33769195172,29.734208259824356
PROJ-0141,2024-04-01,2024-04,169613.1965836299,143535.20474901056,-15.374978103051811
PROJ-0141,2024-05-01,2024-05,169613.1965836299,201869.2049901849,19.01739313700793
PROJ-0141,2024-06-01,2024-06,169613.1965836299,192824.90955191298,13.685086677107826
PROJ-0141,2024-07-01,2024-07,169613.1965836299,200779.5222822476,18.37494152953527
PROJ-0141,2024-08-01,2024-08,169613.1965836299,161771.11309582708,-4.623510225477183
PROJ-0141,2024-09-01,2024-09,169613.1965836299,177420.02468564129,4.60272446912003
PROJ-0142,2023-09-01,2023-09,18536.308217054262,22211.21028319756,19.825425986185422
PROJ-0142,2023-10-01,2023-10,18536.308217054262,16984.275471707606,-8.37293341895725
PROJ-0142,2023-11-01,2023-11,18536.308217054262,16923.957075123675,-8.698340160567396
PROJ-0142,2023-12-01,2023-12,18536.308217054262,19936.27173043163,7.552547664746619
PROJ-0142,2024-01-01,2024-01,18536.308217054262,19681.514514338214,6.178178976492788
PROJ-0142,2024-02-01,2024-02,18536.308217054262,17445.09864848405,-5.886876479353358
PROJ-0142,2024-03-01,2024-03,18536.308217054262,17591.657638706944,-5.096217473758863
PROJ-0142,2024-04-01,2024-04,18536.308217054262,17404.15836455073,-6.107741839671725
PROJ-0142,2024-05-01,2024-05,18536.308217054262,21979.53926083293,18.57560309992438
PROJ-0143,2023-07-01,2023-07,256973.06051813473,289338.92870351113,12.595043278123029
PROJ-0143,2023-08-01,2023-08,256973.06051813473,312532.84403891687,21.620859170512638
PROJ-0143,2023-09-01,2023-09,256973.06051813473,330913.5931838814,28.77365141570109
PROJ-0143,2023-10-01,2023-10,256973.06051813473,266502.17361522774,3.7082148135993194
PROJ-0143,2023-11-01,2023-11,256973.06051813473,214147.71382580363,-16.66530592972756
PROJ-0143,2023-12-01,2023-12,256973.06051813473,211757.66251149226,-17.595384479398227
PROJ-0143,2024-01-01,2024-01,256973.06051813473,243567.42342942904,-5.216748036419043
PROJ-0144,2024-03-01,2024-03,149794.64546875,189680.80944792574,26.62722946762254
PROJ-0144,2024-04-01,2024-04,149794.64546875,159022.9734119919,6.160652748543743
PROJ-0144,2024-05-01,2024-05,149794.64546875,140191.79878470485,-6.410674195993542
PROJ-0144,2024-06-01,2024-06,149794.64546875,149732.2406083378,-0.04166027444902198
PROJ-0144,2024-07-01,2024-07,149794.64546875,164668.88732150552,9.92975537023354
PROJ-0144,2024-08-01,2024-08,149794.64546875,168739.8976498498,12.647482906892108
PROJ-0144,2024-09-01,2024-09,149794.64546875,131363.87557432704,-12.304024510854749
PROJ-0144,2024-10-01,2024-10,149794.64546875,193012.77317491156,28.8515838272588
PROJ-0144,2024-11-01,2024-11,149794.64546875,160637.69767605411,7.23861134913944
PROJ-0144,2024-12-01,2024-12,149794.64546875,129998.40810397279,-13.215584110386036
PROJ-0145,2024-04-01,2024-04,204993.33727272728,255589.30626217337,24.681762667306685
PROJ-0145,2024-05-01,2024-05,204993.33727272728,171644.86035606812,-16.26807844602856
PROJ-0145,2024-06-01,2024-06,204993.33727272728,257034.52772206336,25.386771658875638
PROJ-0145,2024-07-01,2024-07,204993.33727272728,266139.3296652139,29.828282814449118
PROJ-0145,2024-08-01,2024-08,204993.33727272728,235786.595838698,15.021589957825192
PROJ-0145,2024-09-01,2024-09,204993.33727272728,242962.94333840976,18.52236105369949
PROJ-0145,2024-10-01,2024-10,204993.33727272728,198567.08687769534,-3.1348581766256807
PROJ-0146,2023-11-01,2023-11,239298.77959183673,304098.11954904586,27.07884263669669
PROJ-0146,2023-12-01,2023-12,239298.77959183673,254818.97648471137,6.485698305418381
PROJ-0146,2024-01-01,2024-01,239298.77959183673,279068.85440244735,16.619422329877743
PROJ-0147,2023-08-01,2023-08,596772.9957894736,753159.6616598499,26.205385795563977
PROJ-0147,2023-09-01,2023-09,596772.9957894736,768398.9344799845,28.758998798775416
PROJ-0147,2023-10-01,2023-10,596772.9957894736,726035.326627098,21.66021782983372
PROJ-0147,2023-11-01,2023-11,596772.9957894736,567834.7293407408,-4.849124650898499
PROJ-0148,2023-03-01,2023-03,60059.83838709678,77073.21452846134,28.327375827604122
PROJ-0148,2023-04-01,2023-04,60059.83838709678,66910.24947681138,11.40597656217859
PROJ-0148,2023-05-01,2023-05,60059.83838709678,75994.98907261055,26.53212381759799
PROJ-0148,2023-06-01,2023-06,60059.83838709678,68351.25000123435,13.805251290717592
PROJ-0148,2023-07-01,2023-07,60059.83838709678,57274.23190707417,-4.638051907613976
PROJ-0148,2023-08-01,2023-08,60059.83838709678,59159.67726931738,-1.498773792859204
PROJ-0148,2023-09-01,2023-09,60059.83838709678,64578.49369440771,7.523588855147025
PROJ-0148,2023-10-01,2023-10,60059.83838709678,71771.95256342462,19.500742077994097
PROJ-0148,2023-11-01,2023-11,60059.83838709678,57596.86103138604,-4.1008724329832535
PROJ-0148,2023-12-01,2023-12,60059.83838709678,65457.15078266879,8.986558306709604
PROJ-0148,2024-01-01,2024-01,60059.83838709678,58426.96133804744,-2.7187503211799253
PROJ-0148,2024-02-01,2024-02,60059.83838709678,72545.36001143878,20.788470231755355
PROJ-0148,2024-03-01,2024-03,60059.83838709678,62063.67765088786,3.336404688397522
PROJ-0148,2024-04-01,2024-04,60059.83838709678,50351.85100037017,-16.16385865735574
PROJ-0148,2024-05-01,2024-05,60059.83838709678,53034.41451165292,-11.69737392592318
PROJ-0148,2024-06-01,2024-06,60059.83838709678,49882.83894064362,-16.944766619018385
PROJ-0148,2024-07-01,2024-07,60059.83838709678,63041.89783158827,4.965147300716261
PROJ-0148,2024-08-01,2024-08,60059.83838709678,51241.17115630501,-14.683135132588642
PROJ-0148,2024-09-01,2024-09,60059.83838709678,51475.484764799774,-14.293001534518394
PROJ-0148,2024-10-01,2024-10,60059.83838709678,76307.4739158592,27.05241300191885
PROJ-0148,2024-11-01,2024-11,60059.83838709678,74253.6320109645,23.632753608802773
PROJ-0148,2024-12-01,2024-12,60059.83838709678,61623.99468040903,2.6043298405682975
PROJ-0148,2025-01-01,2025-01,60059.83838709678,77651.52483537914,29.29026604251029
PROJ-0148,2025-02-01,2025-02,60059.83838709678,48053.472135569755,-19.990673591466845
PROJ-0148,2025-03-01,2025-03,60059.83838709678,66485.62416806622,10.698972813669691
PROJ-0148,2025-04-01,2025-04,60059.83838709678,66559.159064781,10.821408868593501
PROJ-0148,2025-05-01,2025-05,60059.83838709678,61784.848713100015,2.8721527934944113
PROJ-0148,2025-06-01,2025-06,60059.83838709678,59968.186260937066,-0.15260135328535895
PROJ-0148,2025-07-01,2025-07,60059.83838709678,61722.98947026477,2.7691567740303817
PROJ-0149,2023-05-01,2023-05,21012.71377245509,21169.893453081808,0.7480218039840238
PROJ-0149,2023-06-01,2023-06,21012.71377245509,24484.985689097648,16.524623874114972
PROJ-0149,2023-07-01,2023-07,21012.71377245509,18232.263524283957,-13.232228251335798
PROJ-0149,2023-08-01,2023-08,21012.71377245509,18886.639204210333,-10.118038970443493
PROJ-0149,2023-09-01,2023-09,21012.71377245509,18706.759949924406,-10.97408858037882
PROJ-0149,2023-10-01,2023-10,21012.71377245509,19567.780657385043,-6.876470743936773
PROJ-0149,2023-11-01,2023-11,21012.71377245509,22328.723423178948,6.262920939079166
PROJ-0149,2023-12-01,2023-12,21012.71377245509,17978.569806369705,-14.439562633089064
PROJ-0149,2024-01-01,2024-01,21012.71377245509,25931.467472329,23.408464766325203
PROJ-0149,2024-02-01,2024-02,21012.71377245509,19934.357390126006,-5.131923434576384
PROJ-0149,2024-03-01,2024-03,21012.71377245509,18517.853121879496,-11.873100626564607
PROJ-0149,2024-04-01,2024-04,21012.71377245509,23908.489616543644,13.781065479912165
PROJ-0150,2023-03-01,2023-03,812091.0623255814,665137.6220173415,-18.095684970034036
PROJ-0150,2023-04-01,2023-04,812091.0623255814,901408.3150890282,10.998428243708208
PROJ-0151,2023-05-01,2023-05,56599.72515337424,65038.69976210295,14.909921533824992
PROJ-0151,2023-06-01,2023-06,56599.72515337424,51361.88842640181,-9.254173430664041
PROJ-0151,2023-07-01,2023-07,56599.72515337424,46467.35763431225,-17.901796327818285
PROJ-0151,2023-08-01,2023-08,56599.72515337424,55570.89380676988,-1.8177320540275197
PROJ-0151,2023-09-01,2023-09,56599.72515337424,48069.98328940044,-15.070288487903177
PROJ-0151,2023-10-01,2023-10,56599.72515337424,48576.08726168285,-14.176107516333147
PROJ-0151,2023-11-01,2023-11,56599.72515337424,52475.33803116829,-7.2869384277567715
PROJ-0151,2023-12-01,2023-12,56599.72515337424,53641.48178545563,-5.226603768662034
PROJ-0151,2024-01-01,2024-01,56599.72515337424,60277.867943325604,6.49851705107103
PROJ-0151,2024-02-01,2024-02,56599.72515337424,64478.17725557433,13.919594275150658
PROJ-0151,2024-03-01,2024-03,56599.72515337424,62055.11628877914,9.638547043509238
PROJ-0151,2024-04-01,2024-04,56599.72515337424,49478.357279823664,-12.58198313552416
PROJ-0151,2024-05-01,2024-05,56599.72515337424,50149.79119247604,-11.395698377368678
PROJ-0151,2024-06-01,2024-06,56599.72515337424,70148.8291284573,23.938462489645723
PROJ-0151,2024-07-01,2024-07,56599.72515337424,61081.07390838892,7.917615753205681
PROJ-0151,2024-08-01,2024-08,56599.72515337424,69898.90124396498,23.49689164488445
PROJ-0151,2024-09-01,2024-09,56599.72515337424,55794.495333899366,-1.4226744340062822
PROJ-0151,2024-10-01,2024-10,56599.72515337424,62667.2159001214,10.720000371566194
PROJ-0151,2024-11-01,2024-11,56599.72515337424,60099.38283348341,6.183170802730537
PROJ-0151,2024-12-01,2024-12,56599.72515337424,54310.93102961129,-4.043825508976871
PROJ-0151,2025-01-01,2025-01,56599.72515337424,58578.320573922945,3.4957686016797673
PROJ-0151,2025-02-01,2025-02,56599.72515337424,59500.202882940575,5.124543841346604
PROJ-0151,2025-03-01,2025-03,56599.72515337424,50961.57111770091,-9.96145126216607
PROJ-0151,2025-04-01,2025-04,56599.72515337424,54194.53037119193,-4.249481381163422
PROJ-0151,2025-05-01,2025-05,56599.72515337424,67676.56730389704,19.57048752534878
PROJ-0151,2025-06-01,2025-06,56599.72515337424,71196.46144859743,25.789411972706354
PROJ-0151,2025-07-01,2025-07,56599.72515337424,55461.90352593508,-2.0102953227350255
PROJ-0152,2024-01-01,2024-01,247979.0,236444.53978495506,-4.651385889549092
PROJ-0152,2024-02-01,2024-02,247979.0,222585.5988366854,-10.240141771405874
PROJ-0153,2023-10-01,2023-10,476193.4578313253,542501.2941189288,13.92455843252906
PROJ-0153,2023-11-01,2023-11,476193.4578313253,457883.7483454416,-3.8450149166831373
PROJ-0153,2023-12-01,2023-12,476193.4578313253,616134.7005125304,29.387476954959425
PROJ-0153,2024-01-01,2024-01,476193.4578313253,458499.25229403254,-3.7157598968023393
PROJ-0154,2023-10-01,2023-10,89691.14291666666,89428.17058362869,-0.2931976608685929
PROJ-0154,2023-11-01,2023-11,89691.14291666666,98809.78114281625,10.166709810601738
PROJ-0154,2023-12-01,2023-12,89691.14291666666,107704.90459066744,20.084214659565248
PROJ-0154,2024-01-01,2024-01,89691.14291666666,92808.74719111224,3.475933267281686
PROJ-0154,2024-02-01,2024-02,89691.14291666666,90707.1656989118,1.1328016894479163
PROJ-0154,2024-03-01,2024-03,89691.14291666666,116402.86194642949,29.78189167974041
PROJ-0154,2024-04-01,2024-04,89691.14291666666,72223.50766693281,-19.47531794300278
PROJ-0154,2024-05-01,2024-05,89691.14291666666,111892.62870438564,24.75326444256229
PROJ-0154,2024-06-01,2024-06,89691.14291666666,78441.21990036868,-12.542958703013127
PROJ-0154,2024-07-01,2024-07,89691.14291666666,106998.18246847052,19.296263810445673
PROJ-0155,2023-05-01,2023-05,26700.10289017341,29609.500425629478,10.8965779923149
PROJ-0155,2023-06-01,2023-06,26700.10289017341,25923.7611599015,-2.907635725095396
PROJ-0155,2023-07-01,2023-07,26700.10289017341,33026.357924917174,23.69374777605092
PROJ-0155,2023-08-01,2023-08,26700.10289017341,21532.394469698433,-19.354638600950402
PROJ-0155,2023-09-01,2023-09,26700.10289017341,24386.414179459207,-8.665467396253817
PROJ-0155,2023-10-01,2023-10,26700.10289017341,28928.130305919087,8.344639812476803
PROJ-0155,2023-11-01,2023-11,26700.10289017341,26053.189568924245,-2.4228869975151
PROJ-0156,2024-01-01,2024-01,82726.22711985689,91428.09534916219,10.518874765916383
PROJ-0156,2024-02-01,2024-02,82726.22711985689,67178.25436380004,-18.79449032956666
PROJ-0156,2024-03-01,2024-03,82726.22711985689,70998.08566246841,-14.177053475914374
PROJ-0156,2024-04-01,2024-04,82726.22711985689,71438.07791308076,-13.645187989078039
PROJ-0156,2024-05-01,2024-05,82726.22711985689,74010.34263694669,-10.535817704199529
PROJ-0156,2024-06-01,2024-06,82726.22711985689,85180.36024336392,2.9665720400271383
PROJ-0156,2024-07-01,2024-07,82726.22711985689,97291.36650678754,17.60643497717856
PROJ-0156,2024-08-01,2024-08,82726.22711985689,103636.88748206428,25.276941896445052
PROJ-0156,2024-09-01,2024-09,82726.22711985689,100734.59053087754,21.7686265142123
PROJ-0156,2024-10-01,2024-10,82726.22711985689,74324.87709471575,-10.155606411215821
PROJ-0156,2024-11-01,2024-11,82726.22711985689,84428.3420848263,2.0575276115316186
PROJ-0156,2024-12-01,2024-12,82726.22711985689,74429.26625913857,-10.02942011207325
PROJ-0156,2025-01-01,2025-01,82726.22711985689,77120.3594820911,-6.776409166640461
PROJ-0156,2025-02-01,2025-02,82726.22711985689,87009.25267492085,5.177349075594307
PROJ-0156,2025-03-01,2025-03,82726.22711985689,68998.18301998056,-16.594548763823873
PROJ-0156,2025-04-01,2025-04,82726.22711985689,75205.35126671333,-9.09128352033634
PROJ-0156,2025-05-01,2025-05,82726.22711985689,104871.13480350889,26.768908065355866
PROJ-0156,2025-06-01,2025-06,82726.22711985689,85461.00284125144,3.3058146329244487
PROJ-0156,2025-07-01,2025-07,82726.22711985689,84603.55514797026,2.26932629889361
PROJ-0157,2023-10-01,2023-10,9097.15046728972,7343.9801731581165,-19.271642262436053
PROJ-0157,2023-11-01,2023-11,9097.15046728972,8403.036736111371,-7.630012647082712
PROJ-0157,2023-12-01,2023-12,9097.15046728972,11218.116693234202,23.314621799109062
PROJ-0157,2024-01-01,2024-01,9097.15046728972,8026.545165363037,-11.768578587066562
PROJ-0157,2024-02-01,2024-02,9097.15046728972,9165.94739266773,0.7562469767360547
PROJ-0157,2024-03-01,2024-03,9097.15046728972,7342.905577334114,-19.283454706649938
PROJ-0157,2024-04-01,2024-04,9097.15046728972,9453.465299132053,3.916774083527791
PROJ-0157,2024-05-01,2024-05,9097.15046728972,7373.336459270453,-18.948944663689144
PROJ-0157,2024-06-01,2024-06,9097.15046728972,11005.776088165607,20.980477653289995
PROJ-0157,2024-07-01,2024-07,9097.15046728972,11029.629792002273,21.242688374355183
PROJ-0157,2024-08-01,2024-08,9097.15046728972,10860.824982041142,19.387109415118495
PROJ-0157,2024-09-01,2024-09,9097.15046728972,8566.623159694753,-5.83179655544409
PROJ-0157,2024-10-01,2024-10,9097.15046728972,11085.956849321256,21.8618609110909
PROJ-0157,2024-11-01,2024-11,9097.15046728972,9747.588231715512,7.149906630263466
PROJ-0157,2024-12-01,2024-12,9097.15046728972,8978.014679959846,-1.309594556649877
PROJ-0157,2025-01-01,2025-01,9097.15046728972,10122.08074139859,11.26649798521165
PROJ-0157,2025-02-01,2025-02,9097.15046728972,7333.854550299264,-19.3829476969813
PROJ-0157,2025-03-01,2025-03,9097.15046728972,7927.988681066692,-12.851956119962392
PROJ-0157,2025-04-01,2025-04,9097.15046728972,10654.09837764765,17.11467690851314
PROJ-0157,2025-05-01,2025-05,9097.15046728972,8388.307820244958,-7.79191956419235
PROJ-0157,2025-06-01,2025-06,9097.15046728972,9997.809834407151,9.900455866437483
PROJ-0157,2025-07-01,2025-07,9097.15046728972,9029.388535444783,-0.7448698588485172
PROJ-0158,2023-08-01,2023-08,163806.42308300396,201056.47699429744,22.740288939963072
PROJ-0158,2023-09-01,2023-09,163806.42308300396,209051.0107488106,27.62076529983218
PROJ-0158,2023-10-01,2023-10,163806.42308300396,203411.92732471658,24.17823641850952
PROJ-0158,2023-11-01,2023-11,163806.42308300396,153209.78513915295,-6.469000265320167
PROJ-0158,2023-12-01,2023-12,163806.42308300396,146947.70100338937,-10.291856547695886
PROJ-0158,2024-01-01,2024-01,163806.42308300396,169902.87992129222,3.72174468103675
PROJ-0158,2024-02-01,2024-02,163806.42308300396,131645.82897381613,-19.633292458190986
PROJ-0158,2024-03-01,2024-03,163806.42308300396,133159.01062983408,-18.709530356840915
PROJ-0158,2024-04-01,2024-04,163806.42308300396,176361.41876737867,7.664531981150002
PROJ-0159,2024-04-01,2024-04,118544.07973421928,125683.36161987371,6.0224702082642985
PROJ-0159,2024-05-01,2024-05,118544.07973421928,153786.16709258253,29.729099451763
PROJ-0159,2024-06-01,2024-06,118544.07973421928,106798.84109990668,-9.907908231812094
PROJ-0159,2024-07-01,2024-07,118544.07973421928,110133.61016643235,-7.094803541976578
PROJ-0159,2024-08-01,2024-08,118544.07973421928,101565.04926587633,-14.322967883685665
PROJ-0159,2024-09-01,2024-09,118544.07973421928,149219.90963535995,25.877150482687235
PROJ-0159,2024-10-01,2024-10,118544.07973421928,140937.72287800288,18.89056222292254
PROJ-0159,2024-11-01,2024-11,118544.07973421928,143576.9803859292,21.11695557284237
PROJ-0159,2024-12-01,2024-12,118544.07973421928,148343.9150181907,25.138189398225435
PROJ-0159,2025-01-01,2025-01,118544.07973421928,125947.15672683461,6.244999336291912
PROJ-0160,2023-10-01,2023-10,20291.304,20810.69230522842,2.5596595725361837
PROJ-0160,2023-11-01,2023-11,20291.304,19585.08011557851,-3.480426316719175
PROJ-0160,2023-12-01,2023-12,20291.304,22211.009630487548,9.460730717392774
PROJ-0160,2024-01-01,2024-01,20291.304,20841.993724947453,2.713919839491126
PROJ-0160,2024-02-01,2024-02,20291.304,20814.470496876023,2.578279330278754
PROJ-0160,2024-03-01,2024-03,20291.304,25738.787254519557,26.846393186556945
PROJ-0160,2024-04-01,2024-04,20291.304,26216.684500909083,29.201575713956508
PROJ-0161,2023-07-01,2023-07,414398.64216216217,496549.93845049833,19.824219466479036
PROJ-0161,2023-08-01,2023-08,414398.64216216217,488318.67625150876,17.837904512346412
PROJ-0162,2023-07-01,2023-07,183245.97774834436,208951.55508358916,14.027908088955073
PROJ-0162,2023-08-01,2023-08,183245.97774834436,161813.0565463088,-11.696257383324314
PROJ-0162,2023-09-01,2023-09,183245.97774834436,152012.2341671644,-17.044708956217274
PROJ-0162,2023-10-01,2023-10,183245.97774834436,209883.1916833959,14.536315755663153
PROJ-0162,2023-11-01,2023-11,183245.97774834436,213370.3541321397,16.439311112828797
PROJ-0162,2023-12-01,2023-12,183245.97774834436,150900.58803944694,-17.65135044509301
PROJ-0163,2023-04-01,2023-04,48574.34542822678,61399.22948802467,26.402587511442405
PROJ-0163,2023-05-01,2023-05,48574.34542822678,41073.02479404904,-15.442968027766124
PROJ-0163,2023-06-01,2023-06,48574.34542822678,45803.19198533982,-5.704973311439881
PROJ-0163,2023-07-01,2023-07,48574.34542822678,55189.92385723392,13.619490639935222
PROJ-0163,2023-08-01,2023-08,48574.34542822678,42985.201382277475,-11.506370279776183
PROJ-0163,2023-09-01,2023-09,48574.34542822678,40205.37159628425,-17.22920557788778
PROJ-0163,2023-10-01,2023-10,48574.34542822678,46902.08831858341,-3.442675541792511
PROJ-0163,2023-11-01,2023-11,48574.34542822678,57462.76027519059,18.298578742758956
PROJ-0163,2023-12-01,2023-12,48574.34542822678,48906.561867242715,0.6839339492630181
PROJ-0163,2024-01-01,2024-01,48574.34542822678,54718.342474598816,12.648646095396963
PROJ-0163,2024-02-01,2024-02,48574.34542822678,52936.785465359666,8.980954861406833
PROJ-0163,2024-03-01,2024-03,48574.34542822678,39399.10045298212,-18.88907589872098
PROJ-0163,2024-04-01,2024-04,48574.34542822678,62868.31774276792,29.426999352285335
PROJ-0163,2024-05-01,2024-05,48574.34542822678,39865.647490953525,-17.92859555903061
PROJ-0163,2024-06-01,2024-06,48574.34542822678,62364.668585041945,28.39013688242425
PROJ-0163,2024-07-01,2024-07,48574.34542822678,52214.12261182161,7.493208918219906
PROJ-0163,2024-08-01,2024-08,48574.34542822678,62251.8859840681,28.157951353253324
PROJ-0163,2024-09-01,2024-09,48574.34542822678,41646.516831111425,-14.262320029308228
PROJ-0163,2024-10-01,2024-10,48574.34542822678,50770.112748512576,4.520425959275659
PROJ-0163,2024-11-01,2024-11,48574.34542822678,42976.25149748133,-11.524795406697068
PROJ-0163,2024-12-01,2024-12,48574.34542822678,40097.511984906174,-17.45125614887788
PROJ-0163,2025-01-01,2025-01,48574.34542822678,53857.51261609338,10.876455753115579
PROJ-0163,2025-02-01,2025-02,48574.34542822678,43905.94817460735,-9.610828951915428
PROJ-0163,2025-03-01,2025-03,48574.34542822678,53132.9753293005,9.384850914377296
PROJ-0163,2025-04-01,2025-04,48574.34542822678,41588.491922608315,-14.381775902550718
PROJ-0163,2025-05-01,2025-05,48574.34542822678,46922.48911301655,-3.4006764283648607
PROJ-0163,2025-06-01,2025-06,48574.34542822678,57843.12127899489,19.081627902662355
PROJ-0163,2025-07-01,2025-07,48574.34542822678,49474.222138528734,1.8525760921093841
PROJ-0164,2023-03-01,2023-03,262956.0678991597,292899.58729089284,11.387270744866818
PROJ-0164,2023-04-01,2023-04,262956.0678991597,295491.3514335957,12.372897037277298
PROJ-0164,2023-05-01,2023-05,262956.0678991597,321300.10863781837,22.18775219936468
PROJ-0164,2023-06-01,2023-06,262956.0678991597,253085.0645133165,-3.7538602796679363
PROJ-0164,2023-07-01,2023-07,262956.0678991597,300729.1236299476,14.364778129125881
PROJ-0165,2023-09-01,2023-09,86358.0118061674,110608.02405387891,28.080790352308284
PROJ-0165,2023-10-01,2023-10,86358.0118061674,100617.59068985982,16.5121667178934
PROJ-0165,2023-11-01,2023-11,86358.0118061674,90238.52965087585,4.493523835887228
PROJ-0165,2023-12-01,2023-12,86358.0118061674,96320.16170382881,11.53587222459646
PROJ-0165,2024-01-01,2024-01,86358.0118061674,101025.18165385722,16.984144888155406
PROJ-0165,2024-02-01,2024-02,86358.0118061674,95523.86834614472,10.613788284693623
PROJ-0165,2024-03-01,2024-03,86358.0118061674,69806.45449405041,-19.166209325508042
PROJ-0165,2024-04-01,2024-04,86358.0118061674,77496.5354513349,-10.261325115638707
PROJ-0165,2024-05-01,2024-05,86358.0118061674,104081.62138034224,20.523410860773303
PROJ-0165,2024-06-01,2024-06,86358.0118061674,80859.19335471929,-6.367467634375766
PROJ-0165,2024-07-01,2024-07,86358.0118061674,100674.53452393654,16.578105978056698
PROJ-0165,2024-08-01,2024-08,86358.0118061674,85154.19041551201,-1.393989237915065
PROJ-0165,2024-09-01,2024-09,86358.0118061674,91620.85593119262,6.094216407897157
PROJ-0165,2024-10-01,2024-10,86358.0118061674,72021.42895908804,-16.601335009029814
PROJ-0165,2024-11-01,2024-11,86358.0118061674,76911.54901528898,-10.938721947514523
PROJ-0165,2024-12-01,2024-12,86358.0118061674,110417.22278314474,27.85984817596173
PROJ-0165,2025-01-01,2025-01,86358.0118061674,107521.68570927765,24.506902672345703
PROJ-0165,2025-02-01,2025-02,86358.0118061674,97251.00030887857,12.613755544952511
PROJ-0165,2025-03-01,2025-03,86358.0118061674,88933.40622877321,2.9822298692868685
PROJ-0165,2025-04-01,2025-04,86358.0118061674,98265.11029993226,13.788064644761192
PROJ-0165,2025-05-01,2025-05,86358.0118061674,95797.38676942943,10.93051445469695
PROJ-0165,2025-06-01,2025-06,86358.0118061674,93635.93064589702,8.427612780230604
PROJ-0165,2025-07-01,2025-07,86358.0118061674,71641.616580257,-17.04114640682291
PROJ-0166,2023-09-01,2023-09,40593.79293023256,45318.96341563793,11.640130533075343
PROJ-0166,2023-10-01,2023-10,40593.79293023256,48081.72487879964,18.44600222855842
PROJ-0166,2023-11-01,2023-11,40593.79293023256,52651.80676639877,29.704082732278778
PROJ-0166,2023-12-01,2023-12,40593.79293023256,32699.894579176093,-19.446072370284515
PROJ-0166,2024-01-01,2024-01,40593.79293023256,47295.28932760926,16.50867266553383
PROJ-0166,2024-02-01,2024-02,40593.79293023256,44080.5828895983,8.589465796799026
PROJ-0166,2024-03-01,2024-03,40593.79293023256,41284.946422559646,1.7026088040478342
PROJ-0166,2024-04-01,2024-04,40593.79293023256,35064.31296949797,-13.621491271431456
PROJ-0167,2023-02-01,2023-02,99543.38805797102,99995.57129603394,0.4542574317438124
PROJ-0167,2023-03-01,2023-03,99543.38805797102,97272.66316881657,-2.281140850693234
PROJ-0167,2023-04-01,2023-04,99543.38805797102,94707.06702345842,-4.8585055510628905
PROJ-0167,2023-05-01,2023-05,99543.38805797102,116011.82743038992,16.543981166110385
PROJ-0167,2023-06-01,2023-06,99543.38805797102,114511.00669003857,15.03627606421319
PROJ-0167,2023-07-01,2023-07,99543.38805797102,108951.23819160394,9.451004549045578
PROJ-0167,2023-08-01,2023-08,99543.38805797102,126353.64832938934,26.93324066466861
PROJ-0167,2023-09-01,2023-09,99543.38805797102,97047.55581052546,-2.507280790957278
PROJ-0167,2023-10-01,2023-10,99543.38805797102,91769.14589376166,-7.809903114491023
PROJ-0167,2023-11-01,2023-11,99543.38805797102,112280.12945850825,12.795165654919977
PROJ-0167,2023-12-01,2023-12,99543.38805797102,89530.02305601332,-10.059296953129852
PROJ-0167,2024-01-01,2024-01,99543.38805797102,95313.31702582577,-4.249474640828769
PROJ-0168,2024-01-01,2024-01,224925.27748792272,205199.6050694922,-8.769877996255758
PROJ-0168,2024-02-01,2024-02,224925.27748792272,187717.41469452003,-16.54232161407494
PROJ-0168,2024-03-01,2024-03,224925.27748792272,273002.91403199354,21.37493708178367
PROJ-0168,2024-04-01,2024-04,224925.27748792272,208566.52311462874,-7.272972853916942
PROJ-0168,2024-05-01,2024-05,224925.27748792272,233138.1432147623,3.651375167151034
PROJ-0168,2024-06-01,2024-06,224925.27748792272,184811.57191843382,-17.834236337284402
PROJ-0168,2024-07-01,2024-07,224925.27748792272,258589.7837429039,14.966973312632156
PROJ-0168,2024-08-01,2024-08,224925.27748792272,217115.98457555234,-3.4719498846854577
PROJ-0169,2023-01-01,2023-01,9423.055528898583,11047.292193491305,17.2368363914605
PROJ-0169,2023-02-01,2023-02,9423.055528898583,9481.49289265708,0.620153023393307
PROJ-0169,2023-03-01,2023-03,9423.055528898583,8460.752397745575,-10.21221967971877
PROJ-0169,2023-04-01,2023-04,9423.055528898583,9956.283071314228,5.6587541141017965
PROJ-0169,2023-05-01,2023-05,9423.055528898583,8153.3202792378925,-13.47477201812801
PROJ-0169,2023-06-01,2023-06,9423.055528898583,9614.056906187647,2.026957993649738
PROJ-0169,2023-07-01,2023-07,9423.055528898583,9033.437989797327,-4.134726128975673
PROJ-0169,2023-08-01,2023-08,9423.055528898583,11835.16732413107,25.59797920998166
PROJ-0169,2023-09-01,2023-09,9423.055528898583,7825.5117871584425,-16.953563913964004
PROJ-0169,2023-10-01,2023-10,9423.055528898583,10808.326738689371,14.700870705287102
PROJ-0169,2023-11-01,2023-11,9423.055528898583,8399.481615654153,-10.862441700628205
PROJ-0169,2023-12-01,2023-12,9423.055528898583,9041.634148946003,-4.047746283388008
PROJ-0169,2024-01-01,2024-01,9423.055528898583,9496.150467754924,0.7757031531032972
PROJ-0169,2024-02-01,2024-02,9423.055528898583,11816.582727247964,25.40075446874871
PROJ-0169,2024-03-01,2024-03,9423.055528898583,8681.358658777663,-7.871086696308742
PROJ-0169,2024-04-01,2024-04,9423.055528898583,7968.648381446699,-15.434559872766489
PROJ-0169,2024-05-01,2024-05,9423.055528898583,9039.959340561569,-4.065519800473821
PROJ-0169,2024-06-01,2024-06,9423.055528898583,8031.628164567707,-14.766201473223333
PROJ-0169,2024-07-01,2024-07,9423.055528898583,8144.330337132623,-13.570175701972374
PROJ-0169,2024-08-01,2024-08,9423.055528898583,10242.157448124033,8.692529898751335
PROJ-0169,2024-09-01,2024-09,9423.055528898583,7825.385571825763,-16.954903345025333
PROJ-0169,2024-10-01,2024-10,9423.055528898583,7684.17612958354,-18.4534559303217
PROJ-0169,2024-11-01,2024-11,9423.055528898583,10904.42629751121,15.72070507352489
PROJ-0169,2024-12-01,2024-12,9423.055528898583,9242.354751394874,-1.9176452579477754
PROJ-0169,2025-01-01,2025-01,9423.055528898583,8129.153862011787,-13.731232538306337
PROJ-0169,2025-02-01,2025-02,9423.055528898583,8733.348034443297,-7.319361457014589
PROJ-0169,2025-03-01,2025-03,9423.055528898583,10563.652829687968,12.10432536761995
PROJ-0169,2025-04-01,2025-04,9423.055528898583,8836.642609324033,-6.223171642957441
PROJ-0169,2025-05-01,2025-05,9423.055528898583,9868.394434230371,4.726056256020396
PROJ-0169,2025-06-01,2025-06,9423.055528898583,8111.815239564756,-13.915234663666386
PROJ-0169,2025-07-01,2025-07,9423.055528898583,10309.26392479291,9.40468188027235
PROJ-0170,2024-03-01,2024-03,46163.80934131737,44226.72244004671,-4.196115807836797
PROJ-0170,2024-04-01,2024-04,46163.80934131737,51402.67311035784,11.348421726435827
PROJ-0170,2024-05-01,2024-05,46163.80934131737,55590.3410826437,20.419744115201148
PROJ-0170,2024-06-01,2024-06,46163.80934131737,51049.01181756343,10.58232096949962
PROJ-0170,2024-07-01,2024-07,46163.80934131737,43757.46451945182,-5.212621870248967
PROJ-0170,2024-08-01,2024-08,46163.80934131737,42834.09921231315,-7.212814922584981
PROJ-0170,2024-09-01,2024-09,46163.80934131737,44488.546829715015,-3.628952063327599
PROJ-0170,2024-10-01,2024-10,46163.80934131737,40730.80246641381,-11.768974338174758
PROJ-0170,2024-11-01,2024-11,46163.80934131737,41112.83886338085,-10.941407457498997
PROJ-0170,2024-12-01,2024-12,46163.80934131737,55181.704111051644,19.534555095008393
PROJ-0170,2025-01-01,2025-01,46163.80934131737,45811.40812769564,-0.7633711746277498
PROJ-0170,2025-02-01,2025-02,46163.80934131737,46994.64666785078,1.7997590285292908
PROJ-0170,2025-03-01,2025-03,46163.80934131737,50642.840606922764,9.702473278340559
PROJ-0170,2025-04-01,2025-04,46163.80934131737,50541.37323686262,9.482674757577382
PROJ-0170,2025-05-01,2025-05,46163.80934131737,38486.2339985302,-16.631156423903715
PROJ-0170,2025-06-01,2025-06,46163.80934131737,56124.59263306446,21.57703931688328
PROJ-0170,2025-07-01,2025-07,46163.80934131737,41024.08207014535,-11.133672338803029
PROJ-0171,2023-02-01,2023-02,6715.958282485876,7800.826097467895,16.153581802483444
PROJ-0171,2023-03-01,2023-03,6715.958282485876,7967.379687166655,18.633549406408328
PROJ-0171,2023-04-01,2023-04,6715.958282485876,7773.384349551628,15.744976704565687
PROJ-0171,2023-05-01,2023-05,6715.958282485876,7316.961486363446,8.94888232770726
PROJ-0171,2023-06-01,2023-06,6715.958282485876,5421.8233335548075,-19.269550144555858
PROJ-0171,2023-07-01,2023-07,6715.958282485876,6582.900012359381,-1.9812253818414653
PROJ-0171,2023-08-01,2023-08,6715.958282485876,7403.804813589531,10.241971468129059
PROJ-0171,2023-09-01,2023-09,6715.958282485876,6673.819995944131,-0.6274352038730662
PROJ-0171,2023-10-01,2023-10,6715.958282485876,8272.314101988572,23.173994745640655
PROJ-0171,2023-11-01,2023-11,6715.958282485876,6409.718225381068,-4.559886232519233
PROJ-0171,2023-12-01,2023-12,6715.958282485876,6358.450336293958,-5.323260377066978
PROJ-0171,2024-01-01,2024-01,6715.958282485876,6265.981331012587,-6.700115345367102
PROJ-0171,2024-02-01,2024-02,6715.958282485876,6490.237842563752,-3.360956551960225
PROJ-0171,2024-03-01,2024-03,6715.958282485876,7244.520869381006,7.87024821570936
PROJ-0171,2024-04-01,2024-04,6715.958282485876,7746.909236695799,15.350764713629538
PROJ-0171,2024-05-01,2024-05,6715.958282485876,7597.655873412308,13.128395886939252
PROJ-0171,2024-06-01,2024-06,6715.958282485876,8085.066217496727,20.38589099907398
PROJ-0171,2024-07-01,2024-07,6715.958282485876,8347.647343804245,24.295699774871245
PROJ-0171,2024-08-01,2024-08,6715.958282485876,8113.143027783187,20.80395211716756
PROJ-0171,2024-09-01,2024-09,6715.958282485876,5436.3848953422175,-19.05272983128227
PROJ-0171,2024-10-01,2024-10,6715.958282485876,7843.963763682468,16.795897677599434
PROJ-0171,2024-11-01,2024-11,6715.958282485876,6072.56804724298,-9.58002131908342
PROJ-0171,2024-12-01,2024-12,6715.958282485876,5819.136220688358,-13.353597864600868
PROJ-0171,2025-01-01,2025-01,6715.958282485876,7516.7986472617495,11.924439239956776
PROJ-0171,2025-02-01,2025-02,6715.958282485876,6446.457606722105,-4.012840229615254
PROJ-0171,2025-03-01,2025-03,6715.958282485876,5564.564869193615,-17.14414183147784
PROJ-0171,2025-04-01,2025-04,6715.958282485876,5834.924403313204,-13.118513280081933
PROJ-0171,2025-05-01,2025-05,6715.958282485876,5375.887588451549,-19.953529156501947
PROJ-0171,2025-06-01,2025-06,6715.958282485876,8405.772726490011,25.161181367235365
PROJ-0171,2025-07-01,2025-07,6715.958282485876,5455.433302227036,-18.76910080793807
PROJ-0172,2023-03-01,2023-03,81557.76171206226,73787.58123908647,-9.527211524524446
PROJ-0172,2023-04-01,2023-04,81557.76171206226,82220.9397081222,0.8131390343953662
PROJ-0172,2023-05-01,2023-05,81557.76171206226,79786.7889872753,-2.171433702459044
PROJ-0172,2023-06-01,2023-06,81557.76171206226,102425.37027763638,25.586293845638785
PROJ-0172,2023-07-01,2023-07,81557.76171206226,66889.1474875738,-17.985552713272895
PROJ-0172,2023-08-01,2023-08,81557.76171206226,86133.7519067191,5.610735383852578
PROJ-0172,2023-09-01,2023-09,81557.76171206226,92995.40029690736,14.0239731262187
PROJ-0172,2023-10-01,2023-10,81557.76171206226,103239.81003219982,26.584898684058437
PROJ-0172,2023-11-01,2023-11,81557.76171206226,90544.25474650988,11.018562606186052
PROJ-0172,2023-12-01,2023-12,81557.76171206226,98022.44837638465,20.187761800588135
PROJ-0173,2023-11-01,2023-11,42722.884343891405,35966.79289324628,-15.81375310773258
PROJ-0173,2023-12-01,2023-12,42722.884343891405,42422.532019861304,-0.7030244531536312
PROJ-0173,2024-01-01,2024-01,42722.884343891405,42166.35756365253,-1.302643276046627
PROJ-0173,2024-02-01,2024-02,42722.884343891405,53110.70195860883,24.31441082278588
PROJ-0173,2024-03-01,2024-03,42722.884343891405,37411.81399655326,-12.431441436836254
PROJ-0173,2024-04-01,2024-04,42722.884343891405,37422.81516220023,-12.405691383168486
PROJ-0173,2024-05-01,2024-05,42722.884343891405,41196.78339402007,-3.572092505710078
PROJ-0173,2024-06-01,2024-06,42722.884343891405,35341.78079627428,-17.27669763165812
PROJ-0174,2023-03-01,2023-03,10281.322372093024,9163.012865338771,-10.877097967375498
PROJ-0174,2023-04-01,2023-04,10281.322372093024,13186.873622944464,28.26048192728676
PROJ-0174,2023-05-01,2023-05,10281.322372093024,10426.206457838069,1.4091969933586412
PROJ-0174,2023-06-01,2023-06,10281.322372093024,11474.05451124748,11.600960421121822
PROJ-0174,2023-07-01,2023-07,10281.322372093024,11957.749865338747,16.30556296723185
PROJ-0174,2023-08-01,2023-08,10281.322372093024,10111.482159453351,-1.6519296496399747
PROJ-0174,2023-09-01,2023-09,10281.322372093024,8981.902404631745,-12.638646279474152
PROJ-0174,2023-10-01,2023-10,10281.322372093024,9287.020909539773,-9.670949188910958
PROJ-0174,2023-11-01,2023-11,10281.322372093024,9835.454714721911,-4.336676170969483
PROJ-0174,2023-12-01,2023-12,10281.322372093024,11494.87013784902,11.803421017611281
PROJ-0174,2024-01-01,2024-01,10281.322372093024,10272.483257533813,-0.0859725455472784
PROJ-0174,2024-02-01,2024-02,10281.322372093024,8260.08995066424,-19.659265104993594
PROJ-0174,2024-03-01,2024-03,10281.322372093024,10915.716898448634,6.170359253373594
PROJ-0174,2024-04-01,2024-04,10281.322372093024,12962.246023874952,26.075669595370897
PROJ-0174,2024-05-01,2024-05,10281.322372093024,12399.673752644114,20.60388055043395
PROJ-0174,2024-06-01,2024-06,10281.322372093024,12467.189964193023,21.260568562981554
PROJ-0174,2024-07-01,2024-07,10281.322372093024,12312.181789437343,19.752900880306555
PROJ-0174,2024-08-01,2024-08,10281.322372093024,9889.248387616717,-3.8134587194788168
PROJ-0174,2024-09-01,2024-09,10281.322372093024,12158.660138657751,18.259691687719602
PROJ-0174,2024-10-01,2024-10,10281.322372093024,8961.001933116137,-12.84193210944035
PROJ-0174,2024-11-01,2024-11,10281.322372093024,11606.153767411965,12.885807363797674
PROJ-0174,2024-12-01,2024-12,10281.322372093024,11523.144526619464,12.078428334249722
PROJ-0174,2025-01-01,2025-01,10281.322372093024,8356.503571390025,-18.721510045513266
PROJ-0174,2025-02-01,2025-02,10281.322372093024,12275.745379189204,19.39850667954658
PROJ-0174,2025-03-01,2025-03,10281.322372093024,12868.350372907016,25.16240525475653
PROJ-0174,2025-04-01,2025-04,10281.322372093024,9599.749240271802,-6.629236076394617
PROJ-0174,2025-05-01,2025-05,10281.322372093024,12401.283361402382,20.619536209307547
PROJ-0174,2025-06-01,2025-06,10281.322372093024,8648.679078723577,-15.87970140690259
PROJ-0174,2025-07-01,2025-07,10281.322372093024,11309.289379512536,9.998392913053301
PROJ-0175,2024-02-01,2024-02,134204.93078260872,139952.04659957575,4.282343266713859
PROJ-0175,2024-03-01,2024-03,134204.93078260872,143996.75962625272,7.296176665450002
PROJ-0175,2024-04-01,2024-04,134204.93078260872,169514.5971307773,26.310260094217256
PROJ-0175,2024-05-01,2024-05,134204.93078260872,165831.34584938476,23.565762362342674
PROJ-0175,2024-06-01,2024-06,134204.93078260872,160044.99356529643,19.25418286198785
PROJ-0175,2024-07-01,2024-07,134204.93078260872,125729.78591010325,-6.315077116081451
PROJ-0175,2024-08-01,2024-08,134204.93078260872,168549.22260064204,25.59093143430458
PROJ-0175,2024-09-01,2024-09,134204.93078260872,113906.9511850301,-15.124615376806236
PROJ-0176,2023-12-01,2023-12,72365.10041493777,88767.70755358865,22.66646082793939
PROJ-0176,2024-01-01,2024-01,72365.10041493777,69765.74862597126,-3.5919963823196106
PROJ-0176,2024-02-01,2024-02,72365.10041493777,59837.69969843159,-17.311384416900832
PROJ-0176,2024-03-01,2024-03,72365.10041493777,82111.12302096105,13.467849212037414
PROJ-0176,2024-04-01,2024-04,72365.10041493777,66260.37795022209,-8.436003584202227
PROJ-0176,2024-05-01,2024-05,72365.10041493777,66705.10482263699,-7.821443706768404
PROJ-0176,2024-06-01,2024-06,72365.10041493777,68965.64728987632,-4.697641688561426
PROJ-0176,2024-07-01,2024-07,72365.10041493777,60196.35762956101,-16.815761624874163
PROJ-0176,2024-08-01,2024-08,72365.10041493777,64300.99212000912,-11.143642790087299
PROJ-0177,2023-08-01,2023-08,242717.55759036145,194797.78499953478,-19.743018620721983
PROJ-0177,2023-09-01,2023-09,242717.55759036145,248228.40161743373,2.2704760552893397
PROJ-0177,2023-10-01,2023-10,242717.55759036145,204399.17578266122,-15.787231129101436
PROJ-0177,2023-11-01,2023-11,242717.55759036145,277019.932561802,14.13263025220995
PROJ-0177,2023-12-01,2023-12,242717.55759036145,222768.9475491462,-8.218857440417581
PROJ-0177,2024-01-01,2024-01,242717.55759036145,308685.0518951062,27.178707201758854
PROJ-0177,2024-02-01,2024-02,242717.55759036145,299908.07959670346,23.56258136993263
PROJ-0177,2024-03-01,2024-03,242717.55759036145,229300.23961901508,-5.527955251589589
PROJ-0177,2024-04-01,2024-04,242717.55759036145,289224.11718293594,19.160772732833934
PROJ-0178,2023-11-01,2023-11,90538.27591194969,108792.82513126472,20.162245233240313
PROJ-0178,2023-12-01,2023-12,90538.27591194969,117091.48244468115,29.32815570572052
PROJ-0178,2024-01-01,2024-01,90538.27591194969,99494.32156967524,9.891999342284247
PROJ-0178,2024-02-01,2024-02,90538.27591194969,76141.13887880652,-15.901713267816891
PROJ-0178,2024-03-01,2024-03,90538.27591194969,101712.38448088859,12.34186144631905
PROJ-0178,2024-04-01,2024-04,90538.27591194969,100722.91517848494,11.248987418801761
PROJ-0178,2024-05-01,2024-05,90538.27591194969,101328.20108308148,11.917528871021588
PROJ-0178,2024-06-01,2024-06,90538.27591194969,86334.8394461666,-4.642717594789424
PROJ-0178,2024-07-01,2024-07,90538.27591194969,111347.57446449656,22.983979254016646
PROJ-0178,2024-08-01,2024-08,90538.27591194969,115865.09934468864,27.973609147770595
PROJ-0178,2024-09-01,2024-09,90538.27591194969,82286.27851430966,-9.114374351092424
PROJ-0178,2024-10-01,2024-10,90538.27591194969,76421.19293736441,-15.592392093167778
PROJ-0178,2024-11-01,2024-11,90538.27591194969,81237.053983334,-10.273248341575796
PROJ-0178,2024-12-01,2024-12,90538.27591194969,109576.30872159718,21.02760696278594
PROJ-0178,2025-01-01,2025-01,90538.27591194969,103061.74005038965,13.832231740992377
PROJ-0178,2025-02-01,2025-02,90538.27591194969,101223.93561644082,11.802367116956333
PROJ-0178,2025-03-01,2025-03,90538.27591194969,90619.44959259193,0.08965675547122487
PROJ-0178,2025-04-01,2025-04,90538.27591194969,98588.39488673203,8.891398575571785
PROJ-0178,2025-05-01,2025-05,90538.27591194969,86367.81697968017,-4.6062937362816285
PROJ-0178,2025-06-01,2025-06,90538.27591194969,94033.05695733361,3.860003970898063
PROJ-0178,2025-07-01,2025-07,90538.27591194969,108331.90036865415,19.653151418532794
PROJ-0179,2023-02-01,2023-02,55838.07779977998,72065.78456937324,29.062079872773104
PROJ-0179,2023-03-01,2023-03,55838.07779977998,70704.6567712442,26.624446179490093
PROJ-0179,2023-04-01,2023-04,55838.07779977998,70743.10182543084,26.69329714231244
PROJ-0179,2023-05-01,2023-05,55838.07779977998,55900.16233947955,0.11118674235562054
PROJ-0179,2023-06-01,2023-06,55838.07779977998,57758.62514956786,3.4394940253395454
PROJ-0179,2023-07-01,2023-07,55838.07779977998,64371.12432018888,15.281769818449078
PROJ-0179,2023-08-01,2023-08,55838.07779977998,70417.17455225234,26.109596402564215
PROJ-0179,2023-09-01,2023-09,55838.07779977998,48634.80549023591,-12.900287032395767
PROJ-0179,2023-10-01,2023-10,55838.07779977998,53164.6026709905,-4.787906808640212
PROJ-0179,2023-11-01,2023-11,55838.07779977998,48558.10031073386,-13.037657770294524
PROJ-0179,2023-12-01,2023-12,55838.07779977998,61757.15219482651,10.600426497972766
PROJ-0179,2024-01-01,2024-01,55838.07779977998,53222.09168700223,-4.684950155623124
PROJ-0179,2024-02-01,2024-02,55838.07779977998,53775.080059682114,-3.6946073743713264
PROJ-0179,2024-03-01,2024-03,55838.07779977998,46650.3676713919,-16.454202025601038
PROJ-0179,2024-04-01,2024-04,55838.07779977998,54436.43209645847,-2.5101969096204044
PROJ-0179,2024-05-01,2024-05,55838.07779977998,68750.53578098811,23.124825370079265
PROJ-0179,2024-06-01,2024-06,55838.07779977998,51177.63114151095,-8.346359405458252
PROJ-0179,2024-07-01,2024-07,55838.07779977998,64079.428151658765,14.759373310503285
PROJ-0179,2024-08-01,2024-08,55838.07779977998,62249.08049463791,11.481417246929631
PROJ-0179,2024-09-01,2024-09,55838.07779977998,68778.1226103376,23.174230418455764
PROJ-0179,2024-10-01,2024-10,55838.07779977998,48363.81459627993,-13.385602617448088
PROJ-0179,2024-11-01,2024-11,55838.07779977998,71963.83437083916,28.87949801725216
PROJ-0179,2024-12-01,2024-12,55838.07779977998,60936.89407281519,9.131432302018279
PROJ-0179,2025-01-01,2025-01,55838.07779977998,72463.14382302972,29.77370761734072
PROJ-0179,2025-02-01,2025-02,55838.07779977998,70119.07732909523,25.575736293292543
PROJ-0179,2025-03-01,2025-03,55838.07779977998,50855.011576947305,-8.92413639434471
PROJ-0179,2025-04-01,2025-04,55838.07779977998,46238.45157901059,-17.191899504834346
PROJ-0179,2025-05-01,2025-05,55838.07779977998,51807.66004382931,-7.218045310231924
PROJ-0179,2025-06-01,2025-06,55838.07779977998,59399.532278406696,6.378182449970993
PROJ-0179,2025-07-01,2025-07,55838.07779977998,49461.26788699682,-11.4201816467405
PROJ-0180,2023-07-01,2023-07,772581.46875,682753.3226881037,-11.627012774100574
PROJ-0180,2023-08-01,2023-08,772581.46875,796760.7760283859,3.1296773552576553
PROJ-0180,2023-09-01,2023-09,772581.46875,630916.2840141779,-18.33660144153208
PROJ-0181,2023-07-01,2023-07,41520.77206434317,35747.061297565655,-13.905595873386478
PROJ-0181,2023-08-01,2023-08,41520.77206434317,41850.05959343946,0.7930669703973763
PROJ-0181,2023-09-01,2023-09,41520.77206434317,34527.21893680786,-16.84350453960168
PROJ-0181,2023-10-01,2023-10,41520.77206434317,41453.405783707356,-0.16224717722353432
PROJ-0181,2023-11-01,2023-11,41520.77206434317,43057.170714232445,3.7003132974222552
PROJ-0181,2023-12-01,2023-12,41520.77206434317,42585.08676306338,2.563330703655719
PROJ-0181,2024-01-01,2024-01,41520.77206434317,51261.023220620315,23.458742870154367
PROJ-0181,2024-02-01,2024-02,41520.77206434317,44220.9188395091,6.5031227525866235
PROJ-0181,2024-03-01,2024-03,41520.77206434317,42932.0727080329,3.399023123902168
PROJ-0181,2024-04-01,2024-04,41520.77206434317,41743.10013278742,0.5354622695833093
PROJ-0181,2024-05-01,2024-05,41520.77206434317,50190.794614003935,20.881168915224308
PROJ-0181,2024-06-01,2024-06,41520.77206434317,51798.338271155604,24.752830199991656
PROJ-0181,2024-07-01,2024-07,41520.77206434317,50930.26069104997,22.662123459855877
PROJ-0181,2024-08-01,2024-08,41520.77206434317,47199.70462413043,13.677328906569542
PROJ-0181,2024-09-01,2024-09,41520.77206434317,36068.3005238373,-13.13191270156629
PROJ-0181,2024-10-01,2024-10,41520.77206434317,38964.54509884428,-6.156501525399387
PROJ-0181,2024-11-01,2024-11,41520.77206434317,34172.90463533688,-17.69684681590113
PROJ-0181,2024-12-01,2024-12,41520.77206434317,52540.88477630833,26.541203749505705
PROJ-0181,2025-01-01,2025-01,41520.77206434317,46935.05021734922,13.039926484545518
PROJ-0181,2025-02-01,2025-02,41520.77206434317,48711.399249902446,17.318144215662073
PROJ-0181,2025-03-01,2025-03,41520.77206434317,39684.96724191684,-4.4214130208885525
PROJ-0181,2025-04-01,2025-04,41520.77206434317,50772.71122341778,22.28267611386712
PROJ-0181,2025-05-01,2025-05,41520.77206434317,38606.08203648191,-7.019835814576075
PROJ-0181,2025-06-01,2025-06,41520.77206434317,33250.74268367212,-19.917812144377514
PROJ-0181,2025-07-01,2025-07,41520.77206434317,41031.13758168954,-1.1792518739653026
PROJ-0182,2023-11-01,2023-11,35207.25817610063,38213.279949430325,8.538074047953671
PROJ-0182,2023-12-01,2023-12,35207.25817610063,36592.749303153374,3.935242898276126
PROJ-0182,2024-01-01,2024-01,35207.25817610063,43341.475200456094,23.10380712882985
PROJ-0182,2024-02-01,2024-02,35207.25817610063,30021.322098772747,-14.729735702191654
PROJ-0182,2024-03-01,2024-03,35207.25817610063,37915.10897006446,7.691172031686278
PROJ-0182,2024-04-01,2024-04,35207.25817610063,37196.10474495697,5.648967491045372
PROJ-0182,2024-05-01,2024-05,35207.25817610063,33119.34422701962,-5.93035089139185
PROJ-0182,2024-06-01,2024-06,35207.25817610063,42640.00526045387,21.111405628850527
PROJ-0182,2024-07-01,2024-07,35207.25817610063,41418.67503846809,17.642432794110313
PROJ-0182,2024-08-01,2024-08,35207.25817610063,41066.787848440035,16.642959366591548
PROJ-0182,2024-09-01,2024-09,35207.25817610063,43589.97393807735,23.8096239134778
PROJ-0182,2024-10-01,2024-10,35207.25817610063,40889.43856077635,16.13923003107606
PROJ-0182,2024-11-01,2024-11,35207.25817610063,32247.05464752102,-8.407935414263678
PROJ-0182,2024-12-01,2024-12,35207.25817610063,40586.27081512067,15.278135582484552
PROJ-0182,2025-01-01,2025-01,35207.25817610063,33582.49273714488,-4.614859330507809
PROJ-0182,2025-02-01,2025-02,35207.25817610063,32428.959260125648,-7.891267482626473
PROJ-0182,2025-03-01,2025-03,35207.25817610063,29450.934712380567,-16.349820355018633
PROJ-0182,2025-04-01,2025-04,35207.25817610063,41263.40970022965,17.201429017383838
PROJ-0182,2025-05-01,2025-05,35207.25817610063,40682.00375629195,15.55004809749056
PROJ-0182,2025-06-01,2025-06,35207.25817610063,32293.848367196784,-8.275026116295313
PROJ-0182,2025-07-01,2025-07,35207.25817610063,41357.5967976604,17.468950836207796
PROJ-0183,2023-08-01,2023-08,137606.42315789475,173235.53900160943,25.892044154677656
PROJ-0183,2023-09-01,2023-09,137606.42315789475,117517.87774526204,-14.598552125421037
PROJ-0183,2023-10-01,2023-10,137606.42315789475,126091.28637825615,-8.368168080661253
PROJ-0183,2023-11-01,2023-11,137606.42315789475,161705.49068129444,17.513039704365774
PROJ-0183,2023-12-01,2023-12,137606.42315789475,128972.07926345634,-6.274666324646088
PROJ-0183,2024-01-01,2024-01,137606.42315789475,153064.02611470452,11.23319871418584
PROJ-0183,2024-02-01,2024-02,137606.42315789475,115669.49783473393,-15.941788776814274
PROJ-0183,2024-03-01,2024-03,137606.42315789475,141198.12137260108,2.6101239551769346
PROJ-0183,2024-04-01,2024-04,137606.42315789475,160937.00200988204,16.95457109964765
PROJ-0183,2024-05-01,2024-05,137606.42315789475,157319.50260141815,14.325697152162626
PROJ-0183,2024-06-01,2024-06,137606.42315789475,166164.71672121043,20.753605033790343
PROJ-0184,2023-09-01,2023-09,65943.41115044248,81685.82209506542,23.87260633015844
PROJ-0184,2023-10-01,2023-10,65943.41115044248,78247.90767947646,18.659175062937912
PROJ-0184,2023-11-01,2023-11,65943.41115044248,74898.12224846361,13.579387146946296
PROJ-0184,2023-12-01,2023-12,65943.41115044248,53800.67358062453,-18.413875409198443
PROJ-0184,2024-01-01,2024-01,65943.41115044248,70393.4925685657,6.748333670472203
PROJ-0184,2024-02-01,2024-02,65943.41115044248,53997.68720710219,-18.11511375425736
PROJ-0184,2024-03-01,2024-03,65943.41115044248,79398.10307111521,20.403390855801128
PROJ-0184,2024-04-01,2024-04,65943.41115044248,63329.56351160055,-3.963773777002121
PROJ-0184,2024-05-01,2024-05,65943.41115044248,71298.98465062604,8.121468705896046
PROJ-0185,2023-05-01,2023-05,34263.945436654365,32198.605730575488,-6.02773463405487
PROJ-0185,2023-06-01,2023-06,34263.945436654365,40816.927474933764,19.125007219014677
PROJ-0185,2023-07-01,2023-07,34263.945436654365,42598.69345048068,24.325126332095124
PROJ-0185,2023-08-01,2023-08,34263.945436654365,34240.688684547604,-0.06787528934680154
PROJ-0185,2023-09-01,2023-09,34263.945436654365,42194.71925298735,23.14611967554945
PROJ-0185,2023-10-01,2023-10,34263.945436654365,31986.67809081241,-6.64624962718338
PROJ-0185,2023-11-01,2023-11,34263.945436654365,36570.952697008994,6.73304615377619
PROJ-0185,2023-12-01,2023-12,34263.945436654365,42123.43373687181,22.938071491935197
PROJ-0185,2024-01-01,2024-01,34263.945436654365,32994.14662042905,-3.705932869210482
PROJ-0185,2024-02-01,2024-02,34263.945436654365,43755.78240677233,27.702113253904287
PROJ-0185,2024-03-01,2024-03,34263.945436654365,29499.192648765464,-13.90602491093082
PROJ-0185,2024-04-01,2024-04,34263.945436654365,27724.24434525213,-19.086246513824687
PROJ-0185,2024-05-01,2024-05,34263.945436654365,42900.77854336818,25.20676762890953
PROJ-0185,2024-06-01,2024-06,34263.945436654365,28587.24342491839,-16.567566692606388
PROJ-0185,2024-07-01,2024-07,34263.945436654365,44404.1749938994,29.594459797374583
PROJ-0185,2024-08-01,2024-08,34263.945436654365,43710.461433051634,27.569843098955303
PROJ-0185,2024-09-01,2024-09,34263.945436654365,29758.594841906102,-13.148954498183967
PROJ-0185,2024-10-01,2024-10,34263.945436654365,36621.04149048066,6.87923128462829
PROJ-0185,2024-11-01,2024-11,34263.945436654365,30579.205840595554,-10.753985126642783
PROJ-0185,2024-12-01,2024-12,34263.945436654365,34746.29909288616,1.4077586515059934
PROJ-0185,2025-01-01,2025-01,34263.945436654365,28463.48998802267,-16.928743537008366
PROJ-0185,2025-02-01,2025-02,34263.945436654365,31247.426278417322,-8.803770610170524
PROJ-0185,2025-03-01,2025-03,34263.945436654365,33634.73598653987,-1.8363601800550242
PROJ-0185,2025-04-01,2025-04,34263.945436654365,34926.05335650132,1.9323750123027423
PROJ-0185,2025-05-01,2025-05,34263.945436654365,44157.595577225155,28.87481291044466
PROJ-0185,2025-06-01,2025-06,34263.945436654365,41251.48855125523,20.39328228419906
PROJ-0185,2025-07-01,2025-07,34263.945436654365,40044.443397498915,16.87049721559731
PROJ-0186,2023-10-01,2023-10,953991.161025641,1019359.2625052292,6.852065737098712
PROJ-0186,2023-11-01,2023-11,953991.161025641,1163868.1482694508,21.99988803021717
PROJ-0187,2024-03-01,2024-03,14966.571378299122,14512.50682270333,-3.033858217214444
PROJ-0187,2024-04-01,2024-04,14966.571378299122,17278.151688306676,15.444955638665803
PROJ-0187,2024-05-01,2024-05,14966.571378299122,19410.026503692934,29.689198768908604
PROJ-0187,2024-06-01,2024-06,14966.571378299122,14327.715114266812,-4.26855455324006
PROJ-0187,2024-07-01,2024-07,14966.571378299122,17017.122875672358,13.700876744198368
PROJ-0187,2024-08-01,2024-08,14966.571378299122,18291.506442687078,22.21574320761912
PROJ-0187,2024-09-01,2024-09,14966.571378299122,18826.50688514203,25.790379167533615
PROJ-0187,2024-10-01,2024-10,14966.571378299122,17345.752534523996,15.896634547005092
PROJ-0187,2024-11-01,2024-11,14966.571378299122,14095.576217276179,-5.819603829143187
PROJ-0187,2024-12-01,2024-12,14966.571378299122,14414.919658100123,-3.6858924215526763
PROJ-0187,2025-01-01,2025-01,14966.571378299122,12128.595387367466,-18.96209839380179
PROJ-0187,2025-02-01,2025-02,14966.571378299122,17667.184250423077,18.044298883575486
PROJ-0188,2023-01-01,2023-01,64603.826666666675,53063.63238424731,-17.86301969690243
PROJ-0188,2023-02-01,2023-02,64603.826666666675,79612.98675517383,23.232617730137285
PROJ-0188,2023-03-01,2023-03,64603.826666666675,55516.02621816997,-14.06696927627306
PROJ-0188,2023-04-01,2023-04,64603.826666666675,57235.001532383576,-11.406174393203788
PROJ-0188,2023-05-01,2023-05,64603.826666666675,67075.77809519548,3.826323541611867
PROJ-0188,2023-06-01,2023-06,64603.826666666675,75518.01055447807,16.894020758437115
PROJ-0188,2023-07-01,2023-07,64603.826666666675,56173.098518816165,-13.049889740046115
PROJ-0188,2023-08-01,2023-08,64603.826666666675,65898.1990606382,2.0035537533249226
PROJ-0188,2023-09-01,2023-09,64603.826666666675,67280.0813522181,4.14256372050524
PROJ-0188,2023-10-01,2023-10,64603.826666666675,58540.29373242323,-9.385717916570433
PROJ-0188,2023-11-01,2023-11,64603.826666666675,55415.81800181179,-14.222081165968413
PROJ-0189,2023-12-01,2023-12,71541.54583473863,87152.65956724666,21.821046149281976
PROJ-0189,2024-01-01,2024-01,71541.54583473863,75206.82132423321,5.123282488138276
PROJ-0189,2024-02-01,2024-02,71541.54583473863,57747.66459445114,-19.280938200792352
PROJ-0189,2024-03-01,2024-03,71541.54583473863,85956.49845381257,20.14906506545519
PROJ-0189,2024-04-01,2024-04,71541.54583473863,92316.98916003852,29.03969027072924
PROJ-0189,2024-05-01,2024-05,71541.54583473863,78907.68500863948,10.296309770712366
PROJ-0189,2024-06-01,2024-06,71541.54583473863,75251.27499874956,5.185419354203535
PROJ-0189,2024-07-01,2024-07,71541.54583473863,88654.85103178721,23.92079315224808
PROJ-0189,2024-08-01,2024-08,71541.54583473863,91305.4984515803,27.625839484229928
PROJ-0189,2024-09-01,2024-09,71541.54583473863,84223.60534431001,17.726845795123026
PROJ-0189,2024-10-01,2024-10,71541.54583473863,73167.43226269298,2.272646486714393
PROJ-0189,2024-11-01,2024-11,71541.54583473863,78417.45386008255,9.611069966572025
PROJ-0189,2024-12-01,2024-12,71541.54583473863,82306.23643960313,15.046768250899959
PROJ-0189,2025-01-01,2025-01,71541.54583473863,64182.552459942766,-10.286321449909929
PROJ-0189,2025-02-01,2025-02,71541.54583473863,73229.96323961827,2.360051610821902
PROJ-0189,2025-03-01,2025-03,71541.54583473863,86916.58468999712,21.491063235864253
PROJ-0189,2025-04-01,2025-04,71541.54583473863,80653.2684321742,12.736267424922147
PROJ-0189,2025-05-01,2025-05,71541.54583473863,71942.3239787248,0.5602033605927055
PROJ-0189,2025-06-01,2025-06,71541.54583473863,80962.22723392074,13.16812670073407
PROJ-0189,2025-07-01,2025-07,71541.54583473863,61462.14372377853,-14.088879396377006
PROJ-0190,2024-01-01,2024-01,96890.94573426573,96963.49818625198,0.07488052824381697
PROJ-0190,2024-02-01,2024-02,96890.94573426573,115936.24365345058,19.656426898152816
PROJ-0190,2024-03-01,2024-03,96890.94573426573,88195.40905160544,-8.9745606431676
PROJ-0190,2024-04-01,2024-04,96890.94573426573,86521.74975611658,-10.701924622129116
PROJ-0190,2024-05-01,2024-05,96890.94573426573,123575.61617795768,27.54093299582157
PROJ-0190,2024-06-01,2024-06,96890.94573426573,87681.34650640783,-9.505118520688464
PROJ-0190,2024-07-01,2024-07,96890.94573426573,90153.08055838564,-6.9540710174915965
PROJ-0190,2024-08-01,2024-08,96890.94573426573,124486.25924714224,28.480796945216895
PROJ-0190,2024-09-01,2024-09,96890.94573426573,113106.06069343687,16.735428513251286
PROJ-0190,2024-10-01,2024-10,96890.94573426573,111405.04144594414,14.97982665117641
PROJ-0190,2024-11-01,2024-11,96890.94573426573,118833.17857410145,22.646319192729067
PROJ-0190,2024-12-01,2024-12,96890.94573426573,83123.86057530288,-14.208845888160287
PROJ-0190,2025-01-01,2025-01,96890.94573426573,111713.14029203255,15.29781182900036
PROJ-0190,2025-02-01,2025-02,96890.94573426573,101914.18944410767,5.184430466411946
PROJ-0190,2025-03-01,2025-03,96890.94573426573,117681.35143406372,21.457532014206997
PROJ-0190,2025-04-01,2025-04,96890.94573426573,102129.92243166552,5.407085933259715
PROJ-0190,2025-05-01,2025-05,96890.94573426573,107560.6422867209,11.012067713445607
PROJ-0190,2025-06-01,2025-06,96890.94573426573,100657.19980938766,3.887106319976798
PROJ-0190,2025-07-01,2025-07,96890.94573426573,100677.39174471468,3.907946177792205
PROJ-0191,2023-02-01,2023-02,52255.896398641,61870.19692434563,18.39849890309158
PROJ-0191,2023-03-01,2023-03,52255.896398641,58227.86747485835,11.428320032364159
PROJ-0191,2023-04-01,2023-04,52255.896398641,58350.585247099334,11.663160080470519
PROJ-0191,2023-05-01,2023-05,52255.896398641,53569.67453152427,2.5141241915762897
PROJ-0191,2023-06-01,2023-06,52255.896398641,55681.51852738692,6.55547481687638
PROJ-0191,2023-07-01,2023-07,52255.896398641,61288.78967282966,17.285883310239363
PROJ-0191,2023-08-01,2023-08,52255.896398641,63384.85866916817,21.297045955595912
PROJ-0191,2023-09-01,2023-09,52255.896398641,60004.43735177849,14.828070107202308
PROJ-0191,2023-10-01,2023-10,52255.896398641,65948.84830386408,26.203649442284153
PROJ-0191,2023-11-01,2023-11,52255.896398641,63238.10240067769,21.01620440736005
PROJ-0191,2023-12-01,2023-12,52255.896398641,56485.0651141298,8.093189490475922
PROJ-0191,2024-01-01,2024-01,52255.896398641,59347.18020565758,13.570303632186842
PROJ-0191,2024-02-01,2024-02,52255.896398641,66007.25179491164,26.315413846059798
PROJ-0191,2024-03-01,2024-03,52255.896398641,57982.30770557001,10.958402212152919
PROJ-0191,2024-04-01,2024-04,52255.896398641,63355.23033016946,21.24034739899153
PROJ-0191,2024-05-01,2024-05,52255.896398641,59801.922275859855,14.440525179499353
PROJ-0191,2024-06-01,2024-06,52255.896398641,56225.68177002213,7.596818053023327
PROJ-0191,2024-07-01,2024-07,52255.896398641,48123.45296134229,-7.908090229232345
PROJ-0191,2024-08-01,2024-08,52255.896398641,52935.15824062292,1.2998759734214076
PROJ-0191,2024-09-01,2024-09,52255.896398641,67089.85151643222,28.387141241685782
PROJ-0191,2024-10-01,2024-10,52255.896398641,58990.77698036549,12.88826916363
PROJ-0191,2024-11-01,2024-11,52255.896398641,56551.210380345714,8.219769016949481
PROJ-0191,2024-12-01,2024-12,52255.896398641,66180.95950292719,26.647831276411367
PROJ-0191,2025-01-01,2025-01,52255.896398641,57129.06655215047,9.325589051872434
PROJ-0191,2025-02-01,2025-02,52255.896398641,55550.173908690784,6.304125920870149
PROJ-0191,2025-03-01,2025-03,52255.896398641,61643.95180945911,17.965542757510264
PROJ-0191,2025-04-01,2025-04,52255.896398641,60425.20749522992,15.633280949327222
PROJ-0191,2025-05-01,2025-05,52255.896398641,46851.59181278865,-10.341999579578363
PROJ-0191,2025-06-01,2025-06,52255.896398641,54119.03530289657,3.5654137287060585
PROJ-0191,2025-07-01,2025-07,52255.896398641,54150.57613228191,3.6257721409792616
PROJ-0192,2023-12-01,2023-12,75434.63918918918,74613.3262712952,-1.0887742378327623
PROJ-0192,2024-01-01,2024-01,75434.63918918918,79858.6349418886,5.864674107612657
PROJ-0192,2024-02-01,2024-02,75434.63918918918,75929.01509831735,0.6553698863572102
PROJ-0192,2024-03-01,2024-03,75434.63918918918,67866.48888747685,-10.032725526440844
PROJ-0192,2024-04-01,2024-04,75434.63918918918,75901.06994199082,0.6183243637340539
PROJ-0192,2024-05-01,2024-05,75434.63918918918,63073.804082290604,-16.38615262134117
PROJ-0193,2024-03-01,2024-03,80758.44278688524,87856.53905769052,8.789293138720577
PROJ-0193,2024-04-01,2024-04,80758.44278688524,99076.66025472074,22.682727447055598
PROJ-0193,2024-05-01,2024-05,80758.44278688524,93893.28198246527,16.264354217727764
PROJ-0193,2024-06-01,2024-06,80758.44278688524,79159.18496173037,-1.9802979972944392
PROJ-0193,2024-07-01,2024-07,80758.44278688524,68122.62171650826,-15.646439721134591
PROJ-0193,2024-08-01,2024-08,80758.44278688524,72769.38957537682,-9.892530038736462
PROJ-0193,2024-09-01,2024-09,80758.44278688524,86633.22945633355,7.274517024741783
PROJ-0193,2024-10-01,2024-10,80758.44278688524,72967.55804051219,-9.647145830848357
PROJ-0193,2024-11-01,2024-11,80758.44278688524,86571.96492216368,7.1986555642483765
PROJ-0193,2024-12-01,2024-12,80758.44278688524,73958.54252495506,-8.420048761805054
PROJ-0193,2025-01-01,2025-01,80758.44278688524,98885.63910126052,22.44619347380364
PROJ-0193,2025-02-01,2025-02,80758.44278688524,80648.26698463214,-0.1364263579770153
PROJ-0193,2025-03-01,2025-03,80758.44278688524,74521.89731781921,-7.722468702775448
PROJ-0193,2025-04-01,2025-04,80758.44278688524,97407.85290539385,20.616309012353078
PROJ-0193,2025-05-01,2025-05,80758.44278688524,78450.32469168617,-2.858051759727463
PROJ-0193,2025-06-01,2025-06,80758.44278688524,69108.54025939338,-14.425615608060903
PROJ-0193,2025-07-01,2025-07,80758.44278688524,87639.44536781684,8.520474570182081
PROJ-0194,2023-10-01,2023-10,64234.60665667167,70065.95928417453,9.078210221899436
PROJ-0194,2023-11-01,2023-11,64234.60665667167,74341.78311433322,15.734783761786709
PROJ-0194,2023-12-01,2023-12,64234.60665667167,59102.88572705196,-7.989028339580722
PROJ-0194,2024-01-01,2024-01,64234.60665667167,65640.42403138474,2.1885669546122557
PROJ-0194,2024-02-01,2024-02,64234.60665667167,60456.581431421306,-5.881604047867189
PROJ-0194,2024-03-01,2024-03,64234.60665667167,53987.70102372694,-15.952313194215595
PROJ-0194,2024-04-01,2024-04,64234.60665667167,79542.15750942005,23.83069135079458
PROJ-0194,2024-05-01,2024-05,64234.60665667167,74797.01792295421,16.443490224417054
PROJ-0194,2024-06-01,2024-06,64234.60665667167,61069.86584826378,-4.926847027059965
PROJ-0194,2024-07-01,2024-07,64234.60665667167,70637.9295442194,9.968649643599317
PROJ-0194,2024-08-01,2024-08,64234.60665667167,57851.7354578621,-9.936810593276379
PROJ-0194,2024-09-01,2024-09,64234.60665667167,79979.6849415451,24.511831089788544
PROJ-0194,2024-10-01,2024-10,64234.60665667167,55078.167209441715,-14.254682831904486
PROJ-0194,2024-11-01,2024-11,64234.60665667167,51510.924091526336,-19.808142724609954
PROJ-0194,2024-12-01,2024-12,64234.60665667167,67510.83488543784,5.100409886959106
PROJ-0194,2025-01-01,2025-01,64234.60665667167,70116.17851036541,9.156391172643463
PROJ-0194,2025-02-01,2025-02,64234.60665667167,69982.49013386479,8.94826601479022
PROJ-0194,2025-03-01,2025-03,64234.60665667167,53138.46143387024,-17.274403628108686
PROJ-0194,2025-04-01,2025-04,64234.60665667167,61473.92553052196,-4.297809654078376
PROJ-0194,2025-05-01,2025-05,64234.60665667167,67420.60932222618,4.959947342066592
PROJ-0194,2025-06-01,2025-06,64234.60665667167,58343.62472473138,-9.171040718637956
PROJ-0194,2025-07-01,2025-07,64234.60665667167,79414.07558164552,23.631294274294817
PROJ-0195,2024-01-01,2024-01,132280.41188571427,111585.75585308662,-15.644535526928298
PROJ-0195,2024-02-01,2024-02,132280.41188571427,138060.03685410478,4.369222083602143
PROJ-0195,2024-03-01,2024-03,132280.41188571427,151554.72994468966,14.570802875657606
PROJ-0195,2024-04-01,2024-04,132280.41188571427,123136.60117723551,-6.912444993275878
PROJ-0195,2024-05-01,2024-05,132280.41188571427,147111.7404115082,11.212036849875908
PROJ-0195,2024-06-01,2024-06,132280.41188571427,160680.03414493555,21.469257507118726
PROJ-0195,2024-07-01,2024-07,132280.41188571427,118413.25623989833,-10.483151245247623
PROJ-0196,2023-05-01,2023-05,34201.02270807453,43045.75931111747,25.86102959124314
PROJ-0196,2023-06-01,2023-06,34201.02270807453,36826.95213937649,7.677926633117899
PROJ-0196,2023-07-01,2023-07,34201.02270807453,32477.83845350124,-5.0383997849469715
PROJ-0196,2023-08-01,2023-08,34201.02270807453,34728.71499661506,1.542913769113536
PROJ-0196,2023-09-01,2023-09,34201.02270807453,32699.45901978704,-4.390405810680601
PROJ-0196,2023-10-01,2023-10,34201.02270807453,39760.58978983843,16.255557996665807
PROJ-0196,2023-11-01,2023-11,34201.02270807453,40977.9667024175,19.815033170756607
PROJ-0196,2023-12-01,2023-12,34201.02270807453,41604.47350100708,21.64686961593305
PROJ-0196,2024-01-01,2024-01,34201.02270807453,44217.959310950035,29.28841247928706
PROJ-0196,2024-02-01,2024-02,34201.02270807453,40892.18419457051,19.56421462483418
PROJ-0196,2024-03-01,2024-03,34201.02270807453,37644.793295406555,10.06920353442817
PROJ-0196,2024-04-01,2024-04,34201.02270807453,33161.65873062824,-3.0389850804108107
PROJ-0196,2024-05-01,2024-05,34201.02270807453,36673.67882049481,7.22977243553747
PROJ-0196,2024-06-01,2024-06,34201.02270807453,28063.104921551516,-17.94659136047973
PROJ-0196,2024-07-01,2024-07,34201.02270807453,40097.70782733057,17.241253776495654
PROJ-0196,2024-08-01,2024-08,34201.02270807453,34986.88602870299,2.297777254605087
PROJ-0196,2024-09-01,2024-09,34201.02270807453,27703.225633839396,-18.99883851339062
PROJ-0196,2024-10-01,2024-10,34201.02270807453,28429.71882946455,-16.87465292447946
PROJ-0196,2024-11-01,2024-11,34201.02270807453,33986.69283035224,-0.626676808912169
PROJ-0196,2024-12-01,2024-12,34201.02270807453,37337.62447662404,9.171075950921754
PROJ-0196,2025-01-01,2025-01,34201.02270807453,35298.9430661044,3.2101974476063333
PROJ-0196,2025-02-01,2025-02,34201.02270807453,37949.52862478301,10.960215864607743
PROJ-0196,2025-03-01,2025-03,34201.02270807453,35574.095592200116,4.01471293956779
PROJ-0196,2025-04-01,2025-04,34201.02270807453,38676.29228912352,13.085192274067339
PROJ-0196,2025-05-01,2025-05,34201.02270807453,31107.98592332816,-9.043696766459956
PROJ-0196,2025-06-01,2025-06,34201.02270807453,29290.494370118897,-14.35784064081893
PROJ-0196,2025-07-01,2025-07,34201.02270807453,37560.14377946907,9.821697731282999
PROJ-0197,2024-01-01,2024-01,110091.71194029851,114753.51889175602,4.234475846815371
PROJ-0197,2024-02-01,2024-02,110091.71194029851,89552.32256705212,-18.656617297753236
PROJ-0197,2024-03-01,2024-03,110091.71194029851,109017.32062033929,-0.9759057253482055
PROJ-0197,2024-04-01,2024-04,110091.71194029851,93915.14324592391,-14.693720725450225
PROJ-0197,2024-05-01,2024-05,110091.71194029851,117322.36118165251,6.56784158763476
PROJ-0197,2024-06-01,2024-06,110091.71194029851,109859.29070302675,-0.21111601697846183
PROJ-0197,2024-07-01,2024-07,110091.71194029851,121824.84133863728,10.657595555150895
PROJ-0197,2024-08-01,2024-08,110091.71194029851,132418.433255898,20.280110938511918
PROJ-0197,2024-09-01,2024-09,110091.71194029851,104568.8887617417,-5.01656580792546
PROJ-0197,2024-10-01,2024-10,110091.71194029851,141033.10340668444,28.105105208251373
PROJ-0198,2023-11-01,2023-11,81105.45902912621,86605.80824429698,6.781725029378723
PROJ-0198,2023-12-01,2023-12,81105.45902912621,89957.74674654707,10.914539937739399
PROJ-0198,2024-01-01,2024-01,81105.45902912621,92487.48986276003,14.033618661286852
PROJ-0198,2024-02-01,2024-02,81105.45902912621,91922.15061244667,13.336576492879487
PROJ-0198,2024-03-01,2024-03,81105.45902912621,85605.6255558627,5.548537152253104
PROJ-0198,2024-04-01,2024-04,81105.45902912621,82271.92954637812,1.4382145557341737
PROJ-0198,2024-05-01,2024-05,81105.45902912621,67065.3726693481,-17.310901791131105
PROJ-0198,2024-06-01,2024-06,81105.45902912621,65780.0085339002,-18.895707734941013
PROJ-0199,2023-06-01,2023-06,176007.16513513515,172307.5996471574,-2.101940273361766
PROJ-0199,2023-07-01,2023-07,176007.16513513515,170169.08584655842,-3.316955468315367
PROJ-0199,2023-08-01,2023-08,176007.16513513515,174924.29467802853,-0.6152422580496619
PROJ-0199,2023-09-01,2023-09,176007.16513513515,152982.6294996977,-13.081589955590498
PROJ-0199,2023-10-01,2023-10,176007.16513513515,205767.1844530558,16.908413526842182
PROJ-0199,2023-11-01,2023-11,176007.16513513515,216221.67074133607,22.848220738811946
PROJ-0199,2023-12-01,2023-12,176007.16513513515,223415.98302963108,26.93573176870175
PROJ-0199,2024-01-01,2024-01,176007.16513513515,184135.37873905528,4.618115175981291
PROJ-0199,2024-02-01,2024-02,176007.16513513515,202484.42452986873,15.043284956271428
PROJ-0199,2024-03-01,2024-03,176007.16513513515,216097.2960401721,22.777556171793627
PROJ-0199,2024-04-01,2024-04,176007.16513513515,177616.8484405033,0.9145555546742976
PROJ-0200,2023-02-01,2023-02,93326.39729903538,89099.30855097032,-4.529360256477782
PROJ-0200,2023-03-01,2023-03,93326.39729903538,118371.68186890092,26.836227792674507
PROJ-0200,2023-04-01,2023-04,93326.39729903538,98724.23518103591,5.783827553853655
PROJ-0200,2023-05-01,2023-05,93326.39729903538,97864.57472846318,4.862694329543899
PROJ-0200,2023-06-01,2023-06,93326.39729903538,82986.58359544224,-11.079195171825212
PROJ-0200,2023-07-01,2023-07,93326.39729903538,79707.97676920633,-14.592249271332163
PROJ-0200,2023-08-01,2023-08,93326.39729903538,113956.51764741848,22.105343124175583
PROJ-0200,2023-09-01,2023-09,93326.39729903538,103318.53623692572,10.706658809375902
PROJ-0200,2023-10-01,2023-10,93326.39729903538,89865.13512822431,-3.7087707990275653
PROJ-0200,2023-11-01,2023-11,93326.39729903538,83608.14303961741,-10.413189130486677
PROJ-0200,2023-12-01,2023-12,93326.39729903538,100582.3977730506,7.774864008481572
PROJ-0200,2024-01-01,2024-01,93326.39729903538,101908.65962930585,9.195964463056768
