project_id,month,planned_spend,actual_spend,cumulative_planned,cumulative_actual
ADV-0001,2024-04-01,64297.563887688986,60772.55836216002,64297.563887688986,60772.55836216002
ADV-0001,2024-05-01,64297.563887688986,87187.74833991397,128595.12777537797,147960.306702074
ADV-0001,2024-06-01,64297.563887688986,66761.29839618503,192892.69166306697,214721.60509825905
ADV-0001,2024-07-01,64297.563887688986,72855.99490395284,257190.25555075594,287577.60000221187
ADV-0001,2024-08-01,64297.563887688986,59201.30365971511,321487.8194384449,346778.903661927
ADV-0001,2024-09-01,64297.563887688986,97727.81089789595,385785.38332613395,444506.7145598229
ADV-0001,2024-10-01,64297.563887688986,61202.312892236296,450082.9472138229,505709.0274520592
ADV-0001,2024-11-01,64297.563887688986,86346.86418724673,514380.5111015119,592055.891639306
ADV-0001,2024-12-01,64297.563887688986,68337.7945904766,578678.0749892009,660393.6862297825
ADV-0001,2025-01-01,64297.563887688986,56728.03046678109,642975.6388768898,717121.7166965636
ADV-0001,2025-02-01,64297.563887688986,87867.15476347283,707273.2027645789,804988.8714600365
ADV-0001,2025-03-01,64297.563887688986,63411.74534187467,771570.7666522679,868400.6168019112
ADV-0001,2025-04-01,64297.563887688986,91302.39743189358,835868.3305399568,959703.0142338048
ADV-0001,2025-05-01,64297.563887688986,93929.08738968073,900165.8944276458,1053632.1016234856
ADV-0001,2025-06-01,64297.563887688986,91020.67625420427,964463.4583153347,1144652.7778776898
ADV-0001,2025-07-01,64297.563887688986,47745.21430512407,1028761.0222030238,1192397.9921828138
ADV-0002,2023-07-01,9830.375825375171,14380.7441742679,9830.375825375171,14380.7441742679
ADV-0002,2023-08-01,9830.375825375171,11127.776347335279,19660.751650750342,25508.52052160318
ADV-0002,2023-09-01,9830.375825375171,15127.731097458163,29491.12747612551,40636.25161906134
ADV-0002,2023-10-01,9830.375825375171,13088.15992773905,39321.503301500685,53724.41154680039
ADV-0002,2023-11-01,9830.375825375171,14781.011660872191,49151.87912687586,68505.42320767257
ADV-0002,2023-12-01,9830.375825375171,11889.839142831364,58982.25495225102,80395.26235050394
ADV-0002,2024-01-01,9830.375825375171,12197.750957543165,68812.6307776262,92593.0133080471
ADV-0002,2024-02-01,9830.375825375171,8818.447911339654,78643.00660300137,101411.46121938675
ADV-0002,2024-03-01,9830.375825375171,14351.452918407307,88473.38242837654,115762.91413779405
ADV-0002,2024-04-01,9830.375825375171,11197.415985490024,98303.75825375172,126960.33012328407
ADV-0002,2024-05-01,9830.375825375171,11895.447830297679,108134.13407912689,138855.77795358177
ADV-0002,2024-06-01,9830.375825375171,14361.058304038184,117964.50990450205,153216.83625761996
ADV-0002,2024-07-01,9830.375825375171,12749.839688327558,127794.88572987722,165966.67594594753
ADV-0002,2024-08-01,9830.375825375171,9309.04032605306,137625.2615552524,175275.7162720006
ADV-0002,2024-09-01,9830.375825375171,12675.33318573906,147455.63738062757,187951.04945773966
ADV-0002,2024-10-01,9830.375825375171,11095.711475125267,157286.01320600274,199046.7609328649
ADV-0002,2024-11-01,9830.375825375171,11631.128418894545,167116.3890313779,210677.88935175946
ADV-0002,2024-12-01,9830.375825375171,7814.302596915604,176946.76485675309,218492.19194867506
ADV-0002,2025-01-01,9830.375825375171,9386.296732830515,186777.14068212826,227878.48868150558
ADV-0002,2025-02-01,9830.375825375171,10000.574151410618,196607.51650750343,237879.06283291618
ADV-0002,2025-03-01,9830.375825375171,13737.01443216764,206437.8923328786,251616.07726508382
ADV-0002,2025-04-01,9830.375825375171,7668.807677420416,216268.26815825378,259284.88494250423
ADV-0002,2025-05-01,9830.375825375171,11105.611399478821,226098.64398362895,270390.49634198303
ADV-0002,2025-06-01,9830.375825375171,15562.89702548546,235929.0198090041,285953.3933674685
ADV-0002,2025-07-01,9830.375825375171,8537.238472801151,245759.39563437927,294490.63184026966
ADV-0003,2023-06-01,42239.98568854569,48899.75687587959,42239.98568854569,48899.75687587959
ADV-0003,2023-07-01,42239.98568854569,58391.991135618584,84479.97137709138,107291.74801149817
ADV-0003,2023-08-01,42239.98568854569,63874.71701988705,126719.95706563708,171166.46503138522
ADV-0003,2023-09-01,42239.98568854569,56995.17994054309,168959.94275418276,228161.6449719283
ADV-0003,2023-10-01,42239.98568854569,56074.026061977056,211199.92844272844,284235.67103390535
ADV-0003,2023-11-01,42239.98568854569,59796.53270581115,253439.91413127416,344032.2037397165
ADV-0003,2023-12-01,42239.98568854569,46431.85719392941,295679.89981981984,390464.06093364593
ADV-0003,2024-01-01,42239.98568854569,59071.04237003635,337919.8855083655,449535.1033036823
ADV-0003,2024-02-01,42239.98568854569,31030.60797819268,380159.8711969112,480565.711281875
ADV-0003,2024-03-01,42239.98568854569,63243.17644301731,422399.8568854569,543808.8877248922
ADV-0003,2024-04-01,42239.98568854569,46330.126415141596,464639.84257400257,590139.0141400339
ADV-0003,2024-05-01,42239.98568854569,50198.519232785155,506879.8282625483,640337.533372819
ADV-0003,2024-06-01,42239.98568854569,39708.20673989017,549119.8139510939,680045.7401127091
ADV-0003,2024-07-01,42239.98568854569,56845.96671932738,591359.7996396397,736891.7068320365
ADV-0003,2024-08-01,42239.98568854569,33443.97292805682,633599.7853281853,770335.6797600933
ADV-0003,2024-09-01,42239.98568854569,61418.332591922495,675839.771016731,831754.0123520158
ADV-0003,2024-10-01,42239.98568854569,59853.77256198017,718079.7567052768,891607.784913996
ADV-0003,2024-11-01,42239.98568854569,38343.854594674245,760319.7423938224,929951.6395086702
ADV-0003,2024-12-01,42239.98568854569,59193.33761406026,802559.7280823682,989144.9771227305
ADV-0003,2025-01-01,42239.98568854569,58386.204754235645,844799.7137709138,1047531.1818769661
ADV-0003,2025-02-01,42239.98568854569,52969.119855529556,887039.6994594595,1100500.3017324957
ADV-0003,2025-03-01,42239.98568854569,43877.57870421398,929279.6851480051,1144377.8804367096
ADV-0003,2025-04-01,42239.98568854569,40292.171685856534,971519.6708365509,1184670.0521225662
ADV-0003,2025-05-01,42239.98568854569,38896.43514776395,1013759.6565250966,1223566.48727033
ADV-0003,2025-06-01,42239.98568854569,41947.79722003906,1055999.6422136424,1265514.284490369
ADV-0003,2025-07-01,42239.98568854569,62505.067619764384,1098239.6279021879,1328019.3521101335
ADV-0004,2024-06-01,109580.3709002433,91863.8420194407,109580.3709002433,91863.8420194407
ADV-0004,2024-07-01,109580.3709002433,164305.54484790174,219160.7418004866,256169.38686734243
ADV-0004,2024-08-01,109580.3709002433,118020.60896050448,328741.1127007299,374189.9958278469
ADV-0004,2024-09-01,109580.3709002433,134675.09423630277,438321.4836009732,508865.0900641497
ADV-0004,2024-10-01,109580.3709002433,160989.71235408983,547901.8545012166,669854.8024182395
ADV-0004,2024-11-01,109580.3709002433,169657.95842685056,657482.2254014598,839512.76084509
ADV-0004,2024-12-01,109580.3709002433,117624.40837733181,767062.5963017031,957137.1692224218
ADV-0004,2025-01-01,109580.3709002433,128912.78797205519,876642.9672019464,1086049.957194477
ADV-0004,2025-02-01,109580.3709002433,124348.97082471273,986223.3381021897,1210398.9280191897
ADV-0004,2025-03-01,109580.3709002433,85654.69237941703,1095803.709002433,1296053.6203986069
ADV-0004,2025-04-01,109580.3709002433,112914.8733364379,1205384.0799026764,1408968.4937350447
ADV-0004,2025-05-01,109580.3709002433,128656.83695350245,1314964.4508029197,1537625.330688547
ADV-0004,2025-06-01,109580.3709002433,124018.94091272491,1424544.821703163,1661644.271601272
ADV-0004,2025-07-01,109580.3709002433,153993.04540629435,1534125.1926034063,1815637.3170075663
ADV-0005,2023-10-01,10952.21833846154,12804.213891273132,10952.21833846154,12804.213891273132
ADV-0005,2023-11-01,10952.21833846154,13867.056453902936,21904.43667692308,26671.270345176068
ADV-0005,2023-12-01,10952.21833846154,13259.59636066337,32856.65501538462,39930.866705839435
ADV-0005,2024-01-01,10952.21833846154,16420.672631825557,43808.87335384616,56351.53933766499
ADV-0005,2024-02-01,10952.21833846154,17664.15815097041,54761.0916923077,74015.6974886354
ADV-0005,2024-03-01,10952.21833846154,14299.140312554675,65713.31003076924,88314.83780119008
ADV-0005,2024-04-01,10952.21833846154,16916.72061476225,76665.52836923079,105231.55841595233
ADV-0005,2024-05-01,10952.21833846154,11909.639809276847,87617.74670769232,117141.19822522918
ADV-0005,2024-06-01,10952.21833846154,14395.497194678968,98569.96504615385,131536.69541990815
ADV-0005,2024-07-01,10952.21833846154,12402.000684672197,109522.1833846154,143938.69610458036
ADV-0005,2024-08-01,10952.21833846154,13102.998097640717,120474.40172307694,157041.6942022211
ADV-0005,2024-09-01,10952.21833846154,16337.20577994435,131426.62006153847,173378.89998216543
ADV-0005,2024-10-01,10952.21833846154,17854.11777764031,142378.8384,191233.01775980575
ADV-0005,2024-11-01,10952.21833846154,10128.038969518435,153331.05673846157,201361.0567293242
ADV-0005,2024-12-01,10952.21833846154,15343.458039408433,164283.2750769231,216704.51476873262
ADV-0005,2025-01-01,10952.21833846154,14809.912217687934,175235.49341538464,231514.42698642056
ADV-0005,2025-02-01,10952.21833846154,10096.73132426297,186187.71175384618,241611.15831068353
ADV-0005,2025-03-01,10952.21833846154,11046.822928533285,197139.9300923077,252657.9812392168
ADV-0005,2025-04-01,10952.21833846154,12054.124476668787,208092.14843076927,264712.1057158856
ADV-0005,2025-05-01,10952.21833846154,10589.831707372448,219044.3667692308,275301.93742325803
ADV-0005,2025-06-01,10952.21833846154,11370.384546372477,229996.58510769234,286672.3219696305
ADV-0005,2025-07-01,10952.21833846154,11613.004456389954,240948.80344615388,298285.3264260204
ADV-0006,2023-10-01,32490.32854135338,37132.41991871457,32490.32854135338,37132.41991871457
ADV-0006,2023-11-01,32490.32854135338,49821.46863945438,64980.65708270676,86953.88855816895
ADV-0006,2023-12-01,32490.32854135338,44378.056312678105,97470.98562406015,131331.94487084704
ADV-0006,2024-01-01,32490.32854135338,57086.054979582324,129961.31416541353,188417.99985042936
ADV-0006,2024-02-01,32490.32854135338,39557.320067742505,162451.6427067669,227975.31991817185
ADV-0006,2024-03-01,32490.32854135338,49958.709160181665,194941.9712481203,277934.02907835355
ADV-0006,2024-04-01,32490.32854135338,53565.706160955524,227432.29978947368,331499.7352393091
ADV-0006,2024-05-01,32490.32854135338,47661.87256504303,259922.62833082705,379161.6078043521
ADV-0006,2024-06-01,32490.32854135338,39469.2613449988,292412.95687218045,418630.8691493509
ADV-0006,2024-07-01,32490.32854135338,49950.414435251245,324903.2854135338,468581.2835846022
ADV-0006,2024-08-01,32490.32854135338,33083.659710188054,357393.6139548872,501664.9432947902
ADV-0006,2024-09-01,32490.32854135338,36883.32129846853,389883.9424962406,538548.2645932587
ADV-0006,2024-10-01,32490.32854135338,43604.32384342155,422374.27103759395,582152.5884366803
ADV-0006,2024-11-01,32490.32854135338,44485.317971696175,454864.59957894735,626637.9064083764
ADV-0006,2024-12-01,32490.32854135338,27516.109694154165,487354.9281203007,654154.0161025305
ADV-0006,2025-01-01,32490.32854135338,55824.485928835755,519845.2566616541,709978.5020313663
ADV-0006,2025-02-01,32490.32854135338,48203.17594876509,552335.5852030074,758181.6779801315
ADV-0006,2025-03-01,32490.32854135338,42040.67672793697,584825.9137443609,800222.3547080684
ADV-0006,2025-04-01,32490.32854135338,55456.83560862692,617316.2422857143,855679.1903166954
ADV-0006,2025-05-01,32490.32854135338,40304.45443734974,649806.5708270676,895983.6447540451
ADV-0006,2025-06-01,32490.32854135338,56907.82343453547,682296.899368421,952891.4681885806
ADV-0006,2025-07-01,32490.32854135338,42549.230640830356,714787.2279097744,995440.698829411
ADV-0007,2023-09-01,6540.862544378699,5383.690822570632,6540.862544378699,5383.690822570632
ADV-0007,2023-10-01,6540.862544378699,8923.793017147553,13081.725088757397,14307.483839718185
ADV-0007,2023-11-01,6540.862544378699,8456.307747893754,19622.587633136096,22763.791587611937
ADV-0007,2023-12-01,6540.862544378699,8968.339843025613,26163.450177514795,31732.13143063755
ADV-0007,2024-01-01,6540.862544378699,9939.493204302147,32704.312721893493,41671.6246349397
ADV-0007,2024-02-01,6540.862544378699,8987.400882430584,39245.17526627219,50659.02551737028
ADV-0007,2024-03-01,6540.862544378699,8088.640276935269,45786.03781065089,58747.665794305554
ADV-0007,2024-04-01,6540.862544378699,9427.220953068507,52326.90035502959,68174.88674737405
ADV-0007,2024-05-01,6540.862544378699,8425.55346434193,58867.76289940829,76600.44021171599
ADV-0007,2024-06-01,6540.862544378699,6982.730875137642,65408.62544378699,83583.17108685363
ADV-0007,2024-07-01,6540.862544378699,9581.288596523797,71949.48798816568,93164.45968337743
ADV-0007,2024-08-01,6540.862544378699,5969.329715528393,78490.35053254438,99133.78939890582
ADV-0007,2024-09-01,6540.862544378699,8650.824061608666,85031.21307692309,107784.61346051449
ADV-0007,2024-10-01,6540.862544378699,9559.214170893036,91572.07562130177,117343.82763140753
ADV-0007,2024-11-01,6540.862544378699,8741.570704375841,98112.93816568048,126085.39833578338
ADV-0007,2024-12-01,6540.862544378699,8556.319115083332,104653.80071005918,134641.7174508667
ADV-0007,2025-01-01,6540.862544378699,8857.603750104441,111194.66325443788,143499.32120097114
ADV-0007,2025-02-01,6540.862544378699,7292.577494598475,117735.52579881658,150791.89869556963
ADV-0007,2025-03-01,6540.862544378699,9518.982718873664,124276.38834319527,160310.88141444328
ADV-0007,2025-04-01,6540.862544378699,5868.848749262262,130817.25088757397,166179.73016370554
ADV-0007,2025-05-01,6540.862544378699,5454.984507157639,137358.11343195266,171634.71467086318
ADV-0007,2025-06-01,6540.862544378699,6315.486039033423,143898.97597633136,177950.2007098966
ADV-0007,2025-07-01,6540.862544378699,7654.590869398927,150439.83852071007,185604.79157929553
ADV-0008,2023-08-01,27035.250013908208,31765.240097222115,27035.250013908208,31765.240097222115
ADV-0008,2023-09-01,27035.250013908208,38873.114013825754,54070.500027816415,70638.35411104787
ADV-0008,2023-10-01,27035.250013908208,29335.25283839505,81105.75004172462,99973.60694944291
ADV-0008,2023-11-01,27035.250013908208,31164.18352399341,108141.00005563283,131137.79047343633
ADV-0008,2023-12-01,27035.250013908208,20366.621573172662,135176.25006954104,151504.41204660898
ADV-0008,2024-01-01,27035.250013908208,29453.79299800571,162211.50008344924,180958.20504461467
ADV-0008,2024-02-01,27035.250013908208,34910.95762296223,189246.75009735746,215869.16266757692
ADV-0008,2024-03-01,27035.250013908208,20415.697823548344,216282.00011126566,236284.86049112526
ADV-0008,2024-04-01,27035.250013908208,26499.62511224024,243317.25012517386,262784.4856033655
ADV-0008,2024-05-01,27035.250013908208,24827.740546554312,270352.5001390821,287612.22614991985
ADV-0008,2024-06-01,27035.250013908208,21022.70891956997,297387.7501529903,308634.9350694898
ADV-0008,2024-07-01,27035.250013908208,31047.620577263333,324423.0001668985,339682.5556467532
ADV-0008,2024-08-01,27035.250013908208,24226.324106896212,351458.2501808067,363908.8797536494
ADV-0008,2024-09-01,27035.250013908208,37095.96264386666,378493.5001947149,401004.84239751607
ADV-0008,2024-10-01,27035.250013908208,39499.65860726757,405528.7502086231,440504.50100478367
ADV-0008,2024-11-01,27035.250013908208,32568.182491427768,432564.0002225313,473072.6834962114
ADV-0008,2024-12-01,27035.250013908208,42566.672032145005,459599.2502364395,515639.35552835645
ADV-0008,2025-01-01,27035.250013908208,30387.778593482053,486634.5002503477,546027.1341218385
ADV-0008,2025-02-01,27035.250013908208,31829.57966022435,513669.75026425597,577856.7137820629
ADV-0008,2025-03-01,27035.250013908208,42738.85491370484,540705.0002781642,620595.5686957677
ADV-0008,2025-04-01,27035.250013908208,25368.609948754434,567740.2502920723,645964.1786445221
ADV-0008,2025-05-01,27035.250013908208,41668.861939507675,594775.5003059806,687633.0405840297
ADV-0008,2025-06-01,27035.250013908208,21042.244673029963,621810.7503198888,708675.2852570597
ADV-0008,2025-07-01,27035.250013908208,30293.973151974507,648846.000333797,738969.2584090342
ADV-0009,2024-06-01,19222.712233009708,15404.369925833973,19222.712233009708,15404.369925833973
ADV-0009,2024-07-01,19222.712233009708,26150.40590900703,38445.424466019416,41554.775834841
ADV-0009,2024-08-01,19222.712233009708,24180.841347355632,57668.13669902913,65735.61718219663
ADV-0009,2024-09-01,19222.712233009708,25781.998658220975,76890.84893203883,91517.6158404176
ADV-0009,2024-10-01,19222.712233009708,20367.605039626666,96113.56116504854,111885.22088004426
ADV-0009,2024-11-01,19222.712233009708,20286.125746310776,115336.27339805826,132171.34662635502
ADV-0009,2024-12-01,19222.712233009708,15001.995697338913,134558.98563106795,147173.34232369394
ADV-0009,2025-01-01,19222.712233009708,19967.655934633065,153781.69786407767,167140.99825832702
ADV-0009,2025-02-01,19222.712233009708,29411.45259725029,173004.41009708738,196552.4508555773
ADV-0009,2025-03-01,19222.712233009708,20444.97115774197,192227.12233009707,216997.42201331927
ADV-0009,2025-04-01,19222.712233009708,27815.2610425841,211449.8345631068,244812.68305590338
ADV-0009,2025-05-01,19222.712233009708,27993.88258200728,230672.5467961165,272806.5656379107
ADV-0009,2025-06-01,19222.712233009708,20347.40430341274,249895.2590291262,293153.9699413234
ADV-0009,2025-07-01,19222.712233009708,24565.211460926817,269117.9712621359,317719.1814022502
ADV-0010,2023-07-01,9918.614146341464,7853.789065235092,9918.614146341464,7853.789065235092
ADV-0010,2023-08-01,9918.614146341464,7921.022335923384,19837.22829268293,15774.811401158477
ADV-0010,2023-09-01,9918.614146341464,7475.705638844169,29755.842439024393,23250.517040002647
ADV-0010,2023-10-01,9918.614146341464,11784.387952388633,39674.45658536586,35034.90499239128
ADV-0010,2023-11-01,9918.614146341464,10530.333939326445,49593.070731707325,45565.23893171773
ADV-0010,2023-12-01,9918.614146341464,11517.439232625435,59511.684878048785,57082.67816434316
ADV-0010,2024-01-01,9918.614146341464,11299.24281811092,69430.29902439025,68381.92098245409
ADV-0010,2024-02-01,9918.614146341464,9916.289627171072,79348.91317073171,78298.21060962517
ADV-0010,2024-03-01,9918.614146341464,12565.081975655105,89267.52731707318,90863.29258528027
ADV-0010,2024-04-01,9918.614146341464,13220.893089132285,99186.14146341465,104084.18567441255
ADV-0010,2024-05-01,9918.614146341464,7200.285617727221,109104.7556097561,111284.47129213977
ADV-0010,2024-06-01,9918.614146341464,8759.22452795348,119023.36975609757,120043.69582009326
ADV-0010,2024-07-01,9918.614146341464,12854.528579101014,128941.98390243904,132898.22439919427
ADV-0010,2024-08-01,9918.614146341464,10211.035332342099,138860.5980487805,143109.25973153635
ADV-0010,2024-09-01,9918.614146341464,12443.763381140881,148779.21219512197,155553.02311267724
ADV-0010,2024-10-01,9918.614146341464,9890.063716485694,158697.82634146343,165443.08682916293
ADV-0010,2024-11-01,9918.614146341464,10244.502159116288,168616.44048780488,175687.58898827923
ADV-0010,2024-12-01,9918.614146341464,8366.1721098719,178535.05463414636,184053.76109815112
ADV-0010,2025-01-01,9918.614146341464,9171.906277750728,188453.66878048782,193225.66737590186
ADV-0010,2025-02-01,9918.614146341464,11981.844528346786,198372.2829268293,205207.51190424865
ADV-0010,2025-03-01,9918.614146341464,10587.734755555943,208290.89707317075,215795.2466598046
ADV-0010,2025-04-01,9918.614146341464,13348.778288885007,218209.5112195122,229144.02494868962
ADV-0010,2025-05-01,9918.614146341464,13982.362835615433,228128.1253658537,243126.38778430506
ADV-0010,2025-06-01,9918.614146341464,11465.754070536397,238046.73951219514,254592.14185484147
ADV-0010,2025-07-01,9918.614146341464,13218.99442327914,247965.3536585366,267811.1362781206
ADV-0011,2024-05-01,66092.64432432433,72490.90060353889,66092.64432432433,72490.90060353889
ADV-0011,2024-06-01,66092.64432432433,79119.06089963387,132185.28864864865,151609.96150317276
ADV-0011,2024-07-01,66092.64432432433,97384.71460443953,198277.93297297298,248994.6761076123
ADV-0011,2024-08-01,66092.64432432433,77355.14349139266,264370.5772972973,326349.8195990049
ADV-0011,2024-09-01,66092.64432432433,89762.57354381873,330463.22162162163,416112.39314282365
ADV-0011,2024-10-01,66092.64432432433,65036.87639148088,396555.86594594596,481149.2695343045
ADV-0011,2024-11-01,66092.64432432433,90453.58538949682,462648.5102702703,571602.8549238013
ADV-0011,2024-12-01,66092.64432432433,106507.28645330456,528741.1545945946,678110.1413771058
ADV-0011,2025-01-01,66092.64432432433,106944.3482174284,594833.7989189189,785054.4895945343
ADV-0011,2025-02-01,66092.64432432433,98094.14812766215,660926.4432432433,883148.6377221964
ADV-0011,2025-03-01,66092.64432432433,99407.24550403301,727019.0875675676,982555.8832262295
ADV-0011,2025-04-01,66092.64432432433,87887.13456871464,793111.7318918919,1070443.017794944
ADV-0011,2025-05-01,66092.64432432433,89527.24459302315,859204.3762162162,1159970.2623879672
ADV-0011,2025-06-01,66092.64432432433,61864.54846771075,925297.0205405406,1221834.810855678
ADV-0011,2025-07-01,66092.64432432433,80890.87508389397,991389.6648648649,1302725.685939572
ADV-0012,2024-06-01,38824.36390243903,46119.28912534944,38824.36390243903,46119.28912534944
ADV-0012,2024-07-01,38824.36390243903,63781.21091892364,77648.72780487806,109900.50004427308
ADV-0012,2024-08-01,38824.36390243903,45434.36051184261,116473.09170731709,155334.8605561157
ADV-0012,2024-09-01,38824.36390243903,49548.080662050575,155297.4556097561,204882.94121816626
ADV-0012,2024-10-01,38824.36390243903,48988.32045339083,194121.81951219513,253871.2616715571
ADV-0012,2024-11-01,38824.36390243903,52589.09558452931,232946.18341463417,306460.3572560864
ADV-0012,2024-12-01,38824.36390243903,56466.7999992463,271770.5473170732,362927.15725533274
ADV-0012,2025-01-01,38824.36390243903,38266.74979310823,310594.9112195122,401193.907048441
ADV-0012,2025-02-01,38824.36390243903,48830.842068572485,349419.27512195124,450024.7491170135
ADV-0012,2025-03-01,38824.36390243903,59169.19504109811,388243.63902439026,509193.9441581116
ADV-0012,2025-04-01,38824.36390243903,46548.50152353912,427068.00292682933,555742.4456816507
ADV-0012,2025-05-01,38824.36390243903,40124.90095167415,465892.36682926834,595867.3466333249
ADV-0012,2025-06-01,38824.36390243903,53213.423698620856,504716.73073170736,649080.7703319457
ADV-0012,2025-07-01,38824.36390243903,59094.392949853034,543541.0946341464,708175.1632817988
ADV-0013,2024-03-01,124798.71169491526,108649.033550286,124798.71169491526,108649.033550286
ADV-0013,2024-04-01,124798.71169491526,191299.14896816495,249597.4233898305,299948.18251845095
ADV-0013,2024-05-01,124798.71169491526,196494.23394466017,374396.13508474577,496442.4164631111
ADV-0013,2024-06-01,124798.71169491526,154787.00306878285,499194.846779661,651229.4195318939
ADV-0013,2024-07-01,124798.71169491526,215216.33296906317,623993.5584745763,866445.7525009571
ADV-0013,2024-08-01,124798.71169491526,192447.76780339386,748792.2701694915,1058893.5203043509
ADV-0013,2024-09-01,124798.71169491526,190936.89470207354,873590.9818644067,1249830.4150064243
ADV-0013,2024-10-01,124798.71169491526,187946.13561240782,998389.693559322,1437776.550618832
ADV-0014,2023-07-01,27975.624932975876,27085.274076919348,27975.624932975876,27085.274076919348
ADV-0014,2023-08-01,27975.624932975876,28844.714488922404,55951.24986595175,55929.98856584175
ADV-0014,2023-09-01,27975.624932975876,35361.37690722375,83926.87479892763,91291.3654730655
ADV-0014,2023-10-01,27975.624932975876,30079.95441597035,111902.4997319035,121371.31988903585
ADV-0014,2023-11-01,27975.624932975876,34073.96085432541,139878.12466487937,155445.28074336125
ADV-0014,2023-12-01,27975.624932975876,46571.30593273757,167853.74959785526,202016.5866760988
ADV-0014,2024-01-01,27975.624932975876,44877.50678685297,195829.37453083112,246894.09346295177
ADV-0014,2024-02-01,27975.624932975876,39746.583005154025,223804.999463807,286640.6764681058
ADV-0014,2024-03-01,27975.624932975876,45769.95905091758,251780.6243967829,332410.6355190234
ADV-0014,2024-04-01,27975.624932975876,43806.50332888083,279756.24932975875,376217.1388479042
ADV-0014,2024-05-01,27975.624932975876,34436.92494263262,307731.8742627346,410654.06379053683
ADV-0014,2024-06-01,27975.624932975876,28417.793771752004,335707.4991957105,439071.8575622888
ADV-0014,2024-07-01,27975.624932975876,36687.39628570041,363683.1241286864,475759.25384798925
ADV-0014,2024-08-01,27975.624932975876,42550.92734446395,391658.74906166224,518310.1811924532
ADV-0014,2024-09-01,27975.624932975876,34633.2669856793,419634.37399463815,552943.4481781325
ADV-0014,2024-10-01,27975.624932975876,40716.638850214746,447609.998927614,593660.0870283473
ADV-0014,2024-11-01,27975.624932975876,25598.95824631581,475585.62386058987,619259.0452746631
ADV-0014,2024-12-01,27975.624932975876,42861.91575009626,503561.2487935658,662120.9610247593
ADV-0014,2025-01-01,27975.624932975876,44570.81200383673,531536.8737265416,706691.7730285961
ADV-0014,2025-02-01,27975.624932975876,41774.74001484564,559512.4986595175,748466.5130434417
ADV-0014,2025-03-01,27975.624932975876,48652.32054378647,587488.1235924934,797118.8335872282
ADV-0014,2025-04-01,27975.624932975876,44938.912061292634,615463.7485254692,842057.7456485209
ADV-0014,2025-05-01,27975.624932975876,46957.65936605285,643439.3734584452,889015.4050145737
ADV-0014,2025-06-01,27975.624932975876,47762.5355428925,671414.998391421,936777.9405574662
ADV-0014,2025-07-01,27975.624932975876,44270.65724785166,699390.6233243969,981048.597805318
ADV-0015,2024-03-01,229852.6256097561,313369.0670742053,229852.6256097561,313369.0670742053
ADV-0015,2024-04-01,229852.6256097561,178143.2209471878,459705.2512195122,491512.2880213931
ADV-0015,2024-05-01,229852.6256097561,271209.2414798924,689557.8768292683,762721.5295012855
ADV-0015,2024-06-01,229852.6256097561,292515.69722864707,919410.5024390244,1055237.2267299327
ADV-0015,2024-07-01,229852.6256097561,238482.81934009175,1149263.1280487804,1293720.0460700244
ADV-0015,2024-08-01,229852.6256097561,241329.60697774624,1379115.7536585366,1535049.6530477707
ADV-0015,2024-09-01,229852.6256097561,371400.53521037026,1608968.3792682928,1906450.188258141
ADV-0016,2024-01-01,23312.214146341466,34925.678836584884,23312.214146341466,34925.678836584884
ADV-0016,2024-02-01,23312.214146341466,34084.87681204376,46624.42829268293,69010.55564862865
ADV-0016,2024-03-01,23312.214146341466,25324.0117856683,69936.6424390244,94334.56743429694
ADV-0016,2024-04-01,23312.214146341466,17568.466219037124,93248.85658536587,111903.03365333407
ADV-0016,2024-05-01,23312.214146341466,18883.55704058278,116561.07073170732,130786.59069391685
ADV-0016,2024-06-01,23312.214146341466,23469.397222261196,139873.2848780488,154255.98791617804
ADV-0016,2024-07-01,23312.214146341466,17608.88072745336,163185.49902439027,171864.8686436314
ADV-0016,2024-08-01,23312.214146341466,17636.69277809286,186497.71317073173,189501.56142172427
ADV-0016,2024-09-01,23312.214146341466,35417.77137853688,209809.9273170732,224919.33280026115
ADV-0016,2024-10-01,23312.214146341466,31257.539149400298,233122.14146341465,256176.87194966146
ADV-0016,2024-11-01,23312.214146341466,23405.338972105004,256434.35560975614,279582.21092176647
ADV-0016,2024-12-01,23312.214146341466,19919.881397615365,279746.5697560976,299502.09231938183
ADV-0016,2025-01-01,23312.214146341466,27412.065381158507,303058.78390243906,326914.1577005403
ADV-0016,2025-02-01,23312.214146341466,17403.349854585045,326370.99804878054,344317.5075551254
ADV-0016,2025-03-01,23312.214146341466,35848.93672376341,349683.212195122,380166.4442788888
ADV-0016,2025-04-01,23312.214146341466,25498.04243898174,372995.42634146346,405664.4867178706
ADV-0016,2025-05-01,23312.214146341466,25251.325099108963,396307.64048780495,430915.81181697955
ADV-0016,2025-06-01,23312.214146341466,25019.213243454877,419619.8546341464,455935.0250604344
ADV-0016,2025-07-01,23312.214146341466,18668.197854563256,442932.06878048787,474603.22291499766
ADV-0017,2023-06-01,34024.015038759695,45310.58280774663,34024.015038759695,45310.58280774663
ADV-0017,2023-07-01,34024.015038759695,48145.450616221315,68048.03007751939,93456.03342396795
ADV-0017,2023-08-01,34024.015038759695,46442.45219200057,102072.04511627909,139898.48561596853
ADV-0017,2023-09-01,34024.015038759695,30343.407129949905,136096.06015503878,170241.89274591842
ADV-0017,2023-10-01,34024.015038759695,43529.62217225241,170120.07519379846,213771.51491817084
ADV-0017,2023-11-01,34024.015038759695,43249.50239520399,204144.09023255817,257021.01731337485
ADV-0017,2023-12-01,34024.015038759695,52199.69468353506,238168.10527131788,309220.71199690993
ADV-0017,2024-01-01,34024.015038759695,37550.0033120058,272192.12031007756,346770.7153089157
ADV-0017,2024-02-01,34024.015038759695,37321.20171355062,306216.13534883724,384091.9170224663
ADV-0017,2024-03-01,34024.015038759695,44717.89265382744,340240.1503875969,428809.80967629375
ADV-0017,2024-04-01,34024.015038759695,45153.40424514452,374264.16542635666,473963.21392143826
ADV-0017,2024-05-01,34024.015038759695,40249.42309600537,408288.18046511634,514212.63701744366
ADV-0017,2024-06-01,34024.015038759695,39464.19097799927,442312.195503876,553676.8279954429
ADV-0017,2024-07-01,34024.015038759695,40993.832823738194,476336.21054263576,594670.6608191811
ADV-0017,2024-08-01,34024.015038759695,51979.16361287652,510360.22558139544,646649.8244320577
ADV-0017,2024-09-01,34024.015038759695,40006.35121344926,544384.2406201551,686656.1756455069
ADV-0017,2024-10-01,34024.015038759695,54341.114594187806,578408.2556589148,740997.2902396948
ADV-0017,2024-11-01,34024.015038759695,41288.9354161747,612432.2706976745,782286.2256558695
ADV-0017,2024-12-01,34024.015038759695,54618.63600028222,646456.2857364342,836904.8616561517
ADV-0017,2025-01-01,34024.015038759695,51134.42251532297,680480.3007751938,888039.2841714746
ADV-0017,2025-02-01,34024.015038759695,37050.09609849968,714504.3158139536,925089.3802699744
ADV-0017,2025-03-01,34024.015038759695,52056.89444138181,748528.3308527133,977146.2747113561
ADV-0017,2025-04-01,34024.015038759695,29493.911036294114,782552.345891473,1006640.1857476502
ADV-0017,2025-05-01,34024.015038759695,53895.45230462592,816576.3609302327,1060535.638052276
ADV-0017,2025-06-01,34024.015038759695,45110.61422140247,850600.3759689924,1105646.2522736785
ADV-0017,2025-07-01,34024.015038759695,27827.012228054384,884624.391007752,1133473.264501733
ADV-0018,2023-06-01,96442.31156756757,128938.15465823907,96442.31156756757,128938.15465823907
ADV-0018,2023-07-01,96442.31156756757,156944.2322154274,192884.62313513513,285882.38687366643
ADV-0018,2023-08-01,96442.31156756757,80184.50800939555,289326.9347027027,366066.894883062
ADV-0018,2023-09-01,96442.31156756757,121336.50104482123,385769.24627027026,487403.3959278832
ADV-0018,2023-10-01,96442.31156756757,137725.31369483183,482211.55783783784,625128.709622715
ADV-0018,2023-11-01,96442.31156756757,143026.60564754743,578653.8694054054,768155.3152702624
ADV-0018,2023-12-01,96442.31156756757,109381.79997122979,675096.180972973,877537.1152414922
ADV-0018,2024-01-01,96442.31156756757,91588.03942869112,771538.4925405405,969125.1546701833
ADV-0018,2024-02-01,96442.31156756757,77854.13667985244,867980.804108108,1046979.2913500357
ADV-0018,2024-03-01,96442.31156756757,123461.49489366951,964423.1156756757,1170440.7862437053
ADV-0018,2024-04-01,96442.31156756757,112698.79559203851,1060865.4272432432,1283139.5818357437
ADV-0018,2024-05-01,96442.31156756757,154779.79015543745,1157307.7388108107,1437919.3719911813
ADV-0018,2024-06-01,96442.31156756757,79404.07201230824,1253750.0503783782,1517323.4440034896
ADV-0019,2023-07-01,4820.458734858681,6619.202799569457,4820.458734858681,6619.202799569457
ADV-0019,2023-08-01,4820.458734858681,3817.6600321168303,9640.917469717362,10436.862831686287
ADV-0019,2023-09-01,4820.458734858681,4438.9776354695105,14461.376204576043,14875.840467155798
ADV-0019,2023-10-01,4820.458734858681,5635.837015712497,19281.834939434724,20511.677482868297
ADV-0019,2023-11-01,4820.458734858681,5641.323805178106,24102.293674293403,26153.001288046406
ADV-0019,2023-12-01,4820.458734858681,6620.49745692119,28922.752409152086,32773.4987449676
ADV-0019,2024-01-01,4820.458734858681,7572.880275410432,33743.21114401077,40346.37902037803
ADV-0019,2024-02-01,4820.458734858681,6422.529999862572,38563.66987886945,46768.9090202406
ADV-0019,2024-03-01,4820.458734858681,7756.652626301902,43384.12861372813,54525.561646542505
ADV-0019,2024-04-01,4820.458734858681,7451.570020434554,48204.58734858681,61977.13166697706
ADV-0019,2024-05-01,4820.458734858681,6191.203513343955,53025.04608344549,68168.33518032101
ADV-0019,2024-06-01,4820.458734858681,7248.701755559324,57845.50481830417,75417.03693588033
ADV-0019,2024-07-01,4820.458734858681,6437.5698178092625,62665.96355316285,81854.60675368959
ADV-0019,2024-08-01,4820.458734858681,4044.995834236877,67486.42228802154,85899.60258792646
ADV-0019,2024-09-01,4820.458734858681,6853.231512129951,72306.88102288022,92752.83410005641
ADV-0019,2024-10-01,4820.458734858681,4114.355183593905,77127.3397577389,96867.18928365031
ADV-0019,2024-11-01,4820.458734858681,6231.85457120842,81947.79849259758,103099.04385485873
ADV-0019,2024-12-01,4820.458734858681,6692.355569498322,86768.25722745626,109791.39942435705
ADV-0019,2025-01-01,4820.458734858681,3993.963585137345,91588.71596231493,113785.3630094944
ADV-0019,2025-02-01,4820.458734858681,4690.784998662561,96409.17469717361,118476.14800815696
ADV-0019,2025-03-01,4820.458734858681,7596.038210881617,101229.63343203231,126072.18621903857
ADV-0019,2025-04-01,4820.458734858681,6326.161574044756,106050.09216689099,132398.34779308332
ADV-0019,2025-05-01,4820.458734858681,4756.499425612126,110870.55090174967,137154.84721869545
ADV-0019,2025-06-01,4820.458734858681,6641.619361363316,115691.00963660835,143796.46658005877
ADV-0019,2025-07-01,4820.458734858681,6243.280999439762,120511.46837146702,150039.74757949854
ADV-0020,2023-09-01,27729.315758468336,32369.433906693528,27729.315758468336,32369.433906693528
ADV-0020,2023-10-01,27729.315758468336,43529.66163748233,55458.63151693667,75899.09554417586
ADV-0020,2023-11-01,27729.315758468336,36646.198641626535,83187.94727540501,112545.2941858024
ADV-0020,2023-12-01,27729.315758468336,29403.447159513722,110917.26303387334,141948.7413453161
ADV-0020,2024-01-01,27729.315758468336,39388.44681894527,138646.5787923417,181337.18816426137
ADV-0020,2024-02-01,27729.315758468336,41375.65054136106,166375.89455081002,222712.83870562242
ADV-0020,2024-03-01,27729.315758468336,23519.64610106507,194105.21030927834,246232.48480668748
ADV-0020,2024-04-01,27729.315758468336,25291.04722071219,221834.5260677467,271523.5320273997
ADV-0020,2024-05-01,27729.315758468336,25659.613598631688,249563.84182621504,297183.1456260314
ADV-0020,2024-06-01,27729.315758468336,36828.62457243895,277293.1575846834,334011.77019847033
ADV-0020,2024-07-01,27729.315758468336,34755.3016456906,305022.4733431517,368767.0718441609
ADV-0020,2024-08-01,27729.315758468336,35130.404534637,332751.78910162003,403897.4763787979
ADV-0020,2024-09-01,27729.315758468336,42696.92819460743,360481.1048600884,446594.40457340534
ADV-0020,2024-10-01,27729.315758468336,38820.29281076911,388210.4206185567,485414.69738417445
ADV-0020,2024-11-01,27729.315758468336,23583.519956440978,415939.736377025,508998.2173406154
ADV-0020,2024-12-01,27729.315758468336,28746.5935998909,443669.0521354934,537744.8109405063
ADV-0020,2025-01-01,27729.315758468336,30813.198666927572,471398.3678939617,568558.0096074338
ADV-0020,2025-02-01,27729.315758468336,29885.975139154343,499127.6836524301,598443.9847465882
ADV-0020,2025-03-01,27729.315758468336,36313.58265207126,526856.9994108984,634757.5673986594
ADV-0020,2025-04-01,27729.315758468336,41547.53678236873,554586.3151693668,676305.1041810282
ADV-0020,2025-05-01,27729.315758468336,27771.787117252814,582315.630927835,704076.891298281
ADV-0020,2025-06-01,27729.315758468336,33552.24501137911,610044.9466863034,737629.1363096602
ADV-0020,2025-07-01,27729.315758468336,39137.68838104661,637774.2624447717,776766.8246907068
ADV-0021,2023-09-01,99761.30897560976,123661.05957442363,99761.30897560976,123661.05957442363
ADV-0021,2023-10-01,99761.30897560976,99900.31670908985,199522.61795121952,223561.3762835135
ADV-0021,2023-11-01,99761.30897560976,129285.96033369543,299283.92692682927,352847.3366172089
ADV-0021,2023-12-01,99761.30897560976,89088.20765559918,399045.23590243905,441935.54427280807
ADV-0021,2024-01-01,99761.30897560976,174052.37019060674,498806.5448780488,615987.9144634148
ADV-0021,2024-02-01,99761.30897560976,90965.19045412006,598567.8538536585,706953.1049175349
ADV-0021,2024-03-01,99761.30897560976,125790.87474835433,698329.1628292684,832743.9796658892
ADV-0021,2024-04-01,99761.30897560976,134546.68181903686,798090.4718048781,967290.661484926
ADV-0021,2024-05-01,99761.30897560976,178162.8915852699,897851.7807804878,1145453.553070196
ADV-0021,2024-06-01,99761.30897560976,99699.55180683664,997613.0897560976,1245153.1048770326
ADV-0021,2024-07-01,99761.30897560976,94758.70410095452,1097374.3987317074,1339911.8089779872
ADV-0021,2024-08-01,99761.30897560976,84633.29470152197,1197135.707707317,1424545.1036795091
ADV-0021,2024-09-01,99761.30897560976,98698.70931355831,1296897.0166829268,1523243.8129930675
ADV-0021,2024-10-01,99761.30897560976,103650.2102982943,1396658.3256585367,1626894.0232913618
ADV-0021,2024-11-01,99761.30897560976,144190.77648101794,1496419.6346341465,1771084.7997723797
ADV-0022,2024-02-01,83872.0987218045,79328.46757979863,83872.0987218045,79328.46757979863
ADV-0022,2024-03-01,83872.0987218045,64894.35759587318,167744.197443609,144222.8251756718
ADV-0022,2024-04-01,83872.0987218045,123308.6128077471,251616.2961654135,267531.43798341893
ADV-0022,2024-05-01,83872.0987218045,89900.37945370164,335488.394887218,357431.8174371206
ADV-0022,2024-06-01,83872.0987218045,89038.11150379013,419360.4936090225,446469.92894091073
ADV-0022,2024-07-01,83872.0987218045,85326.59869392401,503232.592330827,531796.5276348348
ADV-0022,2024-08-01,83872.0987218045,134088.21230948373,587104.6910526315,665884.7399443185
ADV-0022,2024-09-01,83872.0987218045,75734.8042661948,670976.789774436,741619.5442105134
ADV-0022,2024-10-01,83872.0987218045,128498.57103497522,754848.8884962406,870118.1152454886
ADV-0022,2024-11-01,83872.0987218045,119698.74329089737,838720.987218045,989816.8585363859
ADV-0022,2024-12-01,83872.0987218045,68949.46433617045,922593.0859398495,1058766.3228725563
ADV-0022,2025-01-01,83872.0987218045,134911.11772310597,1006465.184661654,1193677.4405956622
ADV-0022,2025-02-01,83872.0987218045,83071.97504518501,1090337.2833834586,1276749.4156408473
ADV-0022,2025-03-01,83872.0987218045,70551.16707089132,1174209.382105263,1347300.5827117385
ADV-0022,2025-04-01,83872.0987218045,123503.9717067025,1258081.4808270675,1470804.5544184411
ADV-0022,2025-05-01,83872.0987218045,114616.89778159777,1341953.579548872,1585421.4522000388
ADV-0022,2025-06-01,83872.0987218045,108134.37187297159,1425825.6782706766,1693555.8240730104
ADV-0022,2025-07-01,83872.0987218045,74710.53686630726,1509697.7769924812,1768266.3609393176
ADV-0023,2024-04-01,23123.085371702637,29544.37389665311,23123.085371702637,29544.37389665311
ADV-0023,2024-05-01,23123.085371702637,36137.795799898275,46246.17074340527,65682.16969655138
ADV-0023,2024-06-01,23123.085371702637,25727.23031403377,69369.25611510791,91409.40001058516
ADV-0023,2024-07-01,23123.085371702637,25903.294122473333,92492.34148681055,117312.6941330585
ADV-0023,2024-08-01,23123.085371702637,19168.22881915467,115615.42685851318,136480.92295221315
ADV-0023,2024-09-01,23123.085371702637,22903.08704583305,138738.51223021583,159384.0099980462
ADV-0023,2024-10-01,23123.085371702637,38208.19109733186,161861.59760191845,197592.20109537808
ADV-0023,2024-11-01,23123.085371702637,28742.196012843022,184984.6829736211,226334.3971082211
ADV-0023,2024-12-01,23123.085371702637,40583.72872091111,208107.76834532374,266918.1258291322
ADV-0023,2025-01-01,23123.085371702637,27737.258155662934,231230.85371702636,294655.38398479513
ADV-0023,2025-02-01,23123.085371702637,34710.89619036339,254353.939088729,329366.2801751585
ADV-0023,2025-03-01,23123.085371702637,25253.45168058942,277477.02446043165,354619.73185574793
ADV-0023,2025-04-01,23123.085371702637,27040.97543027227,300600.1098321343,381660.7072860202
ADV-0023,2025-05-01,23123.085371702637,23262.872106247603,323723.1952038369,404923.5793922678
ADV-0024,2023-06-01,48824.89701030928,57280.386510871285,48824.89701030928,57280.386510871285
ADV-0024,2023-07-01,48824.89701030928,66662.9764403861,97649.79402061856,123943.36295125738
ADV-0024,2023-08-01,48824.89701030928,87499.19390923218,146474.69103092785,211442.55686048957
ADV-0024,2023-09-01,48824.89701030928,72145.3105140687,195299.58804123712,283587.86737455823
ADV-0024,2023-10-01,48824.89701030928,50351.95016421824,244124.4850515464,333939.8175387765
ADV-0024,2023-11-01,48824.89701030928,43120.34173359661,292949.3820618557,377060.1592723731
ADV-0024,2023-12-01,48824.89701030928,46935.4819879552,341774.27907216497,423995.6412603283
ADV-0024,2024-01-01,48824.89701030928,67380.94526283933,390599.17608247424,491376.5865231676
ADV-0024,2024-02-01,48824.89701030928,76877.43276947866,439424.0730927835,568254.0192926463
ADV-0024,2024-03-01,48824.89701030928,85092.14959391643,488248.9701030928,653346.1688865628
ADV-0024,2024-04-01,48824.89701030928,41754.57564205614,537073.8671134021,695100.744528619
ADV-0024,2024-05-01,48824.89701030928,65515.67515859867,585898.7641237114,760616.4196872177
ADV-0024,2024-06-01,48824.89701030928,63083.361654848486,634723.6611340207,823699.7813420661
ADV-0024,2024-07-01,48824.89701030928,71763.45961447734,683548.5581443299,895463.2409565435
ADV-0024,2024-08-01,48824.89701030928,67241.43822954028,732373.4551546392,962704.6791860837
ADV-0024,2024-09-01,48824.89701030928,73215.74462713017,781198.3521649485,1035920.423813214
ADV-0024,2024-10-01,48824.89701030928,71858.49533633085,830023.2491752577,1107778.9191495448
ADV-0024,2024-11-01,48824.89701030928,46497.47548724015,878848.146185567,1154276.394636785
ADV-0024,2024-12-01,48824.89701030928,78497.21246760385,927673.0431958763,1232773.6071043888
ADV-0024,2025-01-01,48824.89701030928,46789.058593617905,976497.9402061856,1279562.6656980067
ADV-0024,2025-02-01,48824.89701030928,73754.37188966754,1025322.8372164948,1353317.0375876743
ADV-0024,2025-03-01,48824.89701030928,60518.438016374916,1074147.7342268042,1413835.4756040492
ADV-0024,2025-04-01,48824.89701030928,65098.07431525899,1122972.6312371134,1478933.5499193082
ADV-0024,2025-05-01,48824.89701030928,83352.2087093103,1171797.5282474228,1562285.7586286184
ADV-0024,2025-06-01,48824.89701030928,82723.45553302928,1220622.425257732,1645009.2141616477
ADV-0024,2025-07-01,48824.89701030928,79347.3933857851,1269447.3222680413,1724356.6075474329
ADV-0025,2024-03-01,503932.71512195125,658932.3754943613,503932.71512195125,658932.3754943613
ADV-0025,2024-04-01,503932.71512195125,766486.8909082537,1007865.4302439025,1425419.266402615
ADV-0025,2024-05-01,503932.71512195125,660239.9545335033,1511798.1453658538,2085659.2209361182
ADV-0025,2024-06-01,503932.71512195125,829930.8914820374,2015730.860487805,2915590.1124181557
ADV-0026,2023-09-01,31389.07413642961,33370.022698759225,31389.07413642961,33370.022698759225
ADV-0026,2023-10-01,31389.07413642961,48189.630548799,62778.14827285922,81559.65324755822
ADV-0026,2023-11-01,31389.07413642961,47199.51645469023,94167.22240928882,128759.16970224844
ADV-0026,2023-12-01,31389.07413642961,42218.72467997051,125556.29654571843,170977.89438221895
ADV-0026,2024-01-01,31389.07413642961,30148.39008286532,156945.37068214803,201126.28446508426
ADV-0026,2024-02-01,31389.07413642961,26289.472874774317,188334.44481857764,227415.75733985857
ADV-0026,2024-03-01,31389.07413642961,45172.43313773919,219723.51895500725,272588.19047759776
ADV-0026,2024-04-01,31389.07413642961,27168.232485789555,251112.59309143687,299756.42296338733
ADV-0026,2024-05-01,31389.07413642961,45160.87272907236,282501.6672278665,344917.2956924597
ADV-0026,2024-06-01,31389.07413642961,35667.922408464794,313890.74136429606,380585.21810092445
ADV-0026,2024-07-01,31389.07413642961,33468.7649063014,345279.8155007257,414053.98300722585
ADV-0026,2024-08-01,31389.07413642961,46438.7141383771,376668.8896371553,460492.69714560296
ADV-0026,2024-09-01,31389.07413642961,38621.242922236874,408057.9637735849,499113.9400678398
ADV-0026,2024-10-01,31389.07413642961,37909.92997981228,439447.0379100145,537023.870047652
ADV-0026,2024-11-01,31389.07413642961,37443.8151610459,470836.11204644415,574467.6852086979
ADV-0026,2024-12-01,31389.07413642961,32544.6012943132,502225.18618287373,607012.2865030111
ADV-0026,2025-01-01,31389.07413642961,43368.8731763675,533614.2603193034,650381.1596793786
ADV-0026,2025-02-01,31389.07413642961,29453.256743174003,565003.334455733,679834.4164225527
ADV-0026,2025-03-01,31389.07413642961,47371.1541691911,596392.4085921625,727205.5705917438
ADV-0026,2025-04-01,31389.07413642961,46198.30404589187,627781.4827285921,773403.8746376357
ADV-0026,2025-05-01,31389.07413642961,31664.78417986765,659170.5568650218,805068.6588175033
ADV-0026,2025-06-01,31389.07413642961,41901.710007423906,690559.6310014514,846970.3688249271
ADV-0026,2025-07-01,31389.07413642961,37821.37650027372,721948.705137881,884791.7453252008
ADV-0027,2024-06-01,61343.92283018868,69032.68130738476,61343.92283018868,69032.68130738476
ADV-0027,2024-07-01,61343.92283018868,106084.99573899338,122687.84566037737,175117.67704637814
ADV-0027,2024-08-01,61343.92283018868,51247.95577294479,184031.76849056606,226365.63281932293
ADV-0027,2024-09-01,61343.92283018868,64193.68644428234,245375.69132075473,290559.3192636053
ADV-0027,2024-10-01,61343.92283018868,79417.60482780192,306719.6141509434,369976.9240914072
ADV-0027,2024-11-01,61343.92283018868,79524.5676813085,368063.5369811321,449501.4917727157
ADV-0027,2024-12-01,61343.92283018868,83337.55295240399,429407.45981132076,532839.0447251197
ADV-0027,2025-01-01,61343.92283018868,92602.05534150849,490751.38264150947,625441.1000666282
ADV-0027,2025-02-01,61343.92283018868,85304.08779345934,552095.3054716982,710745.1878600875
ADV-0027,2025-03-01,61343.92283018868,83983.5843185843,613439.2283018868,794728.7721786718
ADV-0027,2025-04-01,61343.92283018868,52857.69175135689,674783.1511320755,847586.4639300287
ADV-0027,2025-05-01,61343.92283018868,71246.06542143764,736127.0739622642,918832.5293514663
ADV-0027,2025-06-01,61343.92283018868,63021.539650669125,797470.9967924529,981854.0690021354
ADV-0027,2025-07-01,61343.92283018868,64918.03224303975,858814.9196226415,1046772.1012451751
ADV-0028,2024-04-01,107212.94559386974,142209.95024896596,107212.94559386974,142209.95024896596
ADV-0028,2024-05-01,107212.94559386974,106906.41651924122,214425.89118773947,249116.36676820717
ADV-0028,2024-06-01,107212.94559386974,116302.970070736,321638.8367816092,365419.3368389432
ADV-0028,2024-07-01,107212.94559386974,110645.32618084092,428851.78237547894,476064.6630197841
ADV-0028,2024-08-01,107212.94559386974,181426.89706892468,536064.7279693487,657491.5600887088
ADV-0028,2024-09-01,107212.94559386974,181045.11907604398,643277.6735632184,838536.6791647527
ADV-0028,2024-10-01,107212.94559386974,147742.20151754256,750490.6191570881,986278.8806822953
ADV-0028,2024-11-01,107212.94559386974,179040.99300857223,857703.5647509579,1165319.8736908676
ADV-0028,2024-12-01,107212.94559386974,165240.25146259635,964916.5103448277,1330560.1251534638
ADV-0028,2025-01-01,107212.94559386974,145752.95846540367,1072129.4559386973,1476313.0836188674
ADV-0029,2024-05-01,35233.699675174015,28323.27585480145,35233.699675174015,28323.27585480145
ADV-0029,2024-06-01,35233.699675174015,52939.861758715975,70467.39935034803,81263.13761351742
ADV-0029,2024-07-01,35233.699675174015,50689.64442737818,105701.09902552204,131952.7820408956
ADV-0029,2024-08-01,35233.699675174015,47886.52048954013,140934.79870069606,179839.30253043573
ADV-0029,2024-09-01,35233.699675174015,52551.308723840135,176168.49837587008,232390.61125427586
ADV-0029,2024-10-01,35233.699675174015,44598.28904628663,211402.19805104408,276988.9003005625
ADV-0029,2024-11-01,35233.699675174015,50740.894518370565,246635.8977262181,327729.79481893306
ADV-0029,2024-12-01,35233.699675174015,58166.50241366313,281869.5974013921,385896.2972325962
ADV-0029,2025-01-01,35233.699675174015,40192.28531183631,317103.29707656614,426088.5825444325
ADV-0029,2025-02-01,35233.699675174015,50870.66622345033,352336.99675174017,476959.2487678828
ADV-0029,2025-03-01,35233.699675174015,43401.83278845937,387570.6964269142,520361.0815563422
ADV-0029,2025-04-01,35233.699675174015,49787.06679205571,422804.39610208815,570148.1483483979
ADV-0029,2025-05-01,35233.699675174015,52630.64619902103,458038.0957772622,622778.794547419
ADV-0029,2025-06-01,35233.699675174015,29577.023632643446,493271.7954524362,652355.8181800623
ADV-0029,2025-07-01,35233.699675174015,48893.79111774113,528505.4951276103,701249.6092978035
ADV-0030,2024-03-01,134816.22333333333,137838.23941131512,134816.22333333333,137838.23941131512
ADV-0030,2024-04-01,134816.22333333333,193298.17915377984,269632.44666666666,331136.41856509494
ADV-0030,2024-05-01,134816.22333333333,168063.3077875384,404448.67,499199.7263526333
ADV-0030,2024-06-01,134816.22333333333,206249.5354911051,539264.8933333333,705449.2618437384
ADV-0030,2024-07-01,134816.22333333333,124909.38211485611,674081.1166666667,830358.6439585945
ADV-0030,2024-08-01,134816.22333333333,187829.62157535995,808897.34,1018188.2655339545
ADV-0030,2024-09-01,134816.22333333333,144310.0945467914,943713.5633333332,1162498.360080746
ADV-0031,2024-01-01,56756.85972222222,83167.45729135544,56756.85972222222,83167.45729135544
ADV-0031,2024-02-01,56756.85972222222,86796.51818724434,113513.71944444445,169963.97547859978
ADV-0031,2024-03-01,56756.85972222222,90070.05749205846,170270.57916666666,260034.03297065824
ADV-0031,2024-04-01,56756.85972222222,80425.2805587375,227027.4388888889,340459.31352939573
ADV-0031,2024-05-01,56756.85972222222,78390.67282375315,283784.2986111111,418849.9863531489
ADV-0031,2024-06-01,56756.85972222222,52485.60201112306,340541.1583333333,471335.5883642719
ADV-0031,2024-07-01,56756.85972222222,58285.54818872467,397298.0180555556,529621.1365529966
ADV-0031,2024-08-01,56756.85972222222,64526.80544969927,454054.8777777778,594147.9420026959
ADV-0031,2024-09-01,56756.85972222222,79336.27824928932,510811.7375,673484.2202519851
ADV-0031,2024-10-01,56756.85972222222,86150.72960200337,567568.5972222222,759634.9498539885
ADV-0031,2024-11-01,56756.85972222222,51216.82019394602,624325.4569444444,810851.7700479345
ADV-0031,2024-12-01,56756.85972222222,86506.96819880536,681082.3166666667,897358.7382467398
ADV-0031,2025-01-01,56756.85972222222,75593.87716329498,737839.1763888889,972952.6154100348
ADV-0031,2025-02-01,56756.85972222222,71509.87343786146,794596.0361111112,1044462.4888478962
ADV-0031,2025-03-01,56756.85972222222,51731.91373861783,851352.8958333334,1096194.4025865141
ADV-0031,2025-04-01,56756.85972222222,44785.99958438008,908109.7555555556,1140980.4021708942
ADV-0031,2025-05-01,56756.85972222222,69473.70147526472,964866.6152777778,1210454.103646159
ADV-0031,2025-06-01,56756.85972222222,73470.9205540947,1021623.475,1283925.0242002537
ADV-0031,2025-07-01,56756.85972222222,52258.46250769287,1078380.3347222223,1336183.4867079465
ADV-0032,2023-09-01,7544.136460176992,9675.994454348946,7544.136460176992,9675.994454348946
ADV-0032,2023-10-01,7544.136460176992,11704.109769262004,15088.272920353984,21380.10422361095
ADV-0032,2023-11-01,7544.136460176992,11559.269880179174,22632.409380530975,32939.37410379012
ADV-0032,2023-12-01,7544.136460176992,12183.103235116774,30176.545840707968,45122.477338906894
ADV-0032,2024-01-01,7544.136460176992,8387.825043399698,37720.68230088496,53510.30238230659
ADV-0032,2024-02-01,7544.136460176992,8064.473786055646,45264.81876106195,61574.77616836224
ADV-0032,2024-03-01,7544.136460176992,10980.38274688724,52808.955221238946,72555.15891524949
ADV-0032,2024-04-01,7544.136460176992,8828.727233878073,60353.091681415935,81383.88614912756
ADV-0032,2024-05-01,7544.136460176992,6506.392230004024,67897.22814159293,87890.27837913159
ADV-0032,2024-06-01,7544.136460176992,7826.210312278815,75441.36460176992,95716.4886914104
ADV-0032,2024-07-01,7544.136460176992,8744.029310927404,82985.50106194691,104460.5180023378
ADV-0032,2024-08-01,7544.136460176992,7891.8812970286535,90529.6375221239,112352.39929936646
ADV-0032,2024-09-01,7544.136460176992,8160.161912190376,98073.77398230089,120512.56121155684
ADV-0032,2024-10-01,7544.136460176992,7900.394815081776,105617.91044247789,128412.95602663861
ADV-0032,2024-11-01,7544.136460176992,6195.118525449476,113162.04690265488,134608.07455208807
ADV-0032,2024-12-01,7544.136460176992,10221.07409230217,120706.18336283187,144829.14864439025
ADV-0032,2025-01-01,7544.136460176992,9952.028735874032,128250.31982300886,154781.17738026427
ADV-0032,2025-02-01,7544.136460176992,10331.17897370127,135794.45628318586,165112.35635396553
ADV-0032,2025-03-01,7544.136460176992,7214.530624873604,143338.59274336285,172326.88697883915
ADV-0032,2025-04-01,7544.136460176992,7913.093538246879,150882.72920353984,180239.98051708602
ADV-0032,2025-05-01,7544.136460176992,10102.925511550071,158426.86566371683,190342.9060286361
ADV-0032,2025-06-01,7544.136460176992,9967.813277542971,165971.00212389382,200310.71930617906
ADV-0032,2025-07-01,7544.136460176992,9337.166137910997,173515.1385840708,209647.88544409006
ADV-0033,2024-01-01,36911.348663101606,36909.03107364889,36911.348663101606,36909.03107364889
ADV-0033,2024-02-01,36911.348663101606,53851.874877491464,73822.69732620321,90760.90595114036
ADV-0033,2024-03-01,36911.348663101606,36588.46729458728,110734.04598930481,127349.37324572765
ADV-0033,2024-04-01,36911.348663101606,40077.79725878295,147645.39465240642,167427.1705045106
ADV-0033,2024-05-01,36911.348663101606,46779.261320314385,184556.74331550804,214206.431824825
ADV-0033,2024-06-01,36911.348663101606,42710.32409232226,221468.09197860962,256916.75591714727
ADV-0033,2024-07-01,36911.348663101606,36802.79078891437,258379.44064171123,293719.54670606164
ADV-0033,2024-08-01,36911.348663101606,39476.17613655867,295290.78930481285,333195.72284262034
ADV-0033,2024-09-01,36911.348663101606,50284.195460187046,332202.13796791446,383479.9183028074
ADV-0033,2024-10-01,36911.348663101606,34731.858686391475,369113.4866310161,418211.7769891989
ADV-0033,2024-11-01,36911.348663101606,30639.382473171554,406024.8352941177,448851.15946237044
ADV-0033,2024-12-01,36911.348663101606,35787.072268507356,442936.18395721924,484638.2317308778
ADV-0033,2025-01-01,36911.348663101606,51942.38510680702,479847.53262032085,536580.6168376848
ADV-0033,2025-02-01,36911.348663101606,29035.042945728514,516758.88128342247,565615.6597834133
ADV-0033,2025-03-01,36911.348663101606,56224.25200363131,553670.2299465241,621839.9117870446
ADV-0033,2025-04-01,36911.348663101606,42649.52659558976,590581.5786096257,664489.4383826344
ADV-0033,2025-05-01,36911.348663101606,56017.92240756649,627492.9272727272,720507.3607902009
ADV-0033,2025-06-01,36911.348663101606,54636.956397935224,664404.2759358289,775144.317188136
ADV-0033,2025-07-01,36911.348663101606,39993.29829134787,701315.6245989305,815137.615479484
ADV-0034,2024-03-01,41281.18421267894,40415.264314922475,41281.18421267894,40415.264314922475
ADV-0034,2024-04-01,41281.18421267894,39150.03961946751,82562.36842535788,79565.30393438999
ADV-0034,2024-05-01,41281.18421267894,41977.610168485204,123843.55263803682,121542.91410287519
ADV-0034,2024-06-01,41281.18421267894,59677.77111344747,165124.73685071577,181220.68521632266
ADV-0034,2024-07-01,41281.18421267894,43218.52650190238,206405.9210633947,224439.21171822504
ADV-0034,2024-08-01,41281.18421267894,45796.51377956932,247687.10527607365,270235.72549779434
ADV-0034,2024-09-01,41281.18421267894,49838.20687806184,288968.2894887526,320073.9323758562
ADV-0034,2024-10-01,41281.18421267894,67324.17077839702,330249.47370143153,387398.1031542532
ADV-0034,2024-11-01,41281.18421267894,40072.751731722165,371530.65791411046,427470.85488597536
ADV-0034,2024-12-01,41281.18421267894,33131.626866064675,412811.8421267894,460602.48175204004
ADV-0034,2025-01-01,41281.18421267894,35204.92110217369,454093.0263394684,495807.4028542137
ADV-0034,2025-02-01,41281.18421267894,67005.42633225744,495374.2105521473,562812.8291864712
ADV-0034,2025-03-01,41281.18421267894,57320.36977865646,536655.3947648263,620133.1989651276
ADV-0034,2025-04-01,41281.18421267894,43221.938376579594,577936.5789775052,663355.1373417071
ADV-0034,2025-05-01,41281.18421267894,39613.40624483542,619217.7631901841,702968.5435865426
ADV-0034,2025-06-01,41281.18421267894,44021.068580573694,660498.9474028631,746989.6121671163
ADV-0034,2025-07-01,41281.18421267894,37264.31022974735,701780.131615542,784253.9223968636
ADV-0035,2023-10-01,40983.71969088099,60749.79289315597,40983.71969088099,60749.79289315597
ADV-0035,2023-11-01,40983.71969088099,55488.35965980514,81967.43938176199,116238.15255296111
ADV-0035,2023-12-01,40983.71969088099,44725.99233109906,122951.15907264297,160964.14488406017
ADV-0035,2024-01-01,40983.71969088099,58189.0739794157,163934.87876352397,219153.21886347586
ADV-0035,2024-02-01,40983.71969088099,37604.93555667403,204918.59845440497,256758.1544201499
ADV-0035,2024-03-01,40983.71969088099,53244.834843357996,245902.31814528594,310002.9892635079
ADV-0035,2024-04-01,40983.71969088099,57893.77125528053,286886.037836167,367896.7605187884
ADV-0035,2024-05-01,40983.71969088099,41193.690298551315,327869.75752704794,409090.4508173397
ADV-0035,2024-06-01,40983.71969088099,54594.04363394828,368853.4772179289,463684.49445128796
ADV-0035,2024-07-01,40983.71969088099,39130.39641912403,409837.19690880994,502814.890870412
ADV-0035,2024-08-01,40983.71969088099,39256.969939494906,450820.9165996909,542071.8608099069
ADV-0035,2024-09-01,40983.71969088099,32842.6585990463,491804.6362905719,574914.5194089531
ADV-0035,2024-10-01,40983.71969088099,43979.111809989045,532788.3559814529,618893.6312189422
ADV-0035,2024-11-01,40983.71969088099,53665.92337577582,573772.075672334,672559.554594718
ADV-0035,2024-12-01,40983.71969088099,60705.91254883241,614755.7953632149,733265.4671435504
ADV-0035,2025-01-01,40983.71969088099,49454.986739903106,655739.5150540959,782720.4538834535
ADV-0035,2025-02-01,40983.71969088099,58127.97188526931,696723.2347449769,840848.4257687228
ADV-0035,2025-03-01,40983.71969088099,56768.8302247573,737706.9544358578,897617.2559934801
ADV-0035,2025-04-01,40983.71969088099,35059.43822358539,778690.6741267389,932676.6942170655
ADV-0035,2025-05-01,40983.71969088099,45509.42980652886,819674.3938176199,978186.1240235943
ADV-0035,2025-06-01,40983.71969088099,33172.616365964386,860658.1135085009,1011358.7403895587
ADV-0035,2025-07-01,40983.71969088099,52075.429810396316,901641.8331993818,1063434.170199955
ADV-0036,2023-06-01,166042.59,286042.4476309989,166042.59,286042.4476309989
ADV-0036,2023-07-01,166042.59,158639.15745495193,332085.18,444681.6050859508
ADV-0036,2023-08-01,166042.59,252183.10721120003,498127.77,696864.7122971509
ADV-0036,2023-09-01,166042.59,236250.84564316337,664170.36,933115.5579403143
ADV-0036,2023-10-01,166042.59,228627.88687648595,830212.95,1161743.4448168003
ADV-0036,2023-11-01,166042.59,198300.26536503233,996255.54,1360043.7101818325
ADV-0036,2023-12-01,166042.59,192816.00712330613,1162298.13,1552859.7173051387
ADV-0036,2024-01-01,166042.59,144243.72749785034,1328340.72,1697103.444802989
ADV-0037,2024-06-01,104939.59393939393,93586.54718234378,104939.59393939393,93586.54718234378
ADV-0037,2024-07-01,104939.59393939393,76226.47725811487,209879.18787878787,169813.02444045866
ADV-0037,2024-08-01,104939.59393939393,124714.02884759035,314818.7818181818,294527.053288049
ADV-0037,2024-09-01,104939.59393939393,83991.15767432936,419758.37575757573,378518.21096237836
ADV-0037,2024-10-01,104939.59393939393,149684.1394526537,524697.9696969697,528202.3504150321
ADV-0037,2024-11-01,104939.59393939393,119723.97766270506,629637.5636363636,647926.3280777372
ADV-0037,2024-12-01,104939.59393939393,134841.81282385896,734577.1575757575,782768.1409015962
ADV-0037,2025-01-01,104939.59393939393,110108.85400277466,839516.7515151515,892876.9949043709
ADV-0037,2025-02-01,104939.59393939393,122929.7163749168,944456.3454545455,1015806.7112792877
ADV-0037,2025-03-01,104939.59393939393,155647.4434160904,1049395.9393939395,1171454.1546953782
ADV-0038,2023-08-01,45968.598620689656,35924.96438871109,45968.598620689656,35924.96438871109
ADV-0038,2023-09-01,45968.598620689656,42346.8808411216,91937.19724137931,78271.84522983269
ADV-0038,2023-10-01,45968.598620689656,62079.235203288874,137905.79586206898,140351.08043312156
ADV-0038,2023-11-01,45968.598620689656,36525.2492173801,183874.39448275862,176876.32965050166
ADV-0038,2023-12-01,45968.598620689656,35659.65590709057,229842.99310344827,212535.98555759224
ADV-0038,2024-01-01,45968.598620689656,46383.1333935475,275811.59172413795,258919.11895113974
ADV-0038,2024-02-01,45968.598620689656,36278.83423635785,321780.1903448276,295197.95318749757
ADV-0038,2024-03-01,45968.598620689656,54768.092049431,367748.78896551725,349966.04523692856
ADV-0038,2024-04-01,45968.598620689656,41309.24926016109,413717.3875862069,391275.29449708964
ADV-0038,2024-05-01,45968.598620689656,66419.54722220828,459685.98620689654,457694.8417192979
ADV-0038,2024-06-01,45968.598620689656,62210.962415465685,505654.5848275862,519905.8041347636
ADV-0038,2024-07-01,45968.598620689656,59067.78511711932,551623.1834482759,578973.5892518829
ADV-0039,2024-05-01,103467.59870669746,140783.4937174656,103467.59870669746,140783.4937174656
ADV-0039,2024-06-01,103467.59870669746,164045.8855917124,206935.19741339493,304829.379309178
ADV-0039,2024-07-01,103467.59870669746,103615.82640174446,310402.7961200924,408445.2057109224
ADV-0039,2024-08-01,103467.59870669746,164955.83330574766,413870.39482678985,573401.0390166701
ADV-0039,2024-09-01,103467.59870669746,157065.57131956026,517337.9935334873,730466.6103362304
ADV-0039,2024-10-01,103467.59870669746,153165.43235525457,620805.5922401848,883632.0426914849
ADV-0039,2024-11-01,103467.59870669746,135528.60463901598,724273.1909468822,1019160.6473305009
ADV-0039,2024-12-01,103467.59870669746,105803.34610037477,827740.7896535797,1124963.9934308757
ADV-0039,2025-01-01,103467.59870669746,122534.16282202024,931208.3883602772,1247498.156252896
ADV-0039,2025-02-01,103467.59870669746,157450.4149946041,1034675.9870669746,1404948.5712475001
ADV-0039,2025-03-01,103467.59870669746,85565.8394098401,1138143.585773672,1490514.4106573402
ADV-0039,2025-04-01,103467.59870669746,156363.37039609585,1241611.1844803696,1646877.781053436
ADV-0039,2025-05-01,103467.59870669746,105220.80701858894,1345078.7831870671,1752098.588072025
ADV-0039,2025-06-01,103467.59870669746,96184.51350853631,1448546.3818937645,1848283.1015805614
ADV-0039,2025-07-01,103467.59870669746,93485.00362204024,1552013.9806004618,1941768.1052026015
ADV-0040,2024-01-01,38016.90380453753,28538.225590764843,38016.90380453753,28538.225590764843
ADV-0040,2024-02-01,38016.90380453753,44237.379988663866,76033.80760907505,72775.60557942871
ADV-0040,2024-03-01,38016.90380453753,34579.87970408064,114050.71141361259,107355.48528350935
ADV-0040,2024-04-01,38016.90380453753,58972.09601068723,152067.6152181501,166327.58129419657
ADV-0040,2024-05-01,38016.90380453753,45845.77730200382,190084.51902268763,212173.35859620039
ADV-0040,2024-06-01,38016.90380453753,32037.625859316926,228101.42282722518,244210.98445551732
ADV-0040,2024-07-01,38016.90380453753,49461.909192521176,266118.32663176267,293672.8936480385
ADV-0040,2024-08-01,38016.90380453753,56071.99240291002,304135.2304363002,349744.8860509485
ADV-0040,2024-09-01,38016.90380453753,51246.38107393026,342152.13424083777,400991.26712487877
ADV-0040,2024-10-01,38016.90380453753,30094.103663885442,380169.03804537526,431085.3707887642
ADV-0040,2024-11-01,38016.90380453753,56013.17992639494,418185.9418499128,487098.55071515916
ADV-0040,2024-12-01,38016.90380453753,52788.34322844508,456202.84565445036,539886.8939436042
ADV-0040,2025-01-01,38016.90380453753,32683.468456012273,494219.74945898785,572570.3623996165
ADV-0040,2025-02-01,38016.90380453753,29314.29694282612,532236.6532635253,601884.6593424426
ADV-0040,2025-03-01,38016.90380453753,45304.07511547497,570253.557068063,647188.7344579176
ADV-0040,2025-04-01,38016.90380453753,32611.728663276015,608270.4608726004,679800.4631211937
ADV-0040,2025-05-01,38016.90380453753,54074.47118521522,646287.3646771379,733874.9343064089
ADV-0040,2025-06-01,38016.90380453753,39010.45408123913,684304.2684816755,772885.388387648
ADV-0040,2025-07-01,38016.90380453753,56551.15239022896,722321.172286213,829436.540777877
ADV-0041,2023-11-01,13435.949155844155,17034.171466675096,13435.949155844155,17034.171466675096
ADV-0041,2023-12-01,13435.949155844155,12505.53249280249,26871.89831168831,29539.703959477585
ADV-0041,2024-01-01,13435.949155844155,11996.246939972541,40307.84746753247,41535.95089945012
ADV-0041,2024-02-01,13435.949155844155,17161.680687478944,53743.79662337662,58697.63158692907
ADV-0041,2024-03-01,13435.949155844155,19353.914785056135,67179.74577922077,78051.5463719852
ADV-0041,2024-04-01,13435.949155844155,19585.918580300735,80615.69493506494,97637.46495228593
ADV-0041,2024-05-01,13435.949155844155,13606.135819570136,94051.64409090909,111243.60077185606
ADV-0041,2024-06-01,13435.949155844155,12760.620029831061,107487.59324675324,124004.22080168712
ADV-0041,2024-07-01,13435.949155844155,10543.801282575552,120923.54240259739,134548.02208426266
ADV-0041,2024-08-01,13435.949155844155,18376.283880763647,134359.49155844154,152924.30596502632
ADV-0041,2024-09-01,13435.949155844155,11250.996009992818,147795.4407142857,164175.30197501913
ADV-0041,2024-10-01,13435.949155844155,15320.607830037401,161231.38987012987,179495.90980505652
ADV-0041,2024-11-01,13435.949155844155,17459.751298080737,174667.339025974,196955.66110313724
ADV-0041,2024-12-01,13435.949155844155,21425.71521093624,188103.28818181818,218381.37631407348
ADV-0041,2025-01-01,13435.949155844155,14032.315589762713,201539.2373376623,232413.69190383618
ADV-0041,2025-02-01,13435.949155844155,13298.895796155486,214975.18649350648,245712.58769999168
ADV-0041,2025-03-01,13435.949155844155,18080.23191403513,228411.13564935065,263792.8196140268
ADV-0041,2025-04-01,13435.949155844155,17667.337301987747,241847.08480519478,281460.15691601456
ADV-0041,2025-05-01,13435.949155844155,14272.425793164015,255283.03396103895,295732.58270917856
ADV-0041,2025-06-01,13435.949155844155,21319.218434552513,268718.9831168831,317051.80114373105
ADV-0041,2025-07-01,13435.949155844155,20335.0248527382,282154.93227272725,337386.82599646924
ADV-0042,2023-10-01,2398.6532098765433,2446.280394428468,2398.6532098765433,2446.280394428468
ADV-0042,2023-11-01,2398.6532098765433,2480.025798180151,4797.306419753087,4926.306192608619
ADV-0042,2023-12-01,2398.6532098765433,3088.061455154643,7195.9596296296295,8014.3676477632625
ADV-0042,2024-01-01,2398.6532098765433,3669.6393645552016,9594.612839506173,11684.007012318463
ADV-0042,2024-02-01,2398.6532098765433,2045.7380967924032,11993.266049382717,13729.745109110867
ADV-0042,2024-03-01,2398.6532098765433,3491.0359158198826,14391.919259259259,17220.78102493075
ADV-0042,2024-04-01,2398.6532098765433,3390.6472180796027,16790.572469135805,20611.428243010356
ADV-0042,2024-05-01,2398.6532098765433,2462.9695672979096,19189.225679012347,23074.397810308266
ADV-0042,2024-06-01,2398.6532098765433,3464.3642680467,21587.87888888889,26538.762078354965
ADV-0042,2024-07-01,2398.6532098765433,4040.5073490595814,23986.532098765434,30579.269427414547
ADV-0042,2024-08-01,2398.6532098765433,2051.8493663983536,26385.185308641976,32631.1187938129
ADV-0042,2024-09-01,2398.6532098765433,2659.2359560398577,28783.838518518518,35290.354749852755
ADV-0042,2024-10-01,2398.6532098765433,2923.0659472140774,31182.491728395064,38213.42069706683
ADV-0042,2024-11-01,2398.6532098765433,3949.4151631248337,33581.14493827161,42162.83586019166
ADV-0042,2024-12-01,2398.6532098765433,4089.6524455184895,35979.79814814815,46252.488305710154
ADV-0042,2025-01-01,2398.6532098765433,2936.2848187507184,38378.45135802469,49188.77312446087
ADV-0042,2025-02-01,2398.6532098765433,3617.232284506817,40777.10456790124,52806.00540896769
ADV-0042,2025-03-01,2398.6532098765433,3131.157357310917,43175.75777777778,55937.16276627861
ADV-0042,2025-04-01,2398.6532098765433,3144.7844261443192,45574.41098765432,59081.94719242293
ADV-0042,2025-05-01,2398.6532098765433,2566.7420716962893,47973.06419753087,61648.68926411922
ADV-0042,2025-06-01,2398.6532098765433,2430.6402006847334,50371.71740740741,64079.32946480395
ADV-0042,2025-07-01,2398.6532098765433,2588.791957664773,52770.37061728395,66668.12142246873
ADV-0043,2023-08-01,57639.574233473984,76561.05506801921,57639.574233473984,76561.05506801921
ADV-0043,2023-09-01,57639.574233473984,48362.831325943036,115279.14846694797,124923.88639396225
ADV-0043,2023-10-01,57639.574233473984,95331.64926694686,172918.72270042196,220255.5356609091
ADV-0043,2023-11-01,57639.574233473984,55162.875649236354,230558.29693389594,275418.41131014546
ADV-0043,2023-12-01,57639.574233473984,58575.773036806015,288197.87116736994,333994.1843469515
ADV-0043,2024-01-01,57639.574233473984,74525.68071687881,345837.4454008439,408519.8650638303
ADV-0043,2024-02-01,57639.574233473984,84787.03574538651,403477.0196343179,493306.9008092168
ADV-0043,2024-03-01,57639.574233473984,51923.83593389958,461116.5938677919,545230.7367431164
ADV-0043,2024-04-01,57639.574233473984,63796.67270902635,518756.16810126585,609027.4094521428
ADV-0043,2024-05-01,57639.574233473984,98617.2787014671,576395.7423347399,707644.6881536099
ADV-0043,2024-06-01,57639.574233473984,60835.93492857619,634035.3165682139,768480.6230821861
ADV-0043,2024-07-01,57639.574233473984,63548.23780333592,691674.8908016878,832028.860885522
ADV-0043,2024-08-01,57639.574233473984,91547.24111082395,749314.4650351618,923576.1019963459
ADV-0043,2024-09-01,57639.574233473984,49489.280371257606,806954.0392686358,973065.3823676035
ADV-0043,2024-10-01,57639.574233473984,71655.27193418931,864593.6135021098,1044720.6543017928
ADV-0043,2024-11-01,57639.574233473984,67108.85464787255,922233.1877355837,1111829.5089496654
ADV-0043,2024-12-01,57639.574233473984,63737.40965113613,979872.7619690577,1175566.9186008014
ADV-0043,2025-01-01,57639.574233473984,62085.26982391947,1037512.3362025317,1237652.188424721
ADV-0043,2025-02-01,57639.574233473984,51690.89173369112,1095151.9104360058,1289343.080158412
ADV-0043,2025-03-01,57639.574233473984,63643.21831228015,1152791.4846694798,1352986.2984706922
ADV-0043,2025-04-01,57639.574233473984,49106.18684415742,1210431.0589029538,1402092.4853148498
ADV-0043,2025-05-01,57639.574233473984,88576.720299137,1268070.6331364277,1490669.2056139868
ADV-0043,2025-06-01,57639.574233473984,68104.34977385565,1325710.2073699017,1558773.5553878425
ADV-0043,2025-07-01,57639.574233473984,70547.53936463005,1383349.7816033757,1629321.0947524726
ADV-0044,2023-09-01,6511.563647058823,9765.836150755626,6511.563647058823,9765.836150755626
ADV-0044,2023-10-01,6511.563647058823,8465.23216637141,13023.127294117647,18231.068317127036
ADV-0044,2023-11-01,6511.563647058823,4876.081031086818,19534.690941176472,23107.149348213854
ADV-0044,2023-12-01,6511.563647058823,10039.608596851085,26046.254588235293,33146.757945064935
ADV-0044,2024-01-01,6511.563647058823,6141.045954747521,32557.818235294115,39287.803899812454
ADV-0044,2024-02-01,6511.563647058823,5425.80487427251,39069.381882352944,44713.60877408496
ADV-0044,2024-03-01,6511.563647058823,9073.034989304893,45580.945529411765,53786.64376338985
ADV-0044,2024-04-01,6511.563647058823,7595.118858074301,52092.50917647059,61381.76262146416
ADV-0044,2024-05-01,6511.563647058823,7226.777128339948,58604.07282352941,68608.5397498041
ADV-0044,2024-06-01,6511.563647058823,6209.287821718322,65115.63647058823,74817.82757152242
ADV-0044,2024-07-01,6511.563647058823,7854.611568725587,71627.20011764705,82672.439140248
ADV-0044,2024-08-01,6511.563647058823,6346.67877794384,78138.76376470589,89019.11791819184
ADV-0044,2024-09-01,6511.563647058823,9809.946649601896,84650.32741176471,98829.06456779374
ADV-0044,2024-10-01,6511.563647058823,6019.897607661453,91161.89105882353,104848.96217545519
ADV-0044,2024-11-01,6511.563647058823,9714.817777897437,97673.45470588235,114563.77995335263
ADV-0044,2024-12-01,6511.563647058823,7920.508447063044,104185.01835294117,122484.28840041567
ADV-0044,2025-01-01,6511.563647058823,9406.33095217634,110696.582,131890.619352592
ADV-0044,2025-02-01,6511.563647058823,8767.77750368214,117208.14564705882,140658.39685627416
ADV-0044,2025-03-01,6511.563647058823,8678.595453604075,123719.70929411764,149336.99230987823
ADV-0044,2025-04-01,6511.563647058823,6622.554844270319,130231.27294117646,155959.54715414855
ADV-0044,2025-05-01,6511.563647058823,6123.11369931844,136742.83658823528,162082.66085346698
ADV-0044,2025-06-01,6511.563647058823,5996.053057686836,143254.4002352941,168078.7139111538
ADV-0044,2025-07-01,6511.563647058823,9564.826237822937,149765.96388235292,177643.54014897675
ADV-0045,2024-06-01,113999.3981,176269.20497329812,113999.3981,176269.20497329812
ADV-0045,2024-07-01,113999.3981,136776.82639892324,227998.7962,313046.03137222136
ADV-0045,2024-08-01,113999.3981,104737.28985856415,341998.19430000003,417783.3212307855
ADV-0045,2024-09-01,113999.3981,130713.31198659341,455997.5924,548496.633217379
ADV-0045,2024-10-01,113999.3981,155363.07994556995,569996.9905000001,703859.713162949
ADV-0045,2024-11-01,113999.3981,138214.65741197582,683996.3886000001,842074.3705749247
ADV-0045,2024-12-01,113999.3981,172085.80927796033,797995.7867,1014160.1798528851
ADV-0045,2025-01-01,113999.3981,194691.82163974285,911995.1848,1208852.001492628
ADV-0045,2025-02-01,113999.3981,110843.03573698242,1025994.5829,1319695.0372296104
ADV-0045,2025-03-01,113999.3981,138760.24378475497,1139993.9810000001,1458455.2810143654
ADV-0045,2025-04-01,113999.3981,135779.81741750397,1253993.3791,1594235.0984318694
ADV-0045,2025-05-01,113999.3981,122628.83218270433,1367992.7772000001,1716863.9306145736
ADV-0045,2025-06-01,113999.3981,111567.0056250484,1481992.1753,1828430.936239622
ADV-0045,2025-07-01,113999.3981,97801.36159043944,1595991.5734,1926232.2978300615
ADV-0046,2023-11-01,40398.16524271845,60366.056476691636,40398.16524271845,60366.056476691636
ADV-0046,2023-12-01,40398.16524271845,44358.465882126155,80796.3304854369,104724.52235881779
ADV-0046,2024-01-01,40398.16524271845,46997.90845058918,121194.49572815537,151722.43080940697
ADV-0046,2024-02-01,40398.16524271845,61387.712981369375,161592.6609708738,213110.14379077635
ADV-0046,2024-03-01,40398.16524271845,56569.321527105385,201990.82621359226,269679.4653178817
ADV-0046,2024-04-01,40398.16524271845,34446.10447419392,242388.99145631073,304125.56979207566
ADV-0046,2024-05-01,40398.16524271845,49345.394642038766,282787.15669902915,353470.9644341144
ADV-0046,2024-06-01,40398.16524271845,45125.95971294021,323185.3219417476,398596.9241470546
ADV-0046,2024-07-01,40398.16524271845,57286.01182766779,363583.4871844661,455882.9359747224
ADV-0046,2024-08-01,40398.16524271845,54785.939490527046,403981.6524271845,510668.8754652494
ADV-0046,2024-09-01,40398.16524271845,53627.11213376007,444379.817669903,564295.9875990095
ADV-0046,2024-10-01,40398.16524271845,41641.70239285511,484777.98291262146,605937.6899918646
ADV-0046,2024-11-01,40398.16524271845,57551.59962031149,525176.1481553399,663489.2896121761
ADV-0046,2024-12-01,40398.16524271845,31770.240969876766,565574.3133980583,695259.5305820529
ADV-0046,2025-01-01,40398.16524271845,35443.81167698021,605972.4786407768,730703.3422590331
ADV-0046,2025-02-01,40398.16524271845,41473.101256119095,646370.6438834952,772176.4435151522
ADV-0046,2025-03-01,40398.16524271845,32606.680592463825,686768.8091262137,804783.124107616
ADV-0046,2025-04-01,40398.16524271845,38025.78894148597,727166.9743689322,842808.913049102
ADV-0046,2025-05-01,40398.16524271845,58414.45555634378,767565.1396116506,901223.3686054457
ADV-0046,2025-06-01,40398.16524271845,62460.30233347616,807963.304854369,963683.6709389219
ADV-0046,2025-07-01,40398.16524271845,40410.39771409732,848361.4700970876,1004094.0686530191
ADV-0047,2023-07-01,25698.587951153324,26238.41661104057,25698.587951153324,26238.41661104057
ADV-0047,2023-08-01,25698.587951153324,26592.4829165144,51397.17590230665,52830.89952755497
ADV-0047,2023-09-01,25698.587951153324,26542.434552935934,77095.76385345997,79373.3340804909
ADV-0047,2023-10-01,25698.587951153324,20975.01898622265,102794.3518046133,100348.35306671355
ADV-0047,2023-11-01,25698.587951153324,41490.808313302514,128492.93975576662,141839.16138001607
ADV-0047,2023-12-01,25698.587951153324,25068.292429288424,154191.52770691994,166907.45380930448
ADV-0047,2024-01-01,25698.587951153324,29818.67938101505,179890.11565807328,196726.13319031952
ADV-0047,2024-02-01,25698.587951153324,20370.742484153983,205588.7036092266,217096.8756744735
ADV-0047,2024-03-01,25698.587951153324,39902.91094207444,231287.2915603799,256999.78661654794
ADV-0047,2024-04-01,25698.587951153324,36983.27429875954,256985.87951153325,293983.0609153075
ADV-0047,2024-05-01,25698.587951153324,41947.63569512839,282684.4674626866,335930.6966104359
ADV-0047,2024-06-01,25698.587951153324,38145.12001966013,308383.0554138399,374075.81663009606
ADV-0047,2024-07-01,25698.587951153324,27371.078647878516,334081.6433649932,401446.89527797455
ADV-0047,2024-08-01,25698.587951153324,25855.208751491245,359780.23131614656,427302.1040294658
ADV-0047,2024-09-01,25698.587951153324,36213.26316327678,385478.81926729984,463515.3671927426
ADV-0047,2024-10-01,25698.587951153324,28531.729972484463,411177.4072184532,492047.09716522705
ADV-0047,2024-11-01,25698.587951153324,33185.32299160193,436875.9951696065,525232.420156829
ADV-0047,2024-12-01,25698.587951153324,20291.777073599096,462574.5831207598,545524.197230428
ADV-0047,2025-01-01,25698.587951153324,21572.669085913065,488273.17107191315,567096.8663163411
ADV-0047,2025-02-01,25698.587951153324,32475.040263629555,513971.7590230665,599571.9065799706
ADV-0047,2025-03-01,25698.587951153324,33182.02177934471,539670.3469742198,632753.9283593153
ADV-0047,2025-04-01,25698.587951153324,37450.599461274265,565368.9349253732,670204.5278205895
ADV-0047,2025-05-01,25698.587951153324,23186.31779978537,591067.5228765265,693390.8456203749
ADV-0047,2025-06-01,25698.587951153324,31964.213182923235,616766.1108276797,725355.0588032982
ADV-0047,2025-07-01,25698.587951153324,24625.031737225025,642464.6987788331,749980.0905405232
ADV-0048,2023-07-01,55937.1667294751,48525.70039906111,55937.1667294751,48525.70039906111
ADV-0048,2023-08-01,55937.1667294751,64428.66533591421,111874.3334589502,112954.36573497532
ADV-0048,2023-09-01,55937.1667294751,52041.122744111795,167811.5001884253,164995.48847908713
ADV-0048,2023-10-01,55937.1667294751,54970.38523650442,223748.6669179004,219965.87371559156
ADV-0048,2023-11-01,55937.1667294751,59770.479433870874,279685.8336473755,279736.35314946243
ADV-0048,2023-12-01,55937.1667294751,56855.207905085896,335623.0003768506,336591.5610545483
ADV-0048,2024-01-01,55937.1667294751,48244.78838622301,391560.16710632574,384836.34944077133
ADV-0048,2024-02-01,55937.1667294751,48361.314058351796,447497.3338358008,433197.6634991231
ADV-0048,2024-03-01,55937.1667294751,53540.341701161684,503434.5005652759,486738.0052002848
ADV-0048,2024-04-01,55937.1667294751,46388.75011894173,559371.667294751,533126.7553192265
ADV-0048,2024-05-01,55937.1667294751,75252.57747554092,615308.8340242262,608379.3327947675
ADV-0048,2024-06-01,55937.1667294751,58255.46794859169,671246.0007537012,666634.8007433591
ADV-0048,2024-07-01,55937.1667294751,57875.5230854417,727183.1674831763,724510.3238288008
ADV-0048,2024-08-01,55937.1667294751,60494.39408496505,783120.3342126515,785004.7179137659
ADV-0048,2024-09-01,55937.1667294751,77073.8900614456,839057.5009421265,862078.6079752116
ADV-0048,2024-10-01,55937.1667294751,87490.64887553787,894994.6676716016,949569.2568507495
ADV-0048,2024-11-01,55937.1667294751,81899.94910435188,950931.8344010768,1031469.2059551014
ADV-0048,2024-12-01,55937.1667294751,80318.28648700286,1006869.0011305518,1111787.4924421043
ADV-0048,2025-01-01,55937.1667294751,68132.28029398205,1062806.167860027,1179919.7727360863
ADV-0048,2025-02-01,55937.1667294751,78628.06605356699,1118743.334589502,1258547.8387896533
ADV-0048,2025-03-01,55937.1667294751,71559.02354116521,1174680.5013189772,1330106.8623308185
ADV-0048,2025-04-01,55937.1667294751,54693.15061396269,1230617.6680484524,1384800.0129447812
ADV-0048,2025-05-01,55937.1667294751,54309.12542043604,1286554.8347779273,1439109.1383652173
ADV-0048,2025-06-01,55937.1667294751,58709.817594764834,1342492.0015074024,1497818.955959982
ADV-0048,2025-07-01,55937.1667294751,89503.89660977446,1398429.1682368775,1587322.8525697566
ADV-0049,2023-12-01,36269.950655462184,43749.09682919998,36269.950655462184,43749.09682919998
ADV-0049,2024-01-01,36269.950655462184,49484.971000924415,72539.90131092437,93234.0678301244
ADV-0049,2024-02-01,36269.950655462184,37571.38279821711,108809.85196638654,130805.45062834152
ADV-0049,2024-03-01,36269.950655462184,39452.38397554521,145079.80262184874,170257.83460388673
ADV-0049,2024-04-01,36269.950655462184,30774.313611688558,181349.75327731093,201032.1482155753
ADV-0049,2024-05-01,36269.950655462184,32180.80838458074,217619.7039327731,233212.95660015603
ADV-0049,2024-06-01,36269.950655462184,52359.24122883179,253889.65458823528,285572.19782898785
ADV-0049,2024-07-01,36269.950655462184,44900.13731557663,290159.6052436975,330472.33514456445
ADV-0049,2024-08-01,36269.950655462184,37293.76181447769,326429.55589915963,367766.09695904213
ADV-0049,2024-09-01,36269.950655462184,51605.53231273967,362699.50655462185,419371.62927178177
ADV-0049,2024-10-01,36269.950655462184,34494.495947843796,398969.457210084,453866.12521962554
ADV-0049,2024-11-01,36269.950655462184,56932.06121461518,435239.4078655462,510798.1864342407
ADV-0049,2024-12-01,36269.950655462184,37517.83032649165,471509.3585210084,548316.0167607324
ADV-0049,2025-01-01,36269.950655462184,37286.94879624782,507779.30917647056,585602.9655569802
ADV-0049,2025-02-01,36269.950655462184,36505.75233677497,544049.2598319327,622108.7178937552
ADV-0049,2025-03-01,36269.950655462184,30668.077287520835,580319.210487395,652776.795181276
ADV-0049,2025-04-01,36269.950655462184,30330.539530916285,616589.1611428572,683107.3347121923
ADV-0049,2025-05-01,36269.950655462184,46846.016889901606,652859.1117983193,729953.3516020939
ADV-0049,2025-06-01,36269.950655462184,53828.23745951647,689129.0624537815,783781.5890616104
ADV-0049,2025-07-01,36269.950655462184,51226.2780212853,725399.0131092437,835007.8670828957
ADV-0050,2023-07-01,60489.175081081084,56054.721262247884,60489.175081081084,56054.721262247884
ADV-0050,2023-08-01,60489.175081081084,78368.01470210617,120978.35016216217,134422.73596435407
ADV-0050,2023-09-01,60489.175081081084,54095.438421339364,181467.52524324326,188518.17438569345
ADV-0050,2023-10-01,60489.175081081084,50769.09180720761,241956.70032432434,239287.26619290106
ADV-0050,2023-11-01,60489.175081081084,84480.62783689551,302445.8754054054,323767.8940297966
ADV-0050,2023-12-01,60489.175081081084,77792.64367952303,362935.0504864865,401560.5377093196
ADV-0050,2024-01-01,60489.175081081084,52795.29080536625,423424.22556756757,454355.82851468585
ADV-0050,2024-02-01,60489.175081081084,50197.82464276692,483913.4006486487,504553.65315745276
ADV-0050,2024-03-01,60489.175081081084,102871.39038294888,544402.5757297297,607425.0435404016
ADV-0050,2024-04-01,60489.175081081084,49926.52235698034,604891.7508108108,657351.565897382
ADV-0050,2024-05-01,60489.175081081084,72793.26407714396,665380.9258918919,730144.829974526
ADV-0050,2024-06-01,60489.175081081084,76108.23925291291,725870.100972973,806253.0692274389
ADV-0050,2024-07-01,60489.175081081084,54740.253321881304,786359.2760540541,860993.3225493202
ADV-0050,2024-08-01,60489.175081081084,57596.84536889245,846848.4511351351,918590.1679182126
ADV-0050,2024-09-01,60489.175081081084,67678.08161466959,907337.6262162162,986268.2495328821
ADV-0050,2024-10-01,60489.175081081084,90289.07034807027,967826.8012972974,1076557.3198809524
ADV-0050,2024-11-01,60489.175081081084,76244.13546162537,1028315.9763783785,1152801.4553425778
ADV-0050,2024-12-01,60489.175081081084,83460.93796974083,1088805.1514594594,1236262.3933123187
ADV-0050,2025-01-01,60489.175081081084,102618.62700195775,1149294.3265405407,1338881.0203142765
ADV-0050,2025-02-01,60489.175081081084,90638.24761347567,1209783.5016216217,1429519.267927752
ADV-0050,2025-03-01,60489.175081081084,72232.40357780755,1270272.676702703,1501751.6715055597
ADV-0050,2025-04-01,60489.175081081084,72898.8337715329,1330761.8517837839,1574650.5052770926
ADV-0050,2025-05-01,60489.175081081084,82405.62111781951,1391251.0268648649,1657056.1263949121
ADV-0050,2025-06-01,60489.175081081084,84975.98375214163,1451740.201945946,1742032.1101470538
ADV-0050,2025-07-01,60489.175081081084,75892.6445771482,1512229.377027027,1817924.754724202
ADV-0051,2023-12-01,104104.8,134174.67163731478,104104.8,134174.67163731478
ADV-0051,2024-01-01,104104.8,79323.23068955979,208209.6,213497.90232687455
ADV-0051,2024-02-01,104104.8,115173.24196855414,312314.4,328671.1442954287
ADV-0051,2024-03-01,104104.8,101870.65774346796,416419.2,430541.80203889665
ADV-0051,2024-04-01,104104.8,88649.39405949893,520524.0,519191.19609839557
ADV-0051,2024-05-01,104104.8,86033.81439604344,624628.8,605225.010494439
ADV-0051,2024-06-01,104104.8,130496.09099892378,728733.6,735721.1014933628
ADV-0051,2024-07-01,104104.8,123469.6736445488,832838.4,859190.7751379116
ADV-0051,2024-08-01,104104.8,99632.38816805491,936943.2000000001,958823.1633059664
ADV-0051,2024-09-01,104104.8,118821.64270336875,1041048.0,1077644.8060093352
ADV-0051,2024-10-01,104104.8,120700.45882331015,1145152.8,1198345.2648326454
ADV-0051,2024-11-01,104104.8,94461.32412893759,1249257.6,1292806.588961583
ADV-0051,2024-12-01,104104.8,134813.10468471318,1353362.4000000001,1427619.6936462964
ADV-0051,2025-01-01,104104.8,146186.00209397188,1457467.2,1573805.6957402683
ADV-0051,2025-02-01,104104.8,147116.85187959272,1561572.0,1720922.547619861
ADV-0052,2023-11-01,28846.064429967428,39550.608254858984,28846.064429967428,39550.608254858984
ADV-0052,2023-12-01,28846.064429967428,37119.1331481678,57692.128859934855,76669.74140302678
ADV-0052,2024-01-01,28846.064429967428,25056.113544552238,86538.19328990228,101725.85494757902
ADV-0052,2024-02-01,28846.064429967428,31128.002894970497,115384.25771986971,132853.8578425495
ADV-0052,2024-03-01,28846.064429967428,25919.80146061969,144230.32214983713,158773.6593031692
ADV-0052,2024-04-01,28846.064429967428,49223.72895508761,173076.38657980456,207997.3882582568
ADV-0052,2024-05-01,28846.064429967428,27038.984715082155,201922.451009772,235036.37297333896
ADV-0052,2024-06-01,28846.064429967428,27485.902694478784,230768.51543973942,262522.27566781774
ADV-0052,2024-07-01,28846.064429967428,47236.21228464919,259614.57986970685,309758.48795246694
ADV-0052,2024-08-01,28846.064429967428,48691.160041629024,288460.64429967426,358449.647994096
ADV-0052,2024-09-01,28846.064429967428,43923.595051059885,317306.7087296417,402373.2430451559
ADV-0052,2024-10-01,28846.064429967428,23567.689517726383,346152.7731596091,425940.93256288226
ADV-0052,2024-11-01,28846.064429967428,23459.04284333655,374998.83758957655,449399.9754062188
ADV-0052,2024-12-01,28846.064429967428,33544.439703468386,403844.902019544,482944.4151096872
ADV-0052,2025-01-01,28846.064429967428,27261.576169501666,432690.9664495114,510205.99127918883
ADV-0052,2025-02-01,28846.064429967428,23915.185673696178,461537.03087947884,534121.176952885
ADV-0052,2025-03-01,28846.064429967428,35845.674110687374,490383.0953094463,569966.8510635723
ADV-0052,2025-04-01,28846.064429967428,48667.96762489087,519229.1597394137,618634.8186884632
ADV-0052,2025-05-01,28846.064429967428,32091.378375318698,548075.2241693811,650726.1970637819
ADV-0052,2025-06-01,28846.064429967428,41121.1768486398,576921.2885993485,691847.3739124218
ADV-0052,2025-07-01,28846.064429967428,40882.78887965732,605767.353029316,732730.162792079
ADV-0053,2024-04-01,32787.050833333335,35444.011777224114,32787.050833333335,35444.011777224114
ADV-0053,2024-05-01,32787.050833333335,48013.62736861266,65574.10166666667,83457.63914583677
ADV-0053,2024-06-01,32787.050833333335,34224.45531624448,98361.1525,117682.09446208125
ADV-0053,2024-07-01,32787.050833333335,31381.375440149426,131148.20333333334,149063.4699022307
ADV-0053,2024-08-01,32787.050833333335,49617.56055980408,163935.25416666668,198681.03046203477
ADV-0053,2024-09-01,32787.050833333335,31111.73694348255,196722.305,229792.7674055173
ADV-0053,2024-10-01,32787.050833333335,58919.40739706349,229509.35583333333,288712.1748025808
ADV-0053,2024-11-01,32787.050833333335,33315.39137392924,262296.4066666667,322027.56617651
ADV-0053,2024-12-01,32787.050833333335,46242.07577815104,295083.4575,368269.64195466106
ADV-0053,2025-01-01,32787.050833333335,40489.37132506747,327870.50833333336,408759.01327972853
ADV-0053,2025-02-01,32787.050833333335,31519.207233815436,360657.5591666667,440278.220513544
ADV-0053,2025-03-01,32787.050833333335,28417.525528613714,393444.61,468695.7460421577
ADV-0053,2025-04-01,32787.050833333335,47141.97549528909,426231.6608333333,515837.7215374468
ADV-0053,2025-05-01,32787.050833333335,52934.27590396503,459018.71166666667,568771.9974414118
ADV-0053,2025-06-01,32787.050833333335,54044.04458443304,491805.7625,622816.0420258449
ADV-0053,2025-07-01,32787.050833333335,42734.803832519996,524592.8133333334,665550.845858365
ADV-0054,2023-10-01,20271.32048854962,28941.800574219953,20271.32048854962,28941.800574219953
ADV-0054,2023-11-01,20271.32048854962,27109.64618803798,40542.64097709924,56051.44676225793
ADV-0054,2023-12-01,20271.32048854962,28010.016924219868,60813.961465648856,84061.4636864778
ADV-0054,2024-01-01,20271.32048854962,23952.704602757505,81085.28195419848,108014.1682892353
ADV-0054,2024-02-01,20271.32048854962,26418.958112280114,101356.6024427481,134433.12640151542
ADV-0054,2024-03-01,20271.32048854962,29433.43818726874,121627.92293129771,163866.56458878415
ADV-0054,2024-04-01,20271.32048854962,22293.829210336997,141899.24341984733,186160.39379912114
ADV-0054,2024-05-01,20271.32048854962,29441.371997355847,162170.56390839696,215601.76579647698
ADV-0054,2024-06-01,20271.32048854962,25693.950455087597,182441.88439694658,241295.71625156456
ADV-0054,2024-07-01,20271.32048854962,18230.778658264157,202713.2048854962,259526.4949098287
ADV-0054,2024-08-01,20271.32048854962,15757.447008588671,222984.52537404583,275283.94191841735
ADV-0054,2024-09-01,20271.32048854962,21678.53753048895,243255.84586259542,296962.4794489063
ADV-0054,2024-10-01,20271.32048854962,24900.18788876201,263527.1663511451,321862.66733766836
ADV-0054,2024-11-01,20271.32048854962,30034.08541999105,283798.48683969467,351896.7527576594
ADV-0054,2024-12-01,20271.32048854962,17557.956150311154,304069.8073282443,369454.7089079706
ADV-0054,2025-01-01,20271.32048854962,29340.26907121139,324341.1278167939,398794.977979182
ADV-0054,2025-02-01,20271.32048854962,30440.221964490665,344612.4483053435,429235.19994367263
ADV-0054,2025-03-01,20271.32048854962,17964.322361356873,364883.76879389316,447199.5223050295
ADV-0054,2025-04-01,20271.32048854962,30240.299635480802,385155.08928244276,477439.8219405103
ADV-0054,2025-05-01,20271.32048854962,32689.853381437744,405426.4097709924,510129.675321948
ADV-0054,2025-06-01,20271.32048854962,28055.279504317692,425697.730259542,538184.9548262657
ADV-0054,2025-07-01,20271.32048854962,29069.904808038842,445969.05074809166,567254.8596343045
ADV-0055,2023-06-01,7917.908338983051,12078.316728597736,7917.908338983051,12078.316728597736
ADV-0055,2023-07-01,7917.908338983051,9565.408908825912,15835.816677966102,21643.725637423646
ADV-0055,2023-08-01,7917.908338983051,7642.644533760537,23753.725016949153,29286.370171184182
ADV-0055,2023-09-01,7917.908338983051,11064.684332267463,31671.633355932205,40351.05450345165
ADV-0055,2023-10-01,7917.908338983051,9623.587276581695,39589.54169491526,49974.641780033344
ADV-0055,2023-11-01,7917.908338983051,9408.497861154001,47507.450033898305,59383.13964118734
ADV-0055,2023-12-01,7917.908338983051,7292.129227368736,55425.35837288136,66675.26886855607
ADV-0055,2024-01-01,7917.908338983051,10540.072256908117,63343.26671186441,77215.34112546418
ADV-0055,2024-02-01,7917.908338983051,6181.039901750522,71261.17505084747,83396.38102721471
ADV-0055,2024-03-01,7917.908338983051,11625.21752328866,79179.08338983051,95021.59855050338
ADV-0055,2024-04-01,7917.908338983051,7758.536236443784,87096.99172881356,102780.13478694716
ADV-0056,2024-06-01,66171.328125,57330.66002561229,66171.328125,57330.66002561229
ADV-0056,2024-07-01,66171.328125,75316.51565811114,132342.65625,132647.1756837234
ADV-0056,2024-08-01,66171.328125,52453.614882437025,198513.984375,185100.79056616043
ADV-0056,2024-09-01,66171.328125,89166.99166823701,264685.3125,274267.7822343974
ADV-0056,2024-10-01,66171.328125,101635.02833008344,330856.640625,375902.81056448084
ADV-0056,2024-11-01,66171.328125,97893.54773135555,397027.96875,473796.35829583637
ADV-0056,2024-12-01,66171.328125,57307.495101122775,463199.296875,531103.8533969591
ADV-0056,2025-01-01,66171.328125,57244.70098567951,529370.625,588348.5543826387
ADV-0056,2025-02-01,66171.328125,96531.2226553911,595541.953125,684879.7770380297
ADV-0056,2025-03-01,66171.328125,102867.0148671019,661713.28125,787746.7919051317
ADV-0056,2025-04-01,66171.328125,76362.95224216057,727884.609375,864109.7441472922
ADV-0056,2025-05-01,66171.328125,78552.71448039955,794055.9375,942662.4586276917
ADV-0056,2025-06-01,66171.328125,68221.21024481086,860227.265625,1010883.6688725026
ADV-0056,2025-07-01,66171.328125,101152.47399574645,926398.59375,1112036.142868249
ADV-0057,2024-01-01,8240.357153024912,11422.38301310664,8240.357153024912,11422.38301310664
ADV-0057,2024-02-01,8240.357153024912,8742.074910666914,16480.714306049824,20164.457923773552
ADV-0057,2024-03-01,8240.357153024912,8821.219750762099,24721.071459074738,28985.67767453565
ADV-0057,2024-04-01,8240.357153024912,13273.356898037413,32961.42861209965,42259.034572573066
ADV-0057,2024-05-01,8240.357153024912,6678.267502606046,41201.78576512456,48937.30207517911
ADV-0057,2024-06-01,8240.357153024912,9001.1615946136,49442.142918149475,57938.46366979271
ADV-0057,2024-07-01,8240.357153024912,10741.909511684153,57682.500071174385,68680.37318147687
ADV-0057,2024-08-01,8240.357153024912,7689.689727614072,65922.8572241993,76370.06290909094
ADV-0057,2024-09-01,8240.357153024912,7267.946092807265,74163.21437722421,83638.0090018982
ADV-0057,2024-10-01,8240.357153024912,12702.77435780761,82403.57153024912,96340.7833597058
ADV-0058,2024-03-01,57659.05522580645,88147.16815265446,57659.05522580645,88147.16815265446
ADV-0058,2024-04-01,57659.05522580645,84620.19579008738,115318.1104516129,172767.36394274182
ADV-0058,2024-05-01,57659.05522580645,88365.5428837528,172977.16567741934,261132.9068264946
ADV-0058,2024-06-01,57659.05522580645,71144.85917481691,230636.2209032258,332277.76600131154
ADV-0058,2024-07-01,57659.05522580645,84054.85273011388,288295.27612903225,416332.61873142543
ADV-0058,2024-08-01,57659.05522580645,62722.26059210282,345954.3313548387,479054.87932352826
ADV-0058,2024-09-01,57659.05522580645,76781.99411376234,403613.38658064516,555836.8734372905
ADV-0058,2024-10-01,57659.05522580645,92851.48440246657,461272.4418064516,648688.3578397571
ADV-0058,2024-11-01,57659.05522580645,54835.419413447846,518931.497032258,703523.777253205
ADV-0058,2024-12-01,57659.05522580645,63014.046618101165,576590.5522580645,766537.8238713061
ADV-0058,2025-01-01,57659.05522580645,67504.96934948715,634249.6074838709,834042.7932207932
ADV-0059,2023-08-01,60050.91823933976,54505.92912685856,60050.91823933976,54505.92912685856
ADV-0059,2023-09-01,60050.91823933976,51440.25280189745,120101.83647867951,105946.181928756
ADV-0059,2023-10-01,60050.91823933976,91723.67542572666,180152.75471801928,197669.85735448266
ADV-0059,2023-11-01,60050.91823933976,99636.94942095,240203.67295735903,297306.80677543266
ADV-0059,2023-12-01,60050.91823933976,68856.40399847434,300254.5911966988,366163.210773907
ADV-0059,2024-01-01,60050.91823933976,51795.973919369295,360305.50943603856,417959.1846932763
ADV-0059,2024-02-01,60050.91823933976,50620.962667375825,420356.4276753783,468580.1473606521
ADV-0059,2024-03-01,60050.91823933976,95037.8510545404,480407.34591471805,563617.9984151925
ADV-0059,2024-04-01,60050.91823933976,72035.7344430617,540458.2641540578,635653.7328582541
ADV-0059,2024-05-01,60050.91823933976,64299.188961876556,600509.1823933976,699952.9218201307
ADV-0059,2024-06-01,60050.91823933976,72716.21531133688,660560.1006327373,772669.1371314676
ADV-0059,2024-07-01,60050.91823933976,64206.46993603539,720611.0188720771,836875.6070675029
ADV-0059,2024-08-01,60050.91823933976,73392.79433340495,780661.9371114168,910268.4014009079
ADV-0059,2024-09-01,60050.91823933976,93328.88711806716,840712.8553507566,1003597.288518975
ADV-0059,2024-10-01,60050.91823933976,78949.06402084447,900763.7735900964,1082546.3525398194
ADV-0059,2024-11-01,60050.91823933976,84456.19873608513,960814.6918294361,1167002.5512759045
ADV-0059,2024-12-01,60050.91823933976,66701.25273034064,1020865.6100687758,1233703.8040062452
ADV-0059,2025-01-01,60050.91823933976,86815.68859185981,1080916.5283081157,1320519.492598105
ADV-0059,2025-02-01,60050.91823933976,82947.6672823326,1140967.4465474554,1403467.1598804377
ADV-0059,2025-03-01,60050.91823933976,53513.02764502299,1201018.364786795,1456980.1875254607
ADV-0059,2025-04-01,60050.91823933976,77891.32522053883,1261069.2830261348,1534871.5127459995
ADV-0059,2025-05-01,60050.91823933976,60894.16360366242,1321120.2012654745,1595765.676349662
ADV-0059,2025-06-01,60050.91823933976,90344.78814878392,1381171.1195048145,1686110.4644984459
ADV-0059,2025-07-01,60050.91823933976,69997.7635531975,1441222.0377441542,1756108.2280516434
ADV-0060,2023-12-01,26562.392696817424,46882.14105413201,26562.392696817424,46882.14105413201
ADV-0060,2024-01-01,26562.392696817424,24259.975479132445,53124.78539363485,71142.11653326446
ADV-0060,2024-02-01,26562.392696817424,41507.67998106479,79687.17809045227,112649.79651432925
ADV-0060,2024-03-01,26562.392696817424,38833.53909405969,106249.5707872697,151483.33560838894
ADV-0060,2024-04-01,26562.392696817424,41185.491801449745,132811.96348408711,192668.82740983868
ADV-0060,2024-05-01,26562.392696817424,29651.814838508435,159374.35618090455,222320.6422483471
ADV-0060,2024-06-01,26562.392696817424,34278.75284656689,185936.74887772196,256599.395094914
ADV-0060,2024-07-01,26562.392696817424,41912.906817946416,212499.1415745394,298512.3019128604
ADV-0060,2024-08-01,26562.392696817424,27771.48670287496,239061.53427135682,326283.78861573536
ADV-0060,2024-09-01,26562.392696817424,27608.29588119382,265623.92696817423,353892.0844969292
ADV-0060,2024-10-01,26562.392696817424,35758.083203173745,292186.31966499164,389650.16770010296
ADV-0060,2024-11-01,26562.392696817424,35068.840090326106,318748.7123618091,424719.00779042905
ADV-0060,2024-12-01,26562.392696817424,29018.239221623124,345311.1050586265,453737.24701205216
ADV-0060,2025-01-01,26562.392696817424,29414.753111145263,371873.4977554439,483152.00012319745
ADV-0060,2025-02-01,26562.392696817424,28907.475690871084,398435.8904522614,512059.4758140685
ADV-0060,2025-03-01,26562.392696817424,41286.1231724828,424998.2831490788,553345.5989865513
ADV-0060,2025-04-01,26562.392696817424,38286.8845377704,451560.6758458962,591632.4835243217
ADV-0060,2025-05-01,26562.392696817424,42813.312922547,478123.06854271365,634445.7964468687
ADV-0060,2025-06-01,26562.392696817424,46400.423742781015,504685.46123953105,680846.2201896497
ADV-0060,2025-07-01,26562.392696817424,33830.15806649613,531247.8539363485,714676.3782561459
ADV-0061,2023-07-01,5327.568213333334,4093.8217256411863,5327.568213333334,4093.8217256411863
ADV-0061,2023-08-01,5327.568213333334,4012.9551967536468,10655.136426666668,8106.776922394833
ADV-0061,2023-09-01,5327.568213333334,5089.227046974223,15982.704640000002,13196.003969369056
ADV-0061,2023-10-01,5327.568213333334,7857.930752308085,21310.272853333336,21053.934721677142
ADV-0061,2023-11-01,5327.568213333334,6078.44554853851,26637.841066666668,27132.380270215654
ADV-0061,2023-12-01,5327.568213333334,4985.420046686982,31965.409280000003,32117.800316902634
ADV-0061,2024-01-01,5327.568213333334,5539.179778544136,37292.97749333334,37656.98009544677
ADV-0061,2024-02-01,5327.568213333334,6406.153618082637,42620.54570666667,44063.13371352941
ADV-0061,2024-03-01,5327.568213333334,6642.448920699262,47948.11392,50705.582634228675
ADV-0061,2024-04-01,5327.568213333334,4473.017321508703,53275.682133333336,55178.59995573738
ADV-0061,2024-05-01,5327.568213333334,8051.329273479594,58603.250346666675,63229.92922921697
ADV-0061,2024-06-01,5327.568213333334,6172.169643503939,63930.81856000001,69402.0988727209
ADV-0061,2024-07-01,5327.568213333334,4393.760939653309,69258.38677333335,73795.85981237421
ADV-0061,2024-08-01,5327.568213333334,7688.78036467341,74585.95498666668,81484.64017704762
ADV-0061,2024-09-01,5327.568213333334,4128.359031976058,79913.52320000001,85612.99920902368
ADV-0061,2024-10-01,5327.568213333334,7750.078015288911,85241.09141333334,93363.07722431258
ADV-0061,2024-11-01,5327.568213333334,8136.249258883002,90568.65962666667,101499.32648319559
ADV-0061,2024-12-01,5327.568213333334,6848.867826375961,95896.22784,108348.19430957155
ADV-0061,2025-01-01,5327.568213333334,7153.245566356548,101223.79605333334,115501.4398759281
ADV-0061,2025-02-01,5327.568213333334,5270.238862102384,106551.36426666667,120771.67873803049
ADV-0061,2025-03-01,5327.568213333334,7897.19667172517,111878.93248000002,128668.87540975565
ADV-0061,2025-04-01,5327.568213333334,6106.7069313261,117206.50069333335,134775.58234108175
ADV-0061,2025-05-01,5327.568213333334,6987.792821171061,122534.06890666668,141763.3751622528
ADV-0061,2025-06-01,5327.568213333334,7821.253168995763,127861.63712000001,149584.62833124856
ADV-0061,2025-07-01,5327.568213333334,8043.279383625607,133189.20533333335,157627.90771487416
ADV-0062,2024-03-01,6161.577348066298,9262.20527713733,6161.577348066298,9262.20527713733
ADV-0062,2024-04-01,6161.577348066298,6387.4324682484885,12323.154696132597,15649.637745385819
ADV-0062,2024-05-01,6161.577348066298,9985.216967770053,18484.732044198896,25634.854713155873
ADV-0062,2024-06-01,6161.577348066298,8150.196784528855,24646.309392265193,33785.051497684726
ADV-0062,2024-07-01,6161.577348066298,9790.533087276985,30807.88674033149,43575.58458496171
ADV-0062,2024-08-01,6161.577348066298,8410.383160545962,36969.46408839779,51985.967745507674
ADV-0062,2024-09-01,6161.577348066298,6410.321990443653,43131.04143646409,58396.28973595133
ADV-0062,2024-10-01,6161.577348066298,6750.75711705595,49292.61878453039,65147.04685300728
ADV-0062,2024-11-01,6161.577348066298,7729.176058652655,55454.196132596684,72876.22291165993
ADV-0062,2024-12-01,6161.577348066298,9028.023604115619,61615.77348066298,81904.24651577555
ADV-0062,2025-01-01,6161.577348066298,6468.575753179715,67777.35082872928,88372.82226895526
ADV-0062,2025-02-01,6161.577348066298,7887.82596868509,73938.92817679558,96260.64823764036
ADV-0062,2025-03-01,6161.577348066298,6618.4582735954555,80100.50552486187,102879.10651123582
ADV-0063,2023-10-01,73990.02736842106,114091.26796464817,73990.02736842106,114091.26796464817
ADV-0063,2023-11-01,73990.02736842106,90538.3425215295,147980.0547368421,204629.61048617767
ADV-0063,2023-12-01,73990.02736842106,64221.21418146837,221970.08210526317,268850.824667646
ADV-0063,2024-01-01,73990.02736842106,70249.08415542095,295960.1094736842,339099.908823067
ADV-0063,2024-02-01,73990.02736842106,63167.31789891756,369950.1368421053,402267.2267219845
ADV-0063,2024-03-01,73990.02736842106,92736.45788034867,443940.16421052633,495003.6846023332
ADV-0063,2024-04-01,73990.02736842106,66219.56622146428,517930.19157894736,561223.2508237974
ADV-0063,2024-05-01,73990.02736842106,66746.08198118198,591920.2189473684,627969.3328049794
ADV-0063,2024-06-01,73990.02736842106,122544.947941903,665910.2463157895,750514.2807468824
ADV-0063,2024-07-01,73990.02736842106,117929.85051822999,739900.2736842106,868444.1312651124
ADV-0064,2024-04-01,26800.180810234542,29021.987168232885,26800.180810234542,29021.987168232885
ADV-0064,2024-05-01,26800.180810234542,40693.85394596853,53600.361620469084,69715.84111420141
ADV-0064,2024-06-01,26800.180810234542,19139.40827328664,80400.54243070363,88855.24938748805
ADV-0064,2024-07-01,26800.180810234542,32562.41361909496,107200.72324093817,121417.66300658301
ADV-0064,2024-08-01,26800.180810234542,32615.964572340457,134000.90405117272,154033.62757892348
ADV-0064,2024-09-01,26800.180810234542,29139.12729039003,160801.08486140726,183172.7548693135
ADV-0064,2024-10-01,26800.180810234542,27816.163495173892,187601.2656716418,210988.91836448738
ADV-0064,2024-11-01,26800.180810234542,29094.078999457903,214401.44648187634,240082.9973639453
ADV-0064,2024-12-01,26800.180810234542,28210.0771067873,241201.62729211088,268293.0744707326
ADV-0064,2025-01-01,26800.180810234542,35110.430767773585,268001.80810234544,303403.5052385062
ADV-0064,2025-02-01,26800.180810234542,22095.41000534794,294801.98891257995,325498.9152438541
ADV-0064,2025-03-01,26800.180810234542,23457.490845688935,321602.1697228145,348956.406089543
ADV-0064,2025-04-01,26800.180810234542,23083.07276544296,348402.35053304903,372039.47885498597
ADV-0064,2025-05-01,26800.180810234542,24875.28455561971,375202.5313432836,396914.76341060566
ADV-0064,2025-06-01,26800.180810234542,30622.17790439004,402002.7121535181,427536.9413149957
ADV-0064,2025-07-01,26800.180810234542,21567.34736016413,428802.8929637527,449104.2886751598
ADV-0065,2024-04-01,18345.8836,27630.703572901115,18345.8836,27630.703572901115
ADV-0065,2024-05-01,18345.8836,18582.919076594586,36691.7672,46213.6226494957
ADV-0065,2024-06-01,18345.8836,16445.852192458806,55037.6508,62659.47484195451
ADV-0065,2024-07-01,18345.8836,24578.65559828356,73383.5344,87238.13044023806
ADV-0065,2024-08-01,18345.8836,14473.187989242959,91729.418,101711.31842948102
ADV-0065,2024-09-01,18345.8836,23696.512655190167,110075.3016,125407.83108467118
ADV-0065,2024-10-01,18345.8836,24936.522009604192,128421.1852,150344.35309427537
ADV-0065,2024-11-01,18345.8836,17276.096291215537,146767.0688,167620.4493854909
ADV-0065,2024-12-01,18345.8836,14534.653959456857,165112.9524,182155.10334494777
ADV-0065,2025-01-01,18345.8836,19633.573650023813,183458.836,201788.67699497158
ADV-0065,2025-02-01,18345.8836,15432.289708305745,201804.7196,217220.9667032773
ADV-0065,2025-03-01,18345.8836,15715.760159881735,220150.6032,232936.72686315904
ADV-0065,2025-04-01,18345.8836,17899.742971653246,238496.4868,250836.46983481228
ADV-0065,2025-05-01,18345.8836,18552.903813563993,256842.3704,269389.37364837626
ADV-0066,2023-12-01,65037.399603305785,81872.55327982343,65037.399603305785,81872.55327982343
ADV-0066,2024-01-01,65037.399603305785,90521.59764300093,130074.79920661157,172394.15092282437
ADV-0066,2024-02-01,65037.399603305785,85532.16466591491,195112.19880991735,257926.3155887393
ADV-0066,2024-03-01,65037.399603305785,59634.798894247004,260149.59841322314,317561.1144829863
ADV-0066,2024-04-01,65037.399603305785,61017.37842964869,325186.9980165289,378578.492912635
ADV-0066,2024-05-01,65037.399603305785,102198.28999365134,390224.3976198347,480776.7829062863
ADV-0066,2024-06-01,65037.399603305785,83526.47052928481,455261.7972231405,564303.2534355711
ADV-0066,2024-07-01,65037.399603305785,101683.65233249971,520299.1968264463,665986.9057680708
ADV-0066,2024-08-01,65037.399603305785,72640.6406484124,585336.5964297521,738627.5464164832
ADV-0066,2024-09-01,65037.399603305785,86792.56629341995,650373.9960330578,825420.1127099032
ADV-0066,2024-10-01,65037.399603305785,81505.02662441974,715411.3956363637,906925.1393343229
ADV-0066,2024-11-01,65037.399603305785,69585.76717850014,780448.7952396694,976510.9065128231
ADV-0066,2024-12-01,65037.399603305785,78372.93944128555,845486.1948429752,1054883.8459541085
ADV-0066,2025-01-01,65037.399603305785,80271.22844706674,910523.594446281,1135155.0744011751
ADV-0066,2025-02-01,65037.399603305785,62688.95070313155,975560.9940495868,1197844.0251043066
ADV-0066,2025-03-01,65037.399603305785,69346.08138782842,1040598.3936528926,1267190.106492135
ADV-0066,2025-04-01,65037.399603305785,97107.54533452429,1105635.7932561983,1364297.6518266592
ADV-0066,2025-05-01,65037.399603305785,104355.51645951356,1170673.1928595041,1468653.1682861727
ADV-0066,2025-06-01,65037.399603305785,71955.78601317783,1235710.59246281,1540608.9542993505
ADV-0066,2025-07-01,65037.399603305785,68877.67365970107,1300747.9920661156,1609486.6279590516
ADV-0067,2024-03-01,64833.6876923077,57728.17750922282,64833.6876923077,57728.17750922282
ADV-0067,2024-04-01,64833.6876923077,83797.84296919352,129667.3753846154,141526.02047841635
ADV-0067,2024-05-01,64833.6876923077,64627.4486058925,194501.0630769231,206153.46908430886
ADV-0067,2024-06-01,64833.6876923077,100479.74299329982,259334.7507692308,306633.2120776087
ADV-0067,2024-07-01,64833.6876923077,64766.89313029697,324168.4384615385,371400.10520790564
ADV-0067,2024-08-01,64833.6876923077,68459.26472000091,389002.1261538462,439859.36992790655
ADV-0067,2024-09-01,64833.6876923077,79743.75350828207,453835.8138461539,519603.1234361886
ADV-0067,2024-10-01,64833.6876923077,90443.08068503781,518669.5015384616,610046.2041212264
ADV-0067,2024-11-01,64833.6876923077,72525.52590025366,583503.1892307693,682571.7300214801
ADV-0067,2024-12-01,64833.6876923077,69997.67925422441,648336.876923077,752569.4092757045
ADV-0067,2025-01-01,64833.6876923077,100905.25044179913,713170.5646153847,853474.6597175037
ADV-0067,2025-02-01,64833.6876923077,47764.96872841537,778004.2523076924,901239.628445919
ADV-0067,2025-03-01,64833.6876923077,95480.20363013691,842837.9400000001,996719.8320760559
ADV-0067,2025-04-01,64833.6876923077,55243.82361631661,907671.6276923078,1051963.6556923725
ADV-0067,2025-05-01,64833.6876923077,89593.01365080653,972505.3153846154,1141556.669343179
ADV-0067,2025-06-01,64833.6876923077,80531.1590695578,1037339.0030769232,1222087.828412737
ADV-0067,2025-07-01,64833.6876923077,65638.72380184346,1102172.690769231,1287726.5522145804
ADV-0068,2023-09-01,117012.67530864198,196454.91583276473,117012.67530864198,196454.91583276473
ADV-0068,2023-10-01,117012.67530864198,99740.54416505872,234025.35061728396,296195.45999782346
ADV-0068,2023-11-01,117012.67530864198,123755.29973933673,351038.02592592593,419950.7597371602
ADV-0068,2023-12-01,117012.67530864198,161970.94425352014,468050.7012345679,581921.7039906803
ADV-0068,2024-01-01,117012.67530864198,137780.1515784223,585063.3765432099,719701.8555691026
ADV-0068,2024-02-01,117012.67530864198,166855.67478762942,702076.0518518519,886557.530356732
ADV-0069,2024-05-01,116766.62725099603,92387.73703396226,116766.62725099603,92387.73703396226
ADV-0069,2024-06-01,116766.62725099603,101876.9975258018,233533.25450199205,194264.73455976404
ADV-0069,2024-07-01,116766.62725099603,102970.03037306575,350299.8817529881,297234.76493282977
ADV-0069,2024-08-01,116766.62725099603,109360.07435936504,467066.5090039841,406594.8392921948
ADV-0069,2024-09-01,116766.62725099603,137108.7361399725,583833.1362549801,543703.5754321673
ADV-0069,2024-10-01,116766.62725099603,167195.01070712184,700599.7635059762,710898.5861392891
ADV-0069,2024-11-01,116766.62725099603,182958.61301904178,817366.3907569721,893857.1991583309
ADV-0069,2024-12-01,116766.62725099603,175748.6998995583,934133.0180079682,1069605.8990578891
ADV-0069,2025-01-01,116766.62725099603,110141.44378907532,1050899.6452589643,1179747.3428469645
ADV-0069,2025-02-01,116766.62725099603,135240.56562588603,1167666.2725099602,1314987.9084728505
ADV-0070,2023-07-01,26206.25965562914,27030.056935564357,26206.25965562914,27030.056935564357
ADV-0070,2023-08-01,26206.25965562914,28666.842525937773,52412.51931125828,55696.89946150213
ADV-0070,2023-09-01,26206.25965562914,34681.497739184895,78618.77896688742,90378.39720068703
ADV-0070,2023-10-01,26206.25965562914,23726.745586052923,104825.03862251656,114105.14278673995
ADV-0070,2023-11-01,26206.25965562914,27502.089916982044,131031.2982781457,141607.232703722
ADV-0070,2023-12-01,26206.25965562914,45545.510563290976,157237.55793377483,187152.74326701296
ADV-0070,2024-01-01,26206.25965562914,33739.81612205096,183443.81758940397,220892.5593890639
ADV-0070,2024-02-01,26206.25965562914,33218.29645974742,209650.0772450331,254110.85584881133
ADV-0070,2024-03-01,26206.25965562914,22379.73872499,235856.33690066225,276490.5945738013
ADV-0070,2024-04-01,26206.25965562914,28237.343240470538,262062.5965562914,304727.9378142719
ADV-0070,2024-05-01,26206.25965562914,43807.45124518274,288268.8562119205,348535.3890594546
ADV-0070,2024-06-01,26206.25965562914,26154.981634867472,314475.11586754967,374690.3706943221
ADV-0070,2024-07-01,26206.25965562914,32456.975187503755,340681.37552317884,407147.34588182584
ADV-0070,2024-08-01,26206.25965562914,22373.79517336945,366887.63517880795,429521.1410551953
ADV-0070,2024-09-01,26206.25965562914,34047.226592481136,393093.89483443706,463568.36764767644
ADV-0070,2024-10-01,26206.25965562914,22542.107308599778,419300.1544900662,486110.47495627624
ADV-0070,2024-11-01,26206.25965562914,42633.002844049915,445506.4141456954,528743.4778003262
ADV-0070,2024-12-01,26206.25965562914,42764.936839071815,471712.6738013245,571508.414639398
ADV-0070,2025-01-01,26206.25965562914,41831.28338594007,497918.9334569536,613339.6980253381
ADV-0070,2025-02-01,26206.25965562914,29142.133982507254,524125.1931125828,642481.8320078454
ADV-0070,2025-03-01,26206.25965562914,43076.47980744297,550331.452768212,685558.3118152884
ADV-0070,2025-04-01,26206.25965562914,35674.010164080886,576537.712423841,721232.3219793693
ADV-0070,2025-05-01,26206.25965562914,31417.525978582893,602743.9720794702,752649.8479579522
ADV-0070,2025-06-01,26206.25965562914,37745.31503340358,628950.2317350993,790395.1629913558
ADV-0070,2025-07-01,26206.25965562914,22323.734261909503,655156.4913907285,812718.8972532653
ADV-0071,2023-06-01,36262.623603133165,30121.768632075367,36262.623603133165,30121.768632075367
ADV-0071,2023-07-01,36262.623603133165,47856.202373645334,72525.24720626633,77977.9710057207
ADV-0071,2023-08-01,36262.623603133165,33116.32871304789,108787.8708093995,111094.2997187686
ADV-0071,2023-09-01,36262.623603133165,43586.7829515115,145050.49441253266,154681.0826702801
ADV-0071,2023-10-01,36262.623603133165,37286.81513219995,181313.11801566582,191967.89780248003
ADV-0071,2023-11-01,36262.623603133165,51185.473424307755,217575.741618799,243153.3712267878
ADV-0071,2023-12-01,36262.623603133165,54073.76870089593,253838.36522193215,297227.13992768375
ADV-0071,2024-01-01,36262.623603133165,52036.45939453362,290100.9888250653,349263.59932221734
ADV-0071,2024-02-01,36262.623603133165,33899.24031439461,326363.61242819845,383162.8396366119
ADV-0071,2024-03-01,36262.623603133165,31636.850963581852,362626.23603133165,414799.6906001938
ADV-0071,2024-04-01,36262.623603133165,39930.18449343105,398888.85963446484,454729.87509362487
ADV-0071,2024-05-01,36262.623603133165,26108.532982433426,435151.483237598,480838.4080760583
ADV-0071,2024-06-01,36262.623603133165,26655.220952476608,471414.1068407311,507493.6290285349
ADV-0071,2024-07-01,36262.623603133165,42263.54974219016,507676.7304438643,549757.178770725
ADV-0071,2024-08-01,36262.623603133165,41291.76770437716,543939.3540469975,591048.9464751022
ADV-0071,2024-09-01,36262.623603133165,55321.49353828346,580201.9776501306,646370.4400133857
ADV-0071,2024-10-01,36262.623603133165,31864.07388721689,616464.6012532638,678234.5139006026
ADV-0071,2024-11-01,36262.623603133165,33528.88616968391,652727.2248563969,711763.4000702865
ADV-0071,2024-12-01,36262.623603133165,29251.21501892734,688989.8484595302,741014.6150892138
ADV-0071,2025-01-01,36262.623603133165,53041.88696042502,725252.4720626633,794056.5020496389
ADV-0071,2025-02-01,36262.623603133165,48907.1819885755,761515.0956657964,842963.6840382144
ADV-0071,2025-03-01,36262.623603133165,50224.7749697191,797777.7192689297,893188.4590079335
ADV-0071,2025-04-01,36262.623603133165,52604.56534416157,834040.3428720628,945793.0243520951
ADV-0071,2025-05-01,36262.623603133165,41423.46178134687,870302.966475196,987216.4861334419
ADV-0071,2025-06-01,36262.623603133165,39242.455533718254,906565.5900783291,1026458.9416671601
ADV-0071,2025-07-01,36262.623603133165,35667.8963600332,942828.2136814622,1062126.8380271934
ADV-0072,2024-05-01,57492.0010619469,75425.84283405256,57492.0010619469,75425.84283405256
ADV-0072,2024-06-01,57492.0010619469,68474.89599987774,114984.0021238938,143900.73883393029
ADV-0072,2024-07-01,57492.0010619469,68335.15146202747,172476.0031858407,212235.89029595774
ADV-0072,2024-08-01,57492.0010619469,93337.53736455843,229968.0042477876,305573.4276605162
ADV-0072,2024-09-01,57492.0010619469,95763.97984664317,287460.0053097345,401337.40750715934
ADV-0072,2024-10-01,57492.0010619469,86102.89612858208,344952.0063716814,487440.3036357414
ADV-0072,2024-11-01,57492.0010619469,84056.4819201559,402444.0074336283,571496.7855558973
ADV-0072,2024-12-01,57492.0010619469,80131.20773407615,459936.0084955752,651627.9932899735
ADV-0072,2025-01-01,57492.0010619469,53628.714958268436,517428.00955752213,705256.7082482419
ADV-0072,2025-02-01,57492.0010619469,48118.437109795515,574920.010619469,753375.1453580374
ADV-0072,2025-03-01,57492.0010619469,80654.9981182041,632412.011681416,834030.1434762415
ADV-0072,2025-04-01,57492.0010619469,82615.57175702736,689904.0127433628,916645.7152332689
ADV-0072,2025-05-01,57492.0010619469,47493.440676237355,747396.0138053098,964139.1559095063
ADV-0072,2025-06-01,57492.0010619469,92880.30361245634,804888.0148672566,1057019.4595219626
ADV-0072,2025-07-01,57492.0010619469,49768.64136737335,862380.0159292036,1106788.1008893359
ADV-0073,2023-09-01,54699.7315727003,56896.8490315808,54699.7315727003,56896.8490315808
ADV-0073,2023-10-01,54699.7315727003,75839.05942898443,109399.4631454006,132735.90846056523
ADV-0073,2023-11-01,54699.7315727003,51210.208395669855,164099.1947181009,183946.11685623508
ADV-0073,2023-12-01,54699.7315727003,45600.57541649456,218798.9262908012,229546.69227272965
ADV-0073,2024-01-01,54699.7315727003,59114.39671839196,273498.6578635015,288661.0889911216
ADV-0073,2024-02-01,54699.7315727003,80425.59137805659,328198.3894362018,369086.6803691782
ADV-0073,2024-03-01,54699.7315727003,63159.37853026437,382898.1210089021,432246.05889944255
ADV-0073,2024-04-01,54699.7315727003,74887.41897613209,437597.8525816024,507133.4778755746
ADV-0073,2024-05-01,54699.7315727003,71292.27764637684,492297.5841543027,578425.7555219515
ADV-0073,2024-06-01,54699.7315727003,43973.538675462936,546997.315727003,622399.2941974144
ADV-0073,2024-07-01,54699.7315727003,91333.88281148863,601697.0472997034,713733.177008903
ADV-0073,2024-08-01,54699.7315727003,44915.01993583653,656396.7788724035,758648.1969447396
ADV-0073,2024-09-01,54699.7315727003,90317.53032136522,711096.5104451039,848965.7272661048
ADV-0073,2024-10-01,54699.7315727003,69833.96052334351,765796.2420178042,918799.6877894483
ADV-0073,2024-11-01,54699.7315727003,90089.93761008201,820495.9735905045,1008889.6253995303
ADV-0073,2024-12-01,54699.7315727003,48508.77356510146,875195.7051632048,1057398.3989646318
ADV-0073,2025-01-01,54699.7315727003,66919.9816199271,929895.4367359051,1124318.380584559
ADV-0073,2025-02-01,54699.7315727003,51192.147732687816,984595.1683086054,1175510.5283172468
ADV-0073,2025-03-01,54699.7315727003,45382.917185707825,1039294.8998813058,1220893.4455029545
ADV-0073,2025-04-01,54699.7315727003,73150.28399468014,1093994.631454006,1294043.7294976346
ADV-0073,2025-05-01,54699.7315727003,53068.254380265316,1148694.3630267063,1347111.9838778998
ADV-0073,2025-06-01,54699.7315727003,71688.18430817602,1203394.0945994067,1418800.1681860758
ADV-0073,2025-07-01,54699.7315727003,48391.68062581692,1258093.826172107,1467191.8488118928
ADV-0074,2024-06-01,105155.32678481014,109659.79309969507,105155.32678481014,109659.79309969507
ADV-0074,2024-07-01,105155.32678481014,150512.02963584065,210310.65356962028,260171.82273553574
ADV-0074,2024-08-01,105155.32678481014,119205.39444867882,315465.9803544304,379377.21718421456
ADV-0074,2024-09-01,105155.32678481014,136530.7359937095,420621.30713924055,515907.95317792404
ADV-0074,2024-10-01,105155.32678481014,138321.70180579612,525776.6339240507,654229.6549837202
ADV-0074,2024-11-01,105155.32678481014,156156.11854288526,630931.9607088608,810385.7735266055
ADV-0074,2024-12-01,105155.32678481014,109018.0283578902,736087.2874936709,919403.8018844957
ADV-0074,2025-01-01,105155.32678481014,141941.11716099948,841242.6142784811,1061344.919045495
ADV-0074,2025-02-01,105155.32678481014,166864.26415802748,946397.9410632913,1228209.1832035226
ADV-0074,2025-03-01,105155.32678481014,145843.10270801844,1051553.2678481014,1374052.285911541
ADV-0074,2025-04-01,105155.32678481014,124004.21846243963,1156708.5946329115,1498056.5043739807
ADV-0074,2025-05-01,105155.32678481014,136800.7573718633,1261863.9214177215,1634857.261745844
ADV-0074,2025-06-01,105155.32678481014,146700.72671165896,1367019.2482025318,1781557.988457503
ADV-0074,2025-07-01,105155.32678481014,135125.25335481705,1472174.5749873419,1916683.24181232
ADV-0075,2023-10-01,22378.386271450858,18517.558646796417,22378.386271450858,18517.558646796417
ADV-0075,2023-11-01,22378.386271450858,22216.138626302967,44756.772542901715,40733.69727309939
ADV-0075,2023-12-01,22378.386271450858,35002.35857855804,67135.15881435257,75736.05585165744
ADV-0075,2024-01-01,22378.386271450858,23833.424486942164,89513.54508580343,99569.4803385996
ADV-0075,2024-02-01,22378.386271450858,33363.704407615245,111891.93135725429,132933.18474621486
ADV-0075,2024-03-01,22378.386271450858,25899.12317455349,134270.31762870515,158832.30792076833
ADV-0075,2024-04-01,22378.386271450858,29009.295842866646,156648.70390015602,187841.60376363498
ADV-0075,2024-05-01,22378.386271450858,19582.860853237584,179027.09017160686,207424.46461687257
ADV-0075,2024-06-01,22378.386271450858,21934.786696113882,201405.4764430577,229359.25131298645
ADV-0075,2024-07-01,22378.386271450858,38049.495356011874,223783.86271450858,267408.7466689983
ADV-0075,2024-08-01,22378.386271450858,36656.87341733394,246162.24898595945,304065.62008633226
ADV-0075,2024-09-01,22378.386271450858,31717.139803509923,268540.6352574103,335782.7598898422
ADV-0075,2024-10-01,22378.386271450858,27716.754487254027,290919.02152886114,363499.5143770962
ADV-0075,2024-11-01,22378.386271450858,32204.880690863745,313297.40780031204,395704.39506795997
ADV-0075,2024-12-01,22378.386271450858,31018.017653195813,335675.7940717629,426722.4127211558
ADV-0075,2025-01-01,22378.386271450858,29978.455340460194,358054.1803432137,456700.86806161597
ADV-0075,2025-02-01,22378.386271450858,19400.18833416839,380432.56661466457,476101.05639578437
ADV-0075,2025-03-01,22378.386271450858,31312.751617026297,402810.9528861154,507413.80801281065
ADV-0075,2025-04-01,22378.386271450858,34139.521758305134,425189.3391575663,541553.3297711158
ADV-0075,2025-05-01,22378.386271450858,38815.48499122224,447567.72542901715,580368.8147623381
ADV-0075,2025-06-01,22378.386271450858,18401.319532393692,469946.111700468,598770.1342947318
ADV-0075,2025-07-01,22378.386271450858,33334.86577776274,492324.4979719189,632105.0000724945
ADV-0076,2023-07-01,84047.92811594204,105062.092782941,84047.92811594204,105062.092782941
ADV-0076,2023-08-01,84047.92811594204,95059.97844071306,168095.85623188407,200122.0712236541
ADV-0076,2023-09-01,84047.92811594204,72804.0493125176,252143.7843478261,272926.1205361717
ADV-0076,2023-10-01,84047.92811594204,93246.93757487189,336191.71246376814,366173.0581110436
ADV-0076,2023-11-01,84047.92811594204,89274.1868089903,420239.6405797102,455447.2449200339
ADV-0076,2023-12-01,84047.92811594204,85530.95583122302,504287.5686956522,540978.2007512569
ADV-0076,2024-01-01,84047.92811594204,116614.81884427863,588335.4968115942,657593.0195955355
ADV-0076,2024-02-01,84047.92811594204,114425.10605665881,672383.4249275363,772018.1256521943
ADV-0076,2024-03-01,84047.92811594204,106313.3470371386,756431.3530434783,878331.4726893329
ADV-0076,2024-04-01,84047.92811594204,131703.6411539379,840479.2811594204,1010035.1138432708
ADV-0076,2024-05-01,84047.92811594204,88945.75287428738,924527.2092753624,1098980.8667175581
ADV-0076,2024-06-01,84047.92811594204,81244.49889885854,1008575.1373913044,1180225.3656164166
ADV-0077,2023-09-01,45128.72900149031,64113.40485071166,45128.72900149031,64113.40485071166
ADV-0077,2023-10-01,45128.72900149031,44970.753563743434,90257.45800298062,109084.1584144551
ADV-0077,2023-11-01,45128.72900149031,49836.99804609913,135386.18700447094,158921.15646055422
ADV-0077,2023-12-01,45128.72900149031,46050.75696953576,180514.91600596125,204971.91343008998
ADV-0077,2024-01-01,45128.72900149031,39540.64205783667,225643.64500745156,244512.55548792664
ADV-0077,2024-02-01,45128.72900149031,71299.72882441546,270772.3740089419,315812.2843123421
ADV-0077,2024-03-01,45128.72900149031,47304.54856555292,315901.1030104322,363116.83287789504
ADV-0077,2024-04-01,45128.72900149031,56454.66459720832,361029.8320119225,419571.49747510336
ADV-0077,2024-05-01,45128.72900149031,38458.5482250905,406158.5610134128,458030.04570019385
ADV-0077,2024-06-01,45128.72900149031,65932.48751158806,451287.2900149031,523962.5332117819
ADV-0077,2024-07-01,45128.72900149031,50488.24439256076,496416.01901639346,574450.7776043427
ADV-0077,2024-08-01,45128.72900149031,67833.70033519961,541544.7480178837,642284.4779395423
ADV-0077,2024-09-01,45128.72900149031,53915.745635672436,586673.477019374,696200.2235752147
ADV-0077,2024-10-01,45128.72900149031,44842.66713794784,631802.2060208644,741042.8907131626
ADV-0077,2024-11-01,45128.72900149031,58136.02354409274,676930.9350223547,799178.9142572554
ADV-0077,2024-12-01,45128.72900149031,42109.98850136274,722059.664023845,841288.9027586181
ADV-0077,2025-01-01,45128.72900149031,55094.070299710154,767188.3930253353,896382.9730583283
ADV-0077,2025-02-01,45128.72900149031,49933.11016152156,812317.1220268256,946316.0832198499
ADV-0077,2025-03-01,45128.72900149031,74836.90334549987,857445.851028316,1021152.9865653497
ADV-0077,2025-04-01,45128.72900149031,39196.189944643935,902574.5800298062,1060349.1765099936
ADV-0077,2025-05-01,45128.72900149031,65709.60283885174,947703.3090312965,1126058.7793488454
ADV-0077,2025-06-01,45128.72900149031,44298.04818895566,992832.0380327869,1170356.8275378011
ADV-0077,2025-07-01,45128.72900149031,50005.96354169652,1037960.7670342772,1220362.7910794977
ADV-0078,2023-07-01,43659.774830852504,52286.81756386603,43659.774830852504,52286.81756386603
ADV-0078,2023-08-01,43659.774830852504,72241.12263493084,87319.54966170501,124527.94019879687
ADV-0078,2023-09-01,43659.774830852504,45280.103940047855,130979.32449255751,169808.04413884474
ADV-0078,2023-10-01,43659.774830852504,39151.22935516671,174639.09932341002,208959.27349401143
ADV-0078,2023-11-01,43659.774830852504,48363.85153652855,218298.87415426254,257323.12503054
ADV-0078,2023-12-01,43659.774830852504,39692.817156562254,261958.64898511503,297015.9421871022
ADV-0078,2024-01-01,43659.774830852504,40661.98724301133,305618.4238159675,337677.9294301135
ADV-0078,2024-02-01,43659.774830852504,58702.023528413905,349278.19864682003,396379.9529585274
ADV-0078,2024-03-01,43659.774830852504,37919.25639115585,392937.97347767255,434299.20934968325
ADV-0078,2024-04-01,43659.774830852504,36704.94113679381,436597.7483085251,471004.15048647707
ADV-0078,2024-05-01,43659.774830852504,64397.13253479447,480257.52313937753,535401.2830212716
ADV-0078,2024-06-01,43659.774830852504,50104.32887915678,523917.29797023005,585505.6119004283
ADV-0078,2024-07-01,43659.774830852504,40531.478794326526,567577.0728010825,626037.0906947549
ADV-0078,2024-08-01,43659.774830852504,45727.180926778325,611236.847631935,671764.2716215332
ADV-0078,2024-09-01,43659.774830852504,61466.688127615234,654896.6224627875,733230.9597491485
ADV-0078,2024-10-01,43659.774830852504,46615.451399197314,698556.3972936401,779846.4111483458
ADV-0078,2024-11-01,43659.774830852504,55487.889104535396,742216.1721244926,835334.3002528811
ADV-0078,2024-12-01,43659.774830852504,40382.3771946549,785875.9469553451,875716.677447536
ADV-0078,2025-01-01,43659.774830852504,59279.09838255665,829535.7217861976,934995.7758300927
ADV-0078,2025-02-01,43659.774830852504,48258.02627189942,873195.4966170501,983253.8021019922
ADV-0078,2025-03-01,43659.774830852504,60854.160191442636,916855.2714479025,1044107.9622934348
ADV-0078,2025-04-01,43659.774830852504,68204.88332388128,960515.0462787551,1112312.845617316
ADV-0078,2025-05-01,43659.774830852504,60233.36927315667,1004174.8211096076,1172546.2148904726
ADV-0078,2025-06-01,43659.774830852504,47434.32556906791,1047834.5959404601,1219980.5404595404
ADV-0078,2025-07-01,43659.774830852504,45813.51829213124,1091494.3707713126,1265794.0587516716
ADV-0079,2023-12-01,8499.75711409396,8993.851766354668,8499.75711409396,8993.851766354668
ADV-0079,2024-01-01,8499.75711409396,7776.139230939197,16999.51422818792,16769.990997293866
ADV-0079,2024-02-01,8499.75711409396,7899.939698612055,25499.271342281878,24669.93069590592
ADV-0079,2024-03-01,8499.75711409396,12459.013418067885,33999.02845637584,37128.944113973805
ADV-0079,2024-04-01,8499.75711409396,9422.53041754206,42498.7855704698,46551.474531515865
ADV-0079,2024-05-01,8499.75711409396,9805.963739086004,50998.542684563756,56357.438270601866
ADV-0079,2024-06-01,8499.75711409396,10988.176008398543,59498.29979865772,67345.61427900041
ADV-0079,2024-07-01,8499.75711409396,10955.295089285317,67998.05691275168,78300.90936828572
ADV-0079,2024-08-01,8499.75711409396,7048.777575730967,76497.81402684563,85349.68694401669
ADV-0079,2024-09-01,8499.75711409396,12764.560326465265,84997.5711409396,98114.24727048195
ADV-0079,2024-10-01,8499.75711409396,7871.177694261337,93497.32825503356,105985.42496474329
ADV-0079,2024-11-01,8499.75711409396,11953.234266463553,101997.08536912751,117938.65923120684
ADV-0079,2024-12-01,8499.75711409396,12324.226818665178,110496.84248322148,130262.88604987202
ADV-0079,2025-01-01,8499.75711409396,11892.108690516841,118996.59959731543,142154.99474038885
ADV-0079,2025-02-01,8499.75711409396,10875.442023628326,127496.3567114094,153030.43676401718
ADV-0079,2025-03-01,8499.75711409396,6654.085153705634,135996.11382550336,159684.52191772283
ADV-0079,2025-04-01,8499.75711409396,9240.344634216246,144495.8709395973,168924.86655193908
ADV-0079,2025-05-01,8499.75711409396,11068.882631348384,152995.62805369127,179993.74918328747
ADV-0079,2025-06-01,8499.75711409396,9442.86585766897,161495.38516778525,189436.61504095644
ADV-0079,2025-07-01,8499.75711409396,13003.458031955162,169995.1422818792,202440.07307291162
ADV-0080,2023-10-01,27052.751419753087,27669.693903987958,27052.751419753087,27669.693903987958
ADV-0080,2023-11-01,27052.751419753087,27312.83821357941,54105.502839506174,54982.53211756737
ADV-0080,2023-12-01,27052.751419753087,26669.197694949755,81158.25425925927,81651.72981251712
ADV-0080,2024-01-01,27052.751419753087,28230.15941354573,108211.00567901235,109881.88922606285
ADV-0080,2024-02-01,27052.751419753087,33480.42805325837,135263.75709876543,143362.31727932123
ADV-0080,2024-03-01,27052.751419753087,36977.356654448195,162316.50851851853,180339.67393376943
ADV-0080,2024-04-01,27052.751419753087,35938.46246651256,189369.2599382716,216278.13640028198
ADV-0080,2024-05-01,27052.751419753087,39331.1349160253,216422.0113580247,255609.27131630728
ADV-0080,2024-06-01,27052.751419753087,41158.85926327723,243474.7627777778,296768.1305795845
ADV-0080,2024-07-01,27052.751419753087,39526.56659260984,270527.51419753087,336294.69717219437
ADV-0080,2024-08-01,27052.751419753087,20894.701922194163,297580.26561728393,357189.39909438853
ADV-0080,2024-09-01,27052.751419753087,37652.91519317124,324633.01703703706,394842.31428755977
ADV-0080,2024-10-01,27052.751419753087,25322.923601305818,351685.76845679013,420165.2378888656
ADV-0080,2024-11-01,27052.751419753087,23558.88394515801,378738.5198765432,443724.12183402356
ADV-0080,2024-12-01,27052.751419753087,35375.64699319648,405791.2712962963,479099.7688272201
ADV-0080,2025-01-01,27052.751419753087,27925.42234389626,432844.0227160494,507025.1911711163
ADV-0080,2025-02-01,27052.751419753087,21786.912502340532,459896.77413580247,528812.1036734568
ADV-0080,2025-03-01,27052.751419753087,23668.779298979058,486949.5255555556,552480.8829724359
ADV-0080,2025-04-01,27052.751419753087,20473.603870319137,514002.27697530866,572954.486842755
ADV-0080,2025-05-01,27052.751419753087,41563.447280024855,541055.0283950617,614517.9341227799
ADV-0080,2025-06-01,27052.751419753087,21027.290419811354,568107.7798148148,635545.2245425913
ADV-0080,2025-07-01,27052.751419753087,25347.610677534787,595160.5312345679,660892.8352201261
ADV-0081,2024-01-01,6671.869749103943,7167.794054400087,6671.869749103943,7167.794054400087
ADV-0081,2024-02-01,6671.869749103943,6836.447049931285,13343.739498207886,14004.241104331371
ADV-0081,2024-03-01,6671.869749103943,9918.107536992151,20015.60924731183,23922.348641323522
ADV-0081,2024-04-01,6671.869749103943,5080.764939107962,26687.47899641577,29003.113580431484
ADV-0081,2024-05-01,6671.869749103943,7700.4227819272755,33359.34874551972,36703.53636235876
ADV-0081,2024-06-01,6671.869749103943,8634.459700978867,40031.21849462366,45337.99606333763
ADV-0081,2024-07-01,6671.869749103943,10028.97255890049,46703.0882437276,55366.96862223812
ADV-0081,2024-08-01,6671.869749103943,8300.799287642318,53374.95799283154,63667.76790988044
ADV-0081,2024-09-01,6671.869749103943,9318.762981046879,60046.827741935485,72986.53089092732
ADV-0081,2024-10-01,6671.869749103943,5321.877941554253,66718.69749103943,78308.40883248157
ADV-0081,2024-11-01,6671.869749103943,6999.469716487045,73390.56724014337,85307.87854896861
ADV-0081,2024-12-01,6671.869749103943,6932.900087161107,80062.43698924732,92240.77863612972
ADV-0081,2025-01-01,6671.869749103943,9776.903194925686,86734.30673835125,102017.68183105541
ADV-0081,2025-02-01,6671.869749103943,5697.381887727985,93406.1764874552,107715.06371878339
ADV-0081,2025-03-01,6671.869749103943,5700.240656436271,100078.04623655914,113415.30437521967
ADV-0081,2025-04-01,6671.869749103943,6680.946031976792,106749.91598566309,120096.25040719646
ADV-0081,2025-05-01,6671.869749103943,5159.4619683326855,113421.78573476704,125255.71237552915
ADV-0081,2025-06-01,6671.869749103943,5869.944963896895,120093.65548387097,131125.65733942605
ADV-0081,2025-07-01,6671.869749103943,10214.995664159764,126765.52523297492,141340.65300358582
ADV-0082,2024-04-01,13629.984602150538,15062.495724967206,13629.984602150538,15062.495724967206
ADV-0082,2024-05-01,13629.984602150538,17418.470017839583,27259.969204301076,32480.965742806788
ADV-0082,2024-06-01,13629.984602150538,18506.007295895273,40889.95380645162,50986.97303870206
ADV-0082,2024-07-01,13629.984602150538,14354.87179616941,54519.93840860215,65341.844834871474
ADV-0082,2024-08-01,13629.984602150538,11815.132512930993,68149.9230107527,77156.97734780247
ADV-0082,2024-09-01,13629.984602150538,12501.158842324863,81779.90761290323,89658.13619012733
ADV-0082,2024-10-01,13629.984602150538,13734.253604630492,95409.89221505377,103392.38979475782
ADV-0082,2024-11-01,13629.984602150538,17465.271728262866,109039.8768172043,120857.66152302068
ADV-0082,2024-12-01,13629.984602150538,14716.865547999752,122669.86141935484,135574.52707102042
ADV-0082,2025-01-01,13629.984602150538,10192.214399670802,136299.8460215054,145766.74147069122
ADV-0082,2025-02-01,13629.984602150538,16163.107603205359,149929.83062365593,161929.8490738966
ADV-0082,2025-03-01,13629.984602150538,20764.509489128533,163559.81522580647,182694.35856302513
ADV-0082,2025-04-01,13629.984602150538,19499.62589785767,177189.799827957,202193.9844608828
ADV-0082,2025-05-01,13629.984602150538,19651.428879448184,190819.78443010754,221845.413340331
ADV-0082,2025-06-01,13629.984602150538,19302.909574839836,204449.76903225807,241148.32291517084
ADV-0082,2025-07-01,13629.984602150538,13855.2029255239,218079.7536344086,255003.52584069473
ADV-0083,2023-12-01,52647.74390728477,73226.92417030189,52647.74390728477,73226.92417030189
ADV-0083,2024-01-01,52647.74390728477,45456.105862141805,105295.48781456954,118683.0300324437
ADV-0083,2024-02-01,52647.74390728477,68428.5520292842,157943.2317218543,187111.58206172788
ADV-0083,2024-03-01,52647.74390728477,67707.63866213575,210590.97562913908,254819.22072386363
ADV-0083,2024-04-01,52647.74390728477,40206.19699383833,263238.71953642386,295025.417717702
ADV-0083,2024-05-01,52647.74390728477,74243.77860950722,315886.4634437086,369269.19632720924
ADV-0083,2024-06-01,52647.74390728477,79390.39671288211,368534.2073509934,448659.59304009133
ADV-0083,2024-07-01,52647.74390728477,51003.45779022006,421181.95125827816,499663.0508303114
ADV-0083,2024-08-01,52647.74390728477,75334.04288127126,473829.6951655629,574997.0937115826
ADV-0083,2024-09-01,52647.74390728477,42743.66422976521,526477.4390728477,617740.7579413478
ADV-0083,2024-10-01,52647.74390728477,65850.36310207775,579125.1829801325,683591.1210434255
ADV-0083,2024-11-01,52647.74390728477,60746.46958178475,631772.9268874172,744337.5906252103
ADV-0083,2024-12-01,52647.74390728477,63437.53871287652,684420.670794702,807775.1293380868
ADV-0083,2025-01-01,52647.74390728477,80415.3228838982,737068.4147019868,888190.452221985
ADV-0083,2025-02-01,52647.74390728477,77964.74511483629,789716.1586092715,966155.1973368212
ADV-0083,2025-03-01,52647.74390728477,74114.91104487127,842363.9025165563,1040270.1083816926
ADV-0083,2025-04-01,52647.74390728477,51283.9721281092,895011.6464238411,1091554.0805098019
ADV-0083,2025-05-01,52647.74390728477,79773.03019691279,947659.3903311258,1171327.1107067147
ADV-0083,2025-06-01,52647.74390728477,43417.88487771578,1000307.1342384106,1214744.9955844304
ADV-0083,2025-07-01,52647.74390728477,77161.75361577369,1052954.8781456954,1291906.7492002042
ADV-0084,2023-08-01,10227.581303116149,10631.880686009923,10227.581303116149,10631.880686009923
ADV-0084,2023-09-01,10227.581303116149,8207.217500779641,20455.162606232298,18839.098186789564
ADV-0084,2023-10-01,10227.581303116149,13646.911637396897,30682.743909348446,32486.00982418646
ADV-0084,2023-11-01,10227.581303116149,9775.786674980396,40910.325212464595,42261.796499166856
ADV-0084,2023-12-01,10227.581303116149,9884.399442997268,51137.90651558075,52146.19594216412
ADV-0084,2024-01-01,10227.581303116149,10436.477110922617,61365.48781869689,62582.673053086735
ADV-0084,2024-02-01,10227.581303116149,8294.81020787117,71593.06912181304,70877.4832609579
ADV-0084,2024-03-01,10227.581303116149,9297.258544946639,81820.65042492919,80174.74180590454
ADV-0084,2024-04-01,10227.581303116149,7777.468453730993,92048.23172804534,87952.21025963554
ADV-0084,2024-05-01,10227.581303116149,11667.970711167633,102275.8130311615,99620.18097080317
ADV-0084,2024-06-01,10227.581303116149,8476.58508162653,112503.39433427763,108096.7660524297
ADV-0084,2024-07-01,10227.581303116149,13764.400122326586,122730.97563739379,121861.16617475628
ADV-0084,2024-08-01,10227.581303116149,9814.163478619323,132958.55694050994,131675.3296533756
ADV-0084,2024-09-01,10227.581303116149,16070.067285579044,143186.13824362608,147745.39693895465
ADV-0084,2024-10-01,10227.581303116149,15430.979947609676,153413.71954674224,163176.37688656434
ADV-0084,2024-11-01,10227.581303116149,10289.733632030031,163641.30084985838,173466.11051859436
ADV-0084,2024-12-01,10227.581303116149,14653.036840825347,173868.88215297452,188119.1473594197
ADV-0084,2025-01-01,10227.581303116149,14830.029684575755,184096.46345609069,202949.17704399547
ADV-0084,2025-02-01,10227.581303116149,16449.94491882096,194324.04475920682,219399.12196281643
ADV-0084,2025-03-01,10227.581303116149,13014.942375120274,204551.626062323,232414.0643379367
ADV-0084,2025-04-01,10227.581303116149,8456.35235503478,214779.20736543913,240870.41669297148
ADV-0084,2025-05-01,10227.581303116149,13447.912886455864,225006.78866855527,254318.32957942734
ADV-0084,2025-06-01,10227.581303116149,13254.766412725674,235234.36997167143,267573.09599215304
ADV-0084,2025-07-01,10227.581303116149,13372.919485072043,245461.95127478757,280946.01547722507
ADV-0085,2023-12-01,168352.93987878787,171951.28867289584,168352.93987878787,171951.28867289584
ADV-0085,2024-01-01,168352.93987878787,252321.18442213535,336705.87975757575,424272.4730950312
ADV-0085,2024-02-01,168352.93987878787,266836.7103492107,505058.81963636365,691109.183444242
ADV-0085,2024-03-01,168352.93987878787,158942.61849790943,673411.7595151515,850051.8019421514
ADV-0085,2024-04-01,168352.93987878787,140097.16573018846,841764.6993939393,990148.9676723399
ADV-0085,2024-05-01,168352.93987878787,155571.29320660233,1010117.6392727273,1145720.2608789422
ADV-0086,2023-11-01,9746.298193760262,15864.342482164186,9746.298193760262,15864.342482164186
ADV-0086,2023-12-01,9746.298193760262,14517.879649634382,19492.596387520523,30382.222131798568
ADV-0086,2024-01-01,9746.298193760262,14138.03326399303,29238.894581280787,44520.255395791595
ADV-0086,2024-02-01,9746.298193760262,11946.246361461584,38985.19277504105,56466.50175725318
ADV-0086,2024-03-01,9746.298193760262,13593.306849202838,48731.49096880131,70059.80860645602
ADV-0086,2024-04-01,9746.298193760262,11067.498192583023,58477.789162561574,81127.30679903904
ADV-0086,2024-05-01,9746.298193760262,12651.787383968405,68224.08735632183,93779.09418300744
ADV-0086,2024-06-01,9746.298193760262,15607.142093267707,77970.3855500821,109386.23627627516
ADV-0086,2024-07-01,9746.298193760262,17367.82476332432,87716.68374384235,126754.06103959947
ADV-0086,2024-08-01,9746.298193760262,16911.672989975967,97462.98193760261,143665.73402957543
ADV-0086,2024-09-01,9746.298193760262,16924.556996656174,107209.28013136287,160590.2910262316
ADV-0086,2024-10-01,9746.298193760262,11950.27524476942,116955.57832512315,172540.566271001
ADV-0086,2024-11-01,9746.298193760262,12573.097809769588,126701.87651888341,185113.6640807706
ADV-0086,2024-12-01,9746.298193760262,14789.130152279557,136448.17471264367,199902.79423305017
ADV-0086,2025-01-01,9746.298193760262,16815.329704518485,146194.4729064039,216718.12393756866
ADV-0086,2025-02-01,9746.298193760262,9515.452140468267,155940.7711001642,226233.57607803692
ADV-0086,2025-03-01,9746.298193760262,11033.513133528464,165687.06929392446,237267.08921156538
ADV-0086,2025-04-01,9746.298193760262,9489.746101914829,175433.3674876847,246756.8353134802
ADV-0086,2025-05-01,9746.298193760262,13913.115407663943,185179.66568144498,260669.95072114415
ADV-0086,2025-06-01,9746.298193760262,11052.779301362116,194925.96387520523,271722.73002250626
ADV-0086,2025-07-01,9746.298193760262,11238.101081716379,204672.2620689655,282960.8311042226
ADV-0087,2023-09-01,56026.26846266472,46636.6045106655,56026.26846266472,46636.6045106655
ADV-0087,2023-10-01,56026.26846266472,60386.26261434505,112052.53692532943,107022.86712501055
ADV-0087,2023-11-01,56026.26846266472,85663.99228342873,168078.80538799416,192686.85940843928
ADV-0087,2023-12-01,56026.26846266472,54631.442654954626,224105.07385065887,247318.3020633939
ADV-0087,2024-01-01,56026.26846266472,77415.13517636486,280131.3423133236,324733.4372397588
ADV-0087,2024-02-01,56026.26846266472,74182.86619925675,336157.6107759883,398916.3034390155
ADV-0087,2024-03-01,56026.26846266472,85712.70874029477,392183.879238653,484629.0121793103
ADV-0087,2024-04-01,56026.26846266472,49662.4347773872,448210.14770131774,534291.4469566975
ADV-0087,2024-05-01,56026.26846266472,91338.45817318534,504236.4161639825,625629.9051298829
ADV-0087,2024-06-01,56026.26846266472,71865.63458089666,560262.6846266472,697495.5397107796
ADV-0087,2024-07-01,56026.26846266472,92220.20457043491,616288.9530893118,789715.7442812144
ADV-0087,2024-08-01,56026.26846266472,88080.74320660035,672315.2215519766,877796.4874878147
ADV-0087,2024-09-01,56026.26846266472,54061.71853399473,728341.4900146413,931858.2060218095
ADV-0087,2024-10-01,56026.26846266472,45909.18881918819,784367.758477306,977767.3948409976
ADV-0087,2024-11-01,56026.26846266472,55744.03067495934,840394.0269399708,1033511.425515957
ADV-0087,2024-12-01,56026.26846266472,69150.75863063821,896420.2954026355,1102662.1841465952
ADV-0087,2025-01-01,56026.26846266472,51600.46234925465,952446.5638653002,1154262.6464958498
ADV-0087,2025-02-01,56026.26846266472,51396.51396693941,1008472.832327965,1205659.1604627892
ADV-0087,2025-03-01,56026.26846266472,65947.53014435632,1064499.1007906296,1271606.6906071457
ADV-0087,2025-04-01,56026.26846266472,44780.44136612138,1120525.3692532943,1316387.131973267
ADV-0087,2025-05-01,56026.26846266472,49149.689018481964,1176551.637715959,1365536.820991749
ADV-0087,2025-06-01,56026.26846266472,63643.48667577528,1232577.9061786237,1429180.3076675243
ADV-0087,2025-07-01,56026.26846266472,46252.72796860392,1288604.1746412886,1475433.0356361282
ADV-0088,2024-05-01,11851.851454138703,13022.771341098856,11851.851454138703,13022.771341098856
ADV-0088,2024-06-01,11851.851454138703,13813.823699760931,23703.702908277406,26836.595040859786
ADV-0088,2024-07-01,11851.851454138703,13580.96967237144,35555.55436241611,40417.56471323123
ADV-0088,2024-08-01,11851.851454138703,17860.349940466993,47407.40581655481,58277.91465369822
ADV-0088,2024-09-01,11851.851454138703,14387.839056916333,59259.25727069352,72665.75371061456
ADV-0088,2024-10-01,11851.851454138703,13752.11947429463,71111.10872483221,86417.87318490919
ADV-0088,2024-11-01,11851.851454138703,13165.662231009903,82962.96017897093,99583.53541591909
ADV-0088,2024-12-01,11851.851454138703,17332.462812211652,94814.81163310962,116915.99822813075
ADV-0088,2025-01-01,11851.851454138703,18125.379016724077,106666.66308724832,135041.3772448548
ADV-0088,2025-02-01,11851.851454138703,17697.202290712616,118518.51454138703,152738.57953556743
ADV-0088,2025-03-01,11851.851454138703,15857.116427947427,130370.36599552573,168595.69596351485
ADV-0088,2025-04-01,11851.851454138703,10366.583930847271,142222.21744966443,178962.27989436212
ADV-0088,2025-05-01,11851.851454138703,11795.148091787854,154074.06890380313,190757.42798614997
ADV-0088,2025-06-01,11851.851454138703,9431.685455603929,165925.92035794185,200189.1134417539
ADV-0088,2025-07-01,11851.851454138703,18491.637907373988,177777.77181208055,218680.75134912788
ADV-0089,2023-10-01,33437.7349235474,49299.479166507364,33437.7349235474,49299.479166507364
ADV-0089,2023-11-01,33437.7349235474,52046.11424692265,66875.4698470948,101345.59341343
ADV-0089,2023-12-01,33437.7349235474,38089.22044408617,100313.20477064222,139434.81385751616
ADV-0089,2024-01-01,33437.7349235474,55233.36611825082,133750.9396941896,194668.17997576698
ADV-0089,2024-02-01,33437.7349235474,36421.02129026933,167188.674617737,231089.2012660363
ADV-0089,2024-03-01,33437.7349235474,28140.462309800416,200626.40954128443,259229.66357583672
ADV-0089,2024-04-01,33437.7349235474,40170.702524282846,234064.14446483183,299400.36610011954
ADV-0089,2024-05-01,33437.7349235474,46409.26959646543,267501.8793883792,345809.63569658494
ADV-0089,2024-06-01,33437.7349235474,43454.23123715475,300939.61431192665,389263.8669337397
ADV-0089,2024-07-01,33437.7349235474,55760.53593359471,334377.349235474,445024.4028673344
ADV-0089,2024-08-01,33437.7349235474,31471.23078666912,367815.08415902144,476495.6336540035
ADV-0089,2024-09-01,33437.7349235474,45865.55468204302,401252.81908256887,522361.1883360465
ADV-0089,2024-10-01,33437.7349235474,44554.450155522405,434690.55400611623,566915.638491569
ADV-0089,2024-11-01,33437.7349235474,37120.475525110334,468128.28892966366,604036.1140166793
ADV-0089,2024-12-01,33437.7349235474,54481.405183817034,501566.023853211,658517.5192004964
ADV-0089,2025-01-01,33437.7349235474,52254.308977000466,535003.7587767584,710771.8281774968
ADV-0089,2025-02-01,33437.7349235474,51612.642528376426,568441.4937003058,762384.4707058732
ADV-0089,2025-03-01,33437.7349235474,56213.673492947964,601879.2286238533,818598.1441988212
ADV-0089,2025-04-01,33437.7349235474,51289.24602288815,635316.9635474007,869887.3902217093
ADV-0089,2025-05-01,33437.7349235474,35529.85508620207,668754.698470948,905417.2453079113
ADV-0089,2025-06-01,33437.7349235474,50736.419502898236,702192.4333944955,956153.6648108095
ADV-0089,2025-07-01,33437.7349235474,37965.02704076481,735630.1683180429,994118.6918515743
ADV-0090,2024-05-01,31872.382460850113,33043.312454777326,31872.382460850113,33043.312454777326
ADV-0090,2024-06-01,31872.382460850113,28039.643504881675,63744.764921700225,61082.955959659
ADV-0090,2024-07-01,31872.382460850113,47886.932662680396,95617.14738255033,108969.8886223394
ADV-0090,2024-08-01,31872.382460850113,46910.05593707766,127489.52984340045,155879.94455941705
ADV-0090,2024-09-01,31872.382460850113,32816.299490679114,159361.91230425055,188696.24405009617
ADV-0090,2024-10-01,31872.382460850113,48045.185574078285,191234.29476510067,236741.42962417446
ADV-0090,2024-11-01,31872.382460850113,53027.87837455276,223106.67722595079,289769.3079987272
ADV-0090,2024-12-01,31872.382460850113,29075.608710227494,254979.0596868009,318844.91670895467
ADV-0090,2025-01-01,31872.382460850113,32761.20122953905,286851.442147651,351606.1179384937
ADV-0090,2025-02-01,31872.382460850113,48071.266406576025,318723.8246085011,399677.38434506976
ADV-0090,2025-03-01,31872.382460850113,33999.61516288633,350596.2070693512,433676.9995079561
ADV-0090,2025-04-01,31872.382460850113,44356.41756104782,382468.58953020134,478033.4170690039
ADV-0090,2025-05-01,31872.382460850113,28281.01516375039,414340.97199105145,506314.4322327543
ADV-0090,2025-06-01,31872.382460850113,39255.42545575412,446213.35445190157,545569.8576885085
ADV-0090,2025-07-01,31872.382460850113,47740.90351128217,478085.7369127517,593310.7611997906
ADV-0091,2024-05-01,55651.63664399093,77863.12268920073,55651.63664399093,77863.12268920073
ADV-0091,2024-06-01,55651.63664399093,84273.529490265,111303.27328798186,162136.65217946575
ADV-0091,2024-07-01,55651.63664399093,87384.03877119506,166954.9099319728,249520.6909506608
ADV-0091,2024-08-01,55651.63664399093,82184.80196386718,222606.54657596373,331705.492914528
ADV-0091,2024-09-01,55651.63664399093,77118.84464084612,278258.18321995466,408824.33755537414
ADV-0091,2024-10-01,55651.63664399093,45212.68922372591,333909.8198639456,454037.02677910007
ADV-0091,2024-11-01,55651.63664399093,70306.38987789224,389561.4565079365,524343.4166569923
ADV-0091,2024-12-01,55651.63664399093,45510.63744887169,445213.09315192746,569854.054105864
ADV-0091,2025-01-01,55651.63664399093,83924.26883038096,500864.7297959184,653778.322936245
ADV-0091,2025-02-01,55651.63664399093,59623.447978352764,556516.3664399093,713401.7709145978
ADV-0091,2025-03-01,55651.63664399093,71675.78631790962,612168.0030839003,785077.5572325074
ADV-0091,2025-04-01,55651.63664399093,57565.10660837173,667819.6397278912,842642.6638408791
ADV-0091,2025-05-01,55651.63664399093,82649.3658120835,723471.2763718821,925292.0296529626
ADV-0091,2025-06-01,55651.63664399093,87835.32670989183,779122.913015873,1013127.3563628544
ADV-0091,2025-07-01,55651.63664399093,63508.73921485342,834774.549659864,1076636.0955777077
ADV-0092,2024-04-01,71839.39477124183,111866.75844665885,71839.39477124183,111866.75844665885
ADV-0092,2024-05-01,71839.39477124183,73513.19567784588,143678.78954248366,185379.95412450473
ADV-0092,2024-06-01,71839.39477124183,90737.1920415885,215518.1843137255,276117.14616609324
ADV-0092,2024-07-01,71839.39477124183,111598.92513041249,287357.5790849673,387716.07129650575
ADV-0092,2024-08-01,71839.39477124183,77298.44760565285,359196.97385620914,465014.5189021586
ADV-0092,2024-09-01,71839.39477124183,117731.97124347095,431036.368627451,582746.4901456295
ADV-0092,2024-10-01,71839.39477124183,64167.2371807772,502875.7633986928,646913.7273264067
ADV-0092,2024-11-01,71839.39477124183,57498.41697436528,574715.1581699346,704412.144300772
ADV-0092,2024-12-01,71839.39477124183,114519.55822302212,646554.5529411765,818931.7025237941
ADV-0092,2025-01-01,71839.39477124183,60740.8695512665,718393.9477124183,879672.5720750607
ADV-0092,2025-02-01,71839.39477124183,120168.10618788697,790233.3424836601,999840.6782629476
ADV-0092,2025-03-01,71839.39477124183,117561.69167830018,862072.737254902,1117402.3699412479
ADV-0092,2025-04-01,71839.39477124183,65141.86082687419,933912.1320261438,1182544.230768122
ADV-0092,2025-05-01,71839.39477124183,90925.38521733196,1005751.5267973857,1273469.615985454
ADV-0092,2025-06-01,71839.39477124183,68225.05327751166,1077590.9215686275,1341694.6692629657
ADV-0092,2025-07-01,71839.39477124183,83881.61951545309,1149430.3163398693,1425576.2887784187
ADV-0093,2023-07-01,33942.457082228124,29496.08073785703,33942.457082228124,29496.08073785703
ADV-0093,2023-08-01,33942.457082228124,34614.58621052282,67884.91416445625,64110.666948379854
ADV-0093,2023-09-01,33942.457082228124,39003.85971801432,101827.37124668437,103114.52666639417
ADV-0093,2023-10-01,33942.457082228124,41378.05737760197,135769.8283289125,144492.58404399615
ADV-0093,2023-11-01,33942.457082228124,58351.03895801803,169712.28541114062,202843.62300201418
ADV-0093,2023-12-01,33942.457082228124,53007.912117112166,203654.74249336874,255851.53511912635
ADV-0093,2024-01-01,33942.457082228124,50788.656149734925,237597.19957559687,306640.1912688613
ADV-0093,2024-02-01,33942.457082228124,44477.32479983714,271539.656657825,351117.51606869843
ADV-0093,2024-03-01,33942.457082228124,54020.0287576793,305482.11374005314,405137.5448263777
ADV-0093,2024-04-01,33942.457082228124,38249.46948042216,339424.57082228124,443387.01430679986
ADV-0093,2024-05-01,33942.457082228124,49890.60486651959,373367.02790450933,493277.6191733194
ADV-0093,2024-06-01,33942.457082228124,58864.079248852766,407309.4849867375,552141.6984221722
ADV-0093,2024-07-01,33942.457082228124,37471.64535596848,441251.94206896564,589613.3437781407
ADV-0093,2024-08-01,33942.457082228124,48791.88399120379,475194.39915119373,638405.2277693445
ADV-0093,2024-09-01,33942.457082228124,54156.01147624143,509136.85623342183,692561.2392455859
ADV-0093,2024-10-01,33942.457082228124,56407.932053499426,543079.31331565,748969.1712990853
ADV-0093,2024-11-01,33942.457082228124,50175.14993332046,577021.7703978781,799144.3212324057
ADV-0093,2024-12-01,33942.457082228124,36494.52773618408,610964.2274801063,835638.8489685898
ADV-0093,2025-01-01,33942.457082228124,37838.70618639979,644906.6845623343,873477.5551549896
ADV-0093,2025-02-01,33942.457082228124,28215.124105005907,678849.1416445625,901692.6792599955
ADV-0093,2025-03-01,33942.457082228124,51528.11833815958,712791.5987267906,953220.797598155
ADV-0093,2025-04-01,33942.457082228124,28907.512913636587,746734.0558090187,982128.3105117916
ADV-0093,2025-05-01,33942.457082228124,54796.613956445544,780676.5128912468,1036924.9244682372
ADV-0093,2025-06-01,33942.457082228124,31298.918402303087,814618.969973475,1068223.8428705402
ADV-0093,2025-07-01,33942.457082228124,32975.14468554951,848561.4270557031,1101198.9875560896
ADV-0094,2024-04-01,53845.876401673646,66370.0040994448,53845.876401673646,66370.0040994448
ADV-0094,2024-05-01,53845.876401673646,79204.42705110082,107691.75280334729,145574.43115054563
ADV-0094,2024-06-01,53845.876401673646,49795.05171990274,161537.62920502093,195369.48287044838
ADV-0094,2024-07-01,53845.876401673646,64579.772965511445,215383.50560669458,259949.25583595983
ADV-0094,2024-08-01,53845.876401673646,66680.59900709229,269229.3820083682,326629.8548430521
ADV-0094,2024-09-01,53845.876401673646,53393.813626436466,323075.25841004186,380023.66846948856
ADV-0094,2024-10-01,53845.876401673646,48643.78533448165,376921.1348117155,428667.4538039702
ADV-0094,2024-11-01,53845.876401673646,84043.49905517454,430767.01121338917,512710.9528591447
ADV-0094,2024-12-01,53845.876401673646,67643.81075370537,484612.8876150628,580354.7636128501
ADV-0094,2025-01-01,53845.876401673646,43675.23504137464,538458.7640167364,624029.9986542248
ADV-0094,2025-02-01,53845.876401673646,82401.36486420386,592304.6404184101,706431.3635184286
ADV-0094,2025-03-01,53845.876401673646,91133.28161249093,646150.5168200837,797564.6451309195
ADV-0094,2025-04-01,53845.876401673646,72724.49321698802,699996.3932217574,870289.1383479076
ADV-0094,2025-05-01,53845.876401673646,67704.83840125028,753842.269623431,937993.9767491579
ADV-0094,2025-06-01,53845.876401673646,86105.76302413468,807688.1460251047,1024099.7397732926
ADV-0094,2025-07-01,53845.876401673646,89744.66977955836,861534.0224267783,1113844.409552851
ADV-0095,2024-04-01,65829.87131182796,102981.31725286272,65829.87131182796,102981.31725286272
ADV-0095,2024-05-01,65829.87131182796,83448.23658022498,131659.7426236559,186429.5538330877
ADV-0095,2024-06-01,65829.87131182796,92723.51606779089,197489.61393548385,279153.0699008786
ADV-0095,2024-07-01,65829.87131182796,99593.87738389776,263319.4852473118,378746.94728477637
ADV-0095,2024-08-01,65829.87131182796,67574.53591313981,329149.3565591398,446321.4831979162
ADV-0095,2024-09-01,65829.87131182796,83558.71084720723,394979.2278709677,529880.1940451234
ADV-0095,2024-10-01,65829.87131182796,107739.03788736639,460809.0991827957,637619.2319324898
ADV-0095,2024-11-01,65829.87131182796,96673.55792072992,526638.9704946236,734292.7898532196
ADV-0095,2024-12-01,65829.87131182796,81283.82229629382,592468.8418064516,815576.6121495134
ADV-0095,2025-01-01,65829.87131182796,97219.39933931906,658298.7131182796,912796.0114888325
ADV-0095,2025-02-01,65829.87131182796,62768.355427923256,724128.5844301075,975564.3669167558
ADV-0095,2025-03-01,65829.87131182796,80670.406496008,789958.4557419354,1056234.7734127638
ADV-0095,2025-04-01,65829.87131182796,105420.1795062679,855788.3270537634,1161654.9529190317
ADV-0095,2025-05-01,65829.87131182796,69232.51437905498,921618.1983655914,1230887.4672980867
ADV-0095,2025-06-01,65829.87131182796,67049.24112893548,987448.0696774194,1297936.7084270222
ADV-0095,2025-07-01,65829.87131182796,115385.67112419153,1053277.9409892473,1413322.3795512137
ADV-0096,2023-08-01,140470.3740625,146300.1368135975,140470.3740625,146300.1368135975
ADV-0096,2023-09-01,140470.3740625,153180.39147648268,280940.748125,299480.52829008014
ADV-0096,2023-10-01,140470.3740625,248749.33530196027,421411.1221875,548229.8635920404
ADV-0096,2023-11-01,140470.3740625,217071.71039687062,561881.49625,765301.573988911
ADV-0096,2023-12-01,140470.3740625,212336.79743167738,702351.8703124999,977638.3714205883
ADV-0096,2024-01-01,140470.3740625,233013.56687281534,842822.244375,1210651.9382934037
ADV-0097,2024-02-01,82555.81176015476,75908.73318649462,82555.81176015476,75908.73318649462
ADV-0097,2024-03-01,82555.81176015476,121119.89243443558,165111.6235203095,197028.6256209302
ADV-0097,2024-04-01,82555.81176015476,105623.8067814265,247667.43528046427,302652.4324023567
ADV-0097,2024-05-01,82555.81176015476,130558.03662838707,330223.247040619,433210.46903074376
ADV-0097,2024-06-01,82555.81176015476,105964.96747355138,412779.0588007738,539175.4365042951
ADV-0097,2024-07-01,82555.81176015476,114553.12158693353,495334.87056092854,653728.5580912286
ADV-0097,2024-08-01,82555.81176015476,103636.00019408241,577890.6823210833,757364.558285311
ADV-0097,2024-09-01,82555.81176015476,103667.93177167512,660446.494081238,861032.4900569861
ADV-0097,2024-10-01,82555.81176015476,125870.87637943318,743002.3058413928,986903.3664364193
ADV-0097,2024-11-01,82555.81176015476,115190.91831939794,825558.1176015476,1102094.2847558171
ADV-0097,2024-12-01,82555.81176015476,115550.74866394274,908113.9293617023,1217645.03341976
ADV-0097,2025-01-01,82555.81176015476,101532.26773320154,990669.7411218571,1319177.3011529616
ADV-0097,2025-02-01,82555.81176015476,107724.57010945285,1073225.5528820117,1426901.8712624144
ADV-0097,2025-03-01,82555.81176015476,124166.08686269546,1155781.3646421665,1551067.9581251098
ADV-0097,2025-04-01,82555.81176015476,130312.13413334708,1238337.1764023213,1681380.0922584569
ADV-0097,2025-05-01,82555.81176015476,120400.13732041391,1320892.988162476,1801780.2295788708
ADV-0097,2025-06-01,82555.81176015476,137830.20797720877,1403448.799922631,1939610.4375560796
ADV-0097,2025-07-01,82555.81176015476,129881.81864040173,1486004.6116827857,2069492.2561964814
ADV-0098,2024-06-01,76434.54800959233,91375.26055876643,76434.54800959233,91375.26055876643
ADV-0098,2024-07-01,76434.54800959233,98341.4425359083,152869.09601918465,189716.70309467474
ADV-0098,2024-08-01,76434.54800959233,114551.57706504445,229303.64402877697,304268.2801597192
ADV-0098,2024-09-01,76434.54800959233,95019.44118126281,305738.1920383693,399287.721340982
ADV-0098,2024-10-01,76434.54800959233,108096.74784263929,382172.74004796165,507384.4691836213
ADV-0098,2024-11-01,76434.54800959233,99448.25198010862,458607.28805755393,606832.7211637299
ADV-0098,2024-12-01,76434.54800959233,90743.94018236286,535041.8360671463,697576.6613460928
ADV-0098,2025-01-01,76434.54800959233,71023.69885846249,611476.3840767386,768600.3602045553
ADV-0098,2025-02-01,76434.54800959233,82735.04292532551,687910.932086331,851335.4031298808
ADV-0098,2025-03-01,76434.54800959233,117186.54680851825,764345.4800959233,968521.949938399
ADV-0098,2025-04-01,76434.54800959233,97473.9827569587,840780.0281055156,1065995.9326953578
ADV-0098,2025-05-01,76434.54800959233,91536.25337235052,917214.5761151079,1157532.1860677083
ADV-0098,2025-06-01,76434.54800959233,114974.36911434059,993649.1241247002,1272506.5551820488
ADV-0098,2025-07-01,76434.54800959233,92942.71367205067,1070083.6721342925,1365449.2688540996
ADV-0099,2023-10-01,55911.59693233082,73949.90242052224,55911.59693233082,73949.90242052224
ADV-0099,2023-11-01,55911.59693233082,86259.82172675488,111823.19386466165,160209.72414727713
ADV-0099,2023-12-01,55911.59693233082,83797.86062357786,167734.79079699249,244007.58477085497
ADV-0099,2024-01-01,55911.59693233082,56378.07006580282,223646.3877293233,300385.6548366578
ADV-0099,2024-02-01,55911.59693233082,71058.88784134963,279557.9846616541,371444.54267800745
ADV-0099,2024-03-01,55911.59693233082,71122.6028422748,335469.58159398497,442567.14552028227
ADV-0099,2024-04-01,55911.59693233082,66145.87606012948,391381.1785263158,508713.02158041176
ADV-0099,2024-05-01,55911.59693233082,73486.01227441405,447292.7754586466,582199.0338548258
ADV-0099,2024-06-01,55911.59693233082,67987.01369614631,503204.3723909774,650186.0475509721
ADV-0099,2024-07-01,55911.59693233082,56704.54314287115,559115.9693233082,706890.5906938432
ADV-0099,2024-08-01,55911.59693233082,67947.90803681377,615027.5662556391,774838.4987306569
ADV-0099,2024-09-01,55911.59693233082,49997.795930944114,670939.1631879699,824836.2946616011
ADV-0099,2024-10-01,55911.59693233082,76573.27214847098,726850.7601203007,901409.566810072
ADV-0099,2024-11-01,55911.59693233082,91239.33353860001,782762.3570526316,992648.9003486721
ADV-0099,2024-12-01,55911.59693233082,84464.02847600577,838673.9539849623,1077112.9288246778
ADV-0099,2025-01-01,55911.59693233082,65204.77381738312,894585.5509172932,1142317.702642061
ADV-0099,2025-02-01,55911.59693233082,50778.64496831939,950497.147849624,1193096.3476103805
ADV-0099,2025-03-01,55911.59693233082,56852.53503484404,1006408.7447819548,1249948.8826452245
ADV-0099,2025-04-01,55911.59693233082,74974.25789563169,1062320.3417142855,1324923.1405408562
ADV-0099,2025-05-01,55911.59693233082,57111.56529166802,1118231.9386466164,1382034.7058325242
ADV-0099,2025-06-01,55911.59693233082,74894.17770724559,1174143.5355789473,1456928.8835397698
ADV-0099,2025-07-01,55911.59693233082,58406.90239456417,1230055.1325112781,1515335.785934334
ADV-0100,2023-08-01,34982.36271570015,49210.45495855248,34982.36271570015,49210.45495855248
ADV-0100,2023-09-01,34982.36271570015,36317.7627027663,69964.7254314003,85528.21766131878
ADV-0100,2023-10-01,34982.36271570015,31986.798885485543,104947.08814710044,117515.01654680431
ADV-0100,2023-11-01,34982.36271570015,48165.75166899324,139929.4508628006,165680.76821579755
ADV-0100,2023-12-01,34982.36271570015,34763.95366724784,174911.81357850073,200444.7218830454
ADV-0100,2024-01-01,34982.36271570015,28159.8908102077,209894.17629420088,228604.6126932531
ADV-0100,2024-02-01,34982.36271570015,41260.09270641426,244876.53900990103,269864.7053996674
ADV-0100,2024-03-01,34982.36271570015,41578.51077177763,279858.9017256012,311443.21617144503
ADV-0100,2024-04-01,34982.36271570015,45378.829546439876,314841.26444130135,356822.0457178849
ADV-0100,2024-05-01,34982.36271570015,31834.616747596116,349823.62715700147,388656.66246548103
ADV-0100,2024-06-01,34982.36271570015,37645.12965572672,384805.9898727016,426301.79212120775
ADV-0100,2024-07-01,34982.36271570015,33037.77090100367,419788.35258840176,459339.5630222114
ADV-0100,2024-08-01,34982.36271570015,27288.280594361808,454770.71530410193,486627.84361657326
ADV-0100,2024-09-01,34982.36271570015,50000.881631356555,489753.07801980205,536628.7252479298
ADV-0100,2024-10-01,34982.36271570015,45783.438683486114,524735.4407355022,582412.1639314159
ADV-0100,2024-11-01,34982.36271570015,33582.853293569824,559717.8034512023,615995.0172249858
ADV-0100,2024-12-01,34982.36271570015,42086.87346494225,594700.1661669025,658081.890689928
ADV-0100,2025-01-01,34982.36271570015,30722.604174863558,629682.5288826027,688804.4948647915
ADV-0100,2025-02-01,34982.36271570015,50389.75259068063,664664.8915983028,739194.2474554721
ADV-0100,2025-03-01,34982.36271570015,28257.47841057595,699647.2543140029,767451.7258660481
ADV-0100,2025-04-01,34982.36271570015,25086.940630422505,734629.6170297031,792538.6664964707
ADV-0100,2025-05-01,34982.36271570015,39307.53619241657,769611.9797454032,831846.2026888872
ADV-0100,2025-06-01,34982.36271570015,41623.14522720026,804594.3424611033,873469.3479160875
ADV-0100,2025-07-01,34982.36271570015,41504.324043879766,839576.7051768035,914973.6719599672
ADV-0101,2024-01-01,72060.85881081081,62158.76496690538,72060.85881081081,62158.76496690538
ADV-0101,2024-02-01,72060.85881081081,79514.30460212246,144121.71762162162,141673.06956902784
ADV-0101,2024-03-01,72060.85881081081,91896.08743368466,216182.57643243243,233569.15700271248
ADV-0101,2024-04-01,72060.85881081081,72996.60395881053,288243.43524324324,306565.76096152305
ADV-0101,2024-05-01,72060.85881081081,116868.07179057297,360304.2940540541,423433.832752096
ADV-0101,2024-06-01,72060.85881081081,64338.63130832153,432365.15286486485,487772.46406041755
ADV-0101,2024-07-01,72060.85881081081,91106.02220876346,504426.01167567563,578878.486269181
ADV-0102,2023-12-01,8285.247046979866,11213.116428832724,8285.247046979866,11213.116428832724
ADV-0102,2024-01-01,8285.247046979866,8137.37983294685,16570.494093959733,19350.496261779575
ADV-0102,2024-02-01,8285.247046979866,10732.245024027403,24855.7411409396,30082.74128580698
ADV-0102,2024-03-01,8285.247046979866,12200.761755763298,33140.988187919465,42283.50304157028
ADV-0102,2024-04-01,8285.247046979866,7626.165143280226,41426.23523489933,49909.6681848505
ADV-0102,2024-05-01,8285.247046979866,12829.527676183785,49711.4822818792,62739.195861034284
ADV-0102,2024-06-01,8285.247046979866,10226.26975465039,57996.729328859066,72965.46561568468
ADV-0102,2024-07-01,8285.247046979866,8405.685140634387,66281.97637583893,81371.15075631907
ADV-0102,2024-08-01,8285.247046979866,9347.925674780796,74567.2234228188,90719.07643109986
ADV-0102,2024-09-01,8285.247046979866,8498.457834629446,82852.47046979866,99217.53426572931
ADV-0102,2024-10-01,8285.247046979866,11454.32125095296,91137.71751677853,110671.85551668226
ADV-0102,2024-11-01,8285.247046979866,11963.927997655821,99422.9645637584,122635.78351433808
ADV-0102,2024-12-01,8285.247046979866,12226.190316020364,107708.21161073826,134861.97383035845
ADV-0102,2025-01-01,8285.247046979866,13320.222893274951,115993.45865771813,148182.1967236334
ADV-0102,2025-02-01,8285.247046979866,11928.018539955243,124278.70570469799,160110.21526358865
ADV-0102,2025-03-01,8285.247046979866,10568.626642264782,132563.95275167786,170678.84190585342
ADV-0102,2025-04-01,8285.247046979866,8691.93948237138,140849.19979865773,179370.7813882248
ADV-0102,2025-05-01,8285.247046979866,10162.10793542699,149134.4468456376,189532.8893236518
ADV-0102,2025-06-01,8285.247046979866,6557.631370655572,157419.69389261745,196090.52069430737
ADV-0102,2025-07-01,8285.247046979866,11595.442398040645,165704.94093959732,207685.963092348
ADV-0103,2023-10-01,50427.54828220859,57553.24279286863,50427.54828220859,57553.24279286863
ADV-0103,2023-11-01,50427.54828220859,38995.62664119969,100855.09656441718,96548.86943406833
ADV-0103,2023-12-01,50427.54828220859,40846.61654604456,151282.64484662577,137395.4859801129
ADV-0103,2024-01-01,50427.54828220859,55004.90851501124,201710.19312883436,192400.3944951241
ADV-0103,2024-02-01,50427.54828220859,63542.55303312262,252137.74141104295,255942.94752824673
ADV-0103,2024-03-01,50427.54828220859,58348.31483131873,302565.28969325154,314291.2623595655
ADV-0103,2024-04-01,50427.54828220859,65101.58814562676,352992.8379754601,379392.85050519224
ADV-0103,2024-05-01,50427.54828220859,59049.36000443624,403420.3862576687,438442.21050962846
ADV-0103,2024-06-01,50427.54828220859,66953.26716203483,453847.93453987734,505395.4776716633
ADV-0103,2024-07-01,50427.54828220859,47670.41803940038,504275.4828220859,553065.8957110636
ADV-0103,2024-08-01,50427.54828220859,43039.7366546473,554703.0311042945,596105.6323657109
ADV-0103,2024-09-01,50427.54828220859,64109.49706739514,605130.5793865031,660215.129433106
ADV-0103,2024-10-01,50427.54828220859,59240.85877219841,655558.1276687117,719455.9882053045
ADV-0103,2024-11-01,50427.54828220859,39293.834113595374,705985.6759509202,758749.8223188999
ADV-0103,2024-12-01,50427.54828220859,54700.594615991526,756413.2242331288,813450.4169348915
ADV-0103,2025-01-01,50427.54828220859,42747.05476793435,806840.7725153374,856197.4717028259
ADV-0103,2025-02-01,50427.54828220859,61274.12575843263,857268.3207975461,917471.5974612585
ADV-0103,2025-03-01,50427.54828220859,55367.02321663339,907695.8690797547,972838.6206778919
ADV-0103,2025-04-01,50427.54828220859,64837.888429024875,958123.4173619632,1037676.5091069167
ADV-0103,2025-05-01,50427.54828220859,73222.83319411274,1008550.9656441718,1110899.3423010295
ADV-0103,2025-06-01,50427.54828220859,51179.61176929313,1058978.5139263803,1162078.9540703227
ADV-0103,2025-07-01,50427.54828220859,80041.4395693594,1109406.062208589,1242120.393639682
ADV-0104,2024-04-01,55861.410453563716,69344.02889680673,55861.410453563716,69344.02889680673
ADV-0104,2024-05-01,55861.410453563716,73407.25060747868,111722.82090712743,142751.27950428543
ADV-0104,2024-06-01,55861.410453563716,76473.80661538857,167584.23136069113,219225.086119674
ADV-0104,2024-07-01,55861.410453563716,75788.50206274648,223445.64181425486,295013.58818242047
ADV-0104,2024-08-01,55861.410453563716,68131.60688740641,279307.0522678186,363145.1950698269
ADV-0104,2024-09-01,55861.410453563716,64090.49873657805,335168.46272138227,427235.69380640495
ADV-0104,2024-10-01,55861.410453563716,45657.10206004607,391029.873174946,472892.795866451
ADV-0104,2024-11-01,55861.410453563716,44098.9829424772,446891.28362850973,516991.7788089282
ADV-0104,2024-12-01,55861.410453563716,60609.95719777767,502752.69408207346,577601.7360067059
ADV-0104,2025-01-01,55861.410453563716,59415.40185755556,558614.1045356372,637017.1378642615
ADV-0104,2025-02-01,55861.410453563716,62071.6204435254,614475.5149892009,699088.7583077869
ADV-0104,2025-03-01,55861.410453563716,49815.19576915605,670336.9254427645,748903.954076943
ADV-0104,2025-04-01,55861.410453563716,79300.19230418924,726198.3358963283,828204.1463811322
ADV-0104,2025-05-01,55861.410453563716,85139.97805700795,782059.746349892,913344.1244381401
ADV-0104,2025-06-01,55861.410453563716,89158.65876919287,837921.1568034558,1002502.783207333
ADV-0104,2025-07-01,55861.410453563716,67216.85245056337,893782.5672570195,1069719.6356578963
ADV-0105,2024-05-01,21640.19304347826,31646.69120801386,21640.19304347826,31646.69120801386
ADV-0105,2024-06-01,21640.19304347826,34753.099235201706,43280.38608695652,66399.79044321556
ADV-0105,2024-07-01,21640.19304347826,25972.000315483143,64920.57913043478,92371.79075869871
ADV-0105,2024-08-01,21640.19304347826,23785.49517442237,86560.77217391304,116157.28593312108
ADV-0105,2024-09-01,21640.19304347826,36383.23215289932,108200.96521739129,152540.5180860204
ADV-0105,2024-10-01,21640.19304347826,27927.704376449474,129841.15826086956,180468.2224624699
ADV-0105,2024-11-01,21640.19304347826,27557.738601734647,151481.3513043478,208025.96106420454
ADV-0105,2024-12-01,21640.19304347826,21154.806491440006,173121.54434782607,229180.76755564456
ADV-0105,2025-01-01,21640.19304347826,19743.816476924883,194761.73739130434,248924.58403256943
ADV-0105,2025-02-01,21640.19304347826,34483.11025383391,216401.93043478258,283407.69428640336
ADV-0105,2025-03-01,21640.19304347826,29904.92008333532,238042.12347826085,313312.6143697387
ADV-0105,2025-04-01,21640.19304347826,24115.078351248805,259682.31652173912,337427.6927209875
ADV-0105,2025-05-01,21640.19304347826,21422.302478497906,281322.50956521736,358849.9951994854
ADV-0105,2025-06-01,21640.19304347826,28727.38820608645,302962.7026086956,387577.38340557186
ADV-0105,2025-07-01,21640.19304347826,29298.16181054358,324602.8956521739,416875.5452161154
ADV-0106,2024-03-01,48777.77932673268,46443.97570073206,48777.77932673268,46443.97570073206
ADV-0106,2024-04-01,48777.77932673268,74105.00996716683,97555.55865346536,120548.98566789889
ADV-0106,2024-05-01,48777.77932673268,41175.89130014642,146333.33798019803,161724.8769680453
ADV-0106,2024-06-01,48777.77932673268,52843.98841824453,195111.1173069307,214568.86538628984
ADV-0106,2024-07-01,48777.77932673268,66764.01397841805,243888.8966336634,281332.87936470786
ADV-0106,2024-08-01,48777.77932673268,49325.35478308042,292666.67596039607,330658.23414778826
ADV-0106,2024-09-01,48777.77932673268,73086.38912620537,341444.45528712875,403744.6232739936
ADV-0106,2024-10-01,48777.77932673268,69317.3065092243,390222.2346138614,473061.9297832179
ADV-0106,2024-11-01,48777.77932673268,71427.25841328959,439000.0139405941,544489.1881965075
ADV-0106,2024-12-01,48777.77932673268,42671.47212614628,487777.7932673268,587160.6603226538
ADV-0106,2025-01-01,48777.77932673268,43591.7976606321,536555.5725940594,630752.4579832859
ADV-0106,2025-02-01,48777.77932673268,49855.6165126806,585333.3519207921,680608.0744959665
ADV-0106,2025-03-01,48777.77932673268,59797.06528322292,634111.1312475249,740405.1397791895
ADV-0106,2025-04-01,48777.77932673268,69667.06562902495,682888.9105742575,810072.2054082145
ADV-0106,2025-05-01,48777.77932673268,73466.51496837099,731666.6899009901,883538.7203765855
ADV-0106,2025-06-01,48777.77932673268,67792.09318171398,780444.4692277228,951330.8135582994
ADV-0106,2025-07-01,48777.77932673268,77418.39659988253,829222.2485544556,1028749.210158182
ADV-0107,2023-09-01,87947.1887012987,131705.6621988787,87947.1887012987,131705.6621988787
ADV-0107,2023-10-01,87947.1887012987,96409.16810208636,175894.3774025974,228114.83030096506
ADV-0107,2023-11-01,87947.1887012987,93047.72389144832,263841.5661038961,321162.55419241334
ADV-0107,2023-12-01,87947.1887012987,128232.85787097245,351788.7548051948,449395.4120633858
ADV-0107,2024-01-01,87947.1887012987,87154.24697536485,439735.94350649347,536549.6590387507
ADV-0107,2024-02-01,87947.1887012987,78980.03568594556,527683.1322077923,615529.6947246962
ADV-0107,2024-03-01,87947.1887012987,114850.4824279389,615630.3209090909,730380.1771526351
ADV-0107,2024-04-01,87947.1887012987,138471.3866425186,703577.5096103896,868851.5637951536
ADV-0107,2024-05-01,87947.1887012987,79687.23216785282,791524.6983116883,948538.7959630064
ADV-0107,2024-06-01,87947.1887012987,136043.32058093432,879471.8870129869,1084582.1165439407
ADV-0107,2024-07-01,87947.1887012987,137649.5591496308,967419.0757142857,1222231.6756935716
ADV-0108,2024-05-01,39788.81581818182,51844.15219588938,39788.81581818182,51844.15219588938
ADV-0108,2024-06-01,39788.81581818182,35611.702281983286,79577.63163636364,87455.85447787266
ADV-0108,2024-07-01,39788.81581818182,40091.45978487087,119366.44745454547,127547.31426274354
ADV-0108,2024-08-01,39788.81581818182,60444.35290393885,159155.2632727273,187991.6671666824
ADV-0108,2024-09-01,39788.81581818182,60610.57478169401,198944.0790909091,248602.2419483764
ADV-0108,2024-10-01,39788.81581818182,67737.31816689348,238732.89490909094,316339.5601152699
ADV-0108,2024-11-01,39788.81581818182,55679.62138173647,278521.71072727273,372019.1814970064
ADV-0108,2024-12-01,39788.81581818182,38163.16707508987,318310.5265454546,410182.34857209626
ADV-0108,2025-01-01,39788.81581818182,38060.32238748324,358099.3423636364,448242.6709595795
ADV-0108,2025-02-01,39788.81581818182,60967.88773277859,397888.1581818182,509210.5586923581
ADV-0108,2025-03-01,39788.81581818182,40442.67650984985,437676.97400000005,549653.2352022079
ADV-0108,2025-04-01,39788.81581818182,45966.032642415186,477465.7898181819,595619.2678446231
ADV-0108,2025-05-01,39788.81581818182,52032.770542782586,517254.6056363637,647652.0383874057
ADV-0108,2025-06-01,39788.81581818182,34368.555833804545,557043.4214545455,682020.5942212102
ADV-0108,2025-07-01,39788.81581818182,42926.8111479018,596832.2372727273,724947.405369112
ADV-0109,2023-11-01,70244.15378205129,73534.24387543085,70244.15378205129,73534.24387543085
ADV-0109,2023-12-01,70244.15378205129,66182.86411275993,140488.30756410258,139717.10798819078
ADV-0109,2024-01-01,70244.15378205129,57970.96789559998,210732.46134615387,197688.07588379076
ADV-0109,2024-02-01,70244.15378205129,91883.42747373786,280976.61512820516,289571.5033575286
ADV-0109,2024-03-01,70244.15378205129,96763.32285308625,351220.76891025645,386334.8262106149
ADV-0109,2024-04-01,70244.15378205129,64912.822321826716,421464.92269230774,451247.6485324416
ADV-0109,2024-05-01,70244.15378205129,94543.45453027461,491709.076474359,545791.1030627162
ADV-0109,2024-06-01,70244.15378205129,72253.95903750812,561953.2302564103,618045.0621002243
ADV-0109,2024-07-01,70244.15378205129,79197.16492371856,632197.3840384616,697242.2270239429
ADV-0109,2024-08-01,70244.15378205129,99219.64785257961,702441.5378205129,796461.8748765225
ADV-0109,2024-09-01,70244.15378205129,93141.09299160284,772685.6916025642,889602.9678681253
ADV-0109,2024-10-01,70244.15378205129,96303.0033641462,842929.8453846155,985905.9712322715
ADV-0109,2024-11-01,70244.15378205129,57998.185308018954,913173.9991666668,1043904.1565402905
ADV-0109,2024-12-01,70244.15378205129,54150.58956939104,983418.152948718,1098054.7461096814
ADV-0109,2025-01-01,70244.15378205129,101363.59649099407,1053662.3067307693,1199418.3426006755
ADV-0109,2025-02-01,70244.15378205129,72384.68730052502,1123906.4605128206,1271803.0299012004
ADV-0109,2025-03-01,70244.15378205129,66655.36713206075,1194150.614294872,1338458.3970332611
ADV-0109,2025-04-01,70244.15378205129,91693.35670617425,1264394.7680769232,1430151.7537394355
ADV-0109,2025-05-01,70244.15378205129,98097.0233265437,1334638.9218589745,1528248.777065979
ADV-0109,2025-06-01,70244.15378205129,99591.56636739941,1404883.0756410258,1627840.3434333785
ADV-0109,2025-07-01,70244.15378205129,68267.03844951007,1475127.229423077,1696107.3818828885
ADV-0110,2024-06-01,22715.252759493673,37664.703394056465,22715.252759493673,37664.703394056465
ADV-0110,2024-07-01,22715.252759493673,19973.44421516474,45430.505518987346,57638.14760922121
ADV-0110,2024-08-01,22715.252759493673,20163.7627156588,68145.75827848102,77801.91032488001
ADV-0110,2024-09-01,22715.252759493673,32677.672592000592,90861.01103797469,110479.58291688061
ADV-0110,2024-10-01,22715.252759493673,20456.95035816048,113576.26379746836,130936.53327504109
ADV-0110,2024-11-01,22715.252759493673,26159.44845630178,136291.51655696204,157095.98173134288
ADV-0110,2024-12-01,22715.252759493673,33751.36170011356,159006.7693164557,190847.34343145642
ADV-0110,2025-01-01,22715.252759493673,26435.470997605047,181722.02207594938,217282.81442906146
ADV-0110,2025-02-01,22715.252759493673,22997.280571697822,204437.27483544307,240280.0950007593
ADV-0110,2025-03-01,22715.252759493673,25216.12478784739,227152.52759493672,265496.2197886067
ADV-0110,2025-04-01,22715.252759493673,29058.99407340943,249867.7803544304,294555.2138620161
ADV-0110,2025-05-01,22715.252759493673,29447.38178615505,272583.0331139241,324002.59564817115
ADV-0110,2025-06-01,22715.252759493673,36155.41855713665,295298.28587341774,360158.0142053078
ADV-0110,2025-07-01,22715.252759493673,35439.13572426645,318013.5386329114,395597.1499295743
ADV-0111,2024-07-01,68563.45979591837,86200.45045427517,68563.45979591837,86200.45045427517
ADV-0111,2024-08-01,68563.45979591837,111368.31184180641,137126.91959183675,197568.76229608158
ADV-0111,2024-09-01,68563.45979591837,64027.29161673583,205690.37938775512,261596.0539128174
ADV-0111,2024-10-01,68563.45979591837,73160.88404051928,274253.8391836735,334756.9379533367
ADV-0111,2024-11-01,68563.45979591837,110223.28862456289,342817.29897959187,444980.2265778996
ADV-0111,2024-12-01,68563.45979591837,81098.66843392493,411380.75877551024,526078.8950118246
ADV-0111,2025-01-01,68563.45979591837,120139.32081819062,479944.2185714286,646218.2158300151
ADV-0111,2025-02-01,68563.45979591837,86811.15137930341,548507.678367347,733029.3672093186
ADV-0111,2025-03-01,68563.45979591837,107890.58464768241,617071.1381632653,840919.9518570009
ADV-0111,2025-04-01,68563.45979591837,82672.30094004734,685634.5979591837,923592.2527970483
ADV-0111,2025-05-01,68563.45979591837,84138.06943371477,754198.0577551022,1007730.322230763
ADV-0111,2025-06-01,68563.45979591837,81415.11064336255,822761.5175510205,1089145.4328741257
ADV-0111,2025-07-01,68563.45979591837,103174.80069430805,891324.9773469388,1192320.2335684337
ADV-0112,2023-06-01,36938.18099737533,47080.51987377667,36938.18099737533,47080.51987377667
ADV-0112,2023-07-01,36938.18099737533,60195.39014432321,73876.36199475067,107275.91001809988
ADV-0112,2023-08-01,36938.18099737533,37263.152904614755,110814.542992126,144539.06292271463
ADV-0112,2023-09-01,36938.18099737533,32287.81944370506,147752.72398950133,176826.88236641968
ADV-0112,2023-10-01,36938.18099737533,41975.15597058099,184690.90498687667,218802.03833700067
ADV-0112,2023-11-01,36938.18099737533,49370.63397606274,221629.085984252,268172.6723130634
ADV-0112,2023-12-01,36938.18099737533,57449.060754925275,258567.26698162733,325621.73306798865
ADV-0112,2024-01-01,36938.18099737533,40417.477303731765,295505.44797900267,366039.21037172043
ADV-0112,2024-02-01,36938.18099737533,50597.659140604585,332443.628976378,416636.86951232504
ADV-0112,2024-03-01,36938.18099737533,40549.92313109355,369381.80997375335,457186.7926434186
ADV-0112,2024-04-01,36938.18099737533,49387.40983185161,406319.9909711287,506574.2024752702
ADV-0112,2024-05-01,36938.18099737533,58243.67760336178,443258.171968504,564817.8800786319
ADV-0112,2024-06-01,36938.18099737533,36616.687598496304,480196.3529658793,601434.5676771282
ADV-0112,2024-07-01,36938.18099737533,42338.56194671439,517134.53396325465,643773.1296238427
ADV-0112,2024-08-01,36938.18099737533,61833.2449072298,554072.71496063,705606.3745310724
ADV-0112,2024-09-01,36938.18099737533,57705.827279497105,591010.8959580053,763312.2018105695
ADV-0112,2024-10-01,36938.18099737533,47647.199167237035,627949.0769553806,810959.4009778065
ADV-0112,2024-11-01,36938.18099737533,46058.155914493895,664887.257952756,857017.5568923005
ADV-0112,2024-12-01,36938.18099737533,38378.84181035157,701825.4389501313,895396.3987026521
ADV-0112,2025-01-01,36938.18099737533,46077.41270845074,738763.6199475067,941473.8114111028
ADV-0112,2025-02-01,36938.18099737533,57031.46630701463,775701.800944882,998505.2777181173
ADV-0112,2025-03-01,36938.18099737533,51636.487668816175,812639.9819422574,1050141.7653869335
ADV-0112,2025-04-01,36938.18099737533,38559.008035743755,849578.1629396327,1088700.7734226773
ADV-0112,2025-05-01,36938.18099737533,35627.3067611057,886516.343937008,1124328.080183783
ADV-0112,2025-06-01,36938.18099737533,37737.0374656499,923454.5249343833,1162065.117649433
ADV-0112,2025-07-01,36938.18099737533,34577.988013830494,960392.7059317586,1196643.1056632635
ADV-0113,2023-09-01,8482.53794947994,6982.005065352513,8482.53794947994,6982.005065352513
ADV-0113,2023-10-01,8482.53794947994,9308.970211351596,16965.07589895988,16290.97527670411
ADV-0113,2023-11-01,8482.53794947994,7109.0289870001425,25447.613848439818,23400.004263704253
ADV-0113,2023-12-01,8482.53794947994,7530.643224599766,33930.15179791976,30930.64748830402
ADV-0113,2024-01-01,8482.53794947994,10231.054798460218,42412.6897473997,41161.70228676424
ADV-0113,2024-02-01,8482.53794947994,7478.037367114345,50895.227696879636,48639.73965387858
ADV-0113,2024-03-01,8482.53794947994,6753.54260213234,59377.76564635958,55393.28225601092
ADV-0113,2024-04-01,8482.53794947994,8577.082152921743,67860.30359583952,63970.36440893266
ADV-0113,2024-05-01,8482.53794947994,7878.84077608165,76342.84154531946,71849.20518501432
ADV-0113,2024-06-01,8482.53794947994,10000.73240770593,84825.3794947994,81849.93759272025
ADV-0113,2024-07-01,8482.53794947994,7030.389270946099,93307.91744427934,88880.32686366634
ADV-0113,2024-08-01,8482.53794947994,11701.674910499049,101790.45539375927,100582.00177416539
ADV-0113,2024-09-01,8482.53794947994,12812.755024819147,110272.99334323921,113394.75679898454
ADV-0113,2024-10-01,8482.53794947994,11641.715239014387,118755.53129271916,125036.47203799893
ADV-0113,2024-11-01,8482.53794947994,10126.770437859934,127238.0692421991,135163.24247585886
ADV-0113,2024-12-01,8482.53794947994,12484.992204781061,135720.60719167904,147648.23468063993
ADV-0113,2025-01-01,8482.53794947994,11292.724614502127,144203.14514115898,158940.95929514206
ADV-0113,2025-02-01,8482.53794947994,6369.939410025273,152685.68309063892,165310.89870516735
ADV-0113,2025-03-01,8482.53794947994,9128.80936412342,161168.22104011886,174439.70806929076
ADV-0113,2025-04-01,8482.53794947994,12415.1037078695,169650.7589895988,186854.81177716027
ADV-0113,2025-05-01,8482.53794947994,8781.872391486402,178133.29693907875,195636.68416864667
ADV-0113,2025-06-01,8482.53794947994,6547.352669376069,186615.8348885587,202184.03683802273
ADV-0113,2025-07-01,8482.53794947994,11661.456700288363,195098.37283803863,213845.4935383111
ADV-0114,2023-06-01,67935.61064876958,105727.61440696534,67935.61064876958,105727.61440696534
ADV-0114,2023-07-01,67935.61064876958,65288.22437269447,135871.22129753916,171015.83877965983
ADV-0114,2023-08-01,67935.61064876958,89039.94268204212,203806.83194630872,260055.78146170196
ADV-0114,2023-09-01,67935.61064876958,67265.40189481022,271742.4425950783,327321.18335651216
ADV-0114,2023-10-01,67935.61064876958,100507.3079832469,339678.0532438479,427828.4913397591
ADV-0114,2023-11-01,67935.61064876958,72283.4097296355,407613.66389261745,500111.9010693946
ADV-0114,2023-12-01,67935.61064876958,75099.26003828076,475549.27454138704,575211.1611076754
ADV-0114,2024-01-01,67935.61064876958,108434.26678283674,543484.8851901566,683645.4278905122
ADV-0114,2024-02-01,67935.61064876958,85193.09971951117,611420.4958389262,768838.5276100233
ADV-0114,2024-03-01,67935.61064876958,97387.88068581063,679356.1064876958,866226.4082958339
ADV-0114,2024-04-01,67935.61064876958,80531.02171476047,747291.7171364654,946757.4300105943
ADV-0114,2024-05-01,67935.61064876958,73951.33366466891,815227.3277852349,1020708.7636752633
ADV-0114,2024-06-01,67935.61064876958,94596.50898242854,883162.9384340046,1115305.2726576917
ADV-0114,2024-07-01,67935.61064876958,64926.594947611215,951098.5490827741,1180231.867605303
ADV-0114,2024-08-01,67935.61064876958,78679.20949264536,1019034.1597315437,1258911.0770979484
ADV-0114,2024-09-01,67935.61064876958,68342.29839744561,1086969.7703803133,1327253.375495394
ADV-0115,2023-11-01,5532.578887122417,8203.87643416923,5532.578887122417,8203.87643416923
ADV-0115,2023-12-01,5532.578887122417,9501.281091323364,11065.157774244833,17705.157525492592
ADV-0115,2024-01-01,5532.578887122417,9769.219518348067,16597.73666136725,27474.377043840657
ADV-0115,2024-02-01,5532.578887122417,6921.595384983726,22130.315548489667,34395.97242882438
ADV-0115,2024-03-01,5532.578887122417,5888.81438190718,27662.894435612085,40284.78681073156
ADV-0115,2024-04-01,5532.578887122417,6882.699234138723,33195.4733227345,47167.48604487028
ADV-0115,2024-05-01,5532.578887122417,8994.99025846874,38728.05220985692,56162.47630333902
ADV-0115,2024-06-01,5532.578887122417,5645.827239151537,44260.631096979334,61808.303542490554
ADV-0115,2024-07-01,5532.578887122417,9542.471980771204,49793.20998410175,71350.77552326176
ADV-0115,2024-08-01,5532.578887122417,6355.3911327034175,55325.78887122417,77706.16665596518
ADV-0115,2024-09-01,5532.578887122417,9718.520629151015,60858.36775834658,87424.68728511619
ADV-0115,2024-10-01,5532.578887122417,8949.75847624621,66390.946645469,96374.4457613624
ADV-0115,2024-11-01,5532.578887122417,8792.875531841766,71923.52553259142,105167.32129320416
ADV-0115,2024-12-01,5532.578887122417,6230.24821656953,77456.10441971384,111397.56950977369
ADV-0115,2025-01-01,5532.578887122417,4615.751383693419,82988.68330683625,116013.32089346711
ADV-0115,2025-02-01,5532.578887122417,6565.696518255512,88521.26219395867,122579.01741172263
ADV-0115,2025-03-01,5532.578887122417,6146.186395088894,94053.84108108109,128725.20380681152
ADV-0115,2025-04-01,5532.578887122417,4765.2254595644,99586.4199682035,133490.42926637593
ADV-0115,2025-05-01,5532.578887122417,7209.308812880951,105118.99885532592,140699.73807925687
ADV-0115,2025-06-01,5532.578887122417,6674.843743090727,110651.57774244834,147374.5818223476
ADV-0115,2025-07-01,5532.578887122417,7884.042788774484,116184.15662957075,155258.62461112207
ADV-0116,2023-12-01,34725.05547945206,46551.81712902505,34725.05547945206,46551.81712902505
ADV-0116,2024-01-01,34725.05547945206,30981.312028791013,69450.11095890412,77533.12915781606
ADV-0116,2024-02-01,34725.05547945206,57621.40727641152,104175.16643835617,135154.53643422757
ADV-0116,2024-03-01,34725.05547945206,33040.56251124436,138900.22191780823,168195.09894547192
ADV-0116,2024-04-01,34725.05547945206,41078.543527198315,173625.2773972603,209273.64247267024
ADV-0116,2024-05-01,34725.05547945206,42411.56175939276,208350.33287671235,251685.204232063
ADV-0116,2024-06-01,34725.05547945206,52521.79456030919,243075.3883561644,304206.9987923722
ADV-0116,2024-07-01,34725.05547945206,30311.83838960326,277800.44383561646,334518.8371819754
ADV-0116,2024-08-01,34725.05547945206,40561.13144920395,312525.49931506853,375079.96863117936
ADV-0116,2024-09-01,34725.05547945206,46779.43986233617,347250.5547945206,421859.4084935155
ADV-0116,2024-10-01,34725.05547945206,33918.720140150166,381975.6102739726,455778.1286336657
ADV-0116,2024-11-01,34725.05547945206,46747.25990210988,416700.6657534247,502525.38853577554
ADV-0116,2024-12-01,34725.05547945206,55963.02770047479,451425.72123287676,558488.4162362503
ADV-0116,2025-01-01,34725.05547945206,58260.87320816093,486150.7767123288,616749.2894444113
ADV-0116,2025-02-01,34725.05547945206,28234.114931854474,520875.83219178085,644983.4043762657
ADV-0116,2025-03-01,34725.05547945206,34554.45310519802,555600.8876712329,679537.8574814637
ADV-0116,2025-04-01,34725.05547945206,36879.23039902618,590325.9431506849,716417.0878804899
ADV-0116,2025-05-01,34725.05547945206,39642.713175089346,625050.9986301371,756059.8010555792
ADV-0116,2025-06-01,34725.05547945206,34761.947836623585,659776.0541095891,790821.7488922027
ADV-0116,2025-07-01,34725.05547945206,33555.69767859117,694501.1095890412,824377.4465707939
ADV-0117,2023-10-01,60027.633384379784,100159.29402637438,60027.633384379784,100159.29402637438
ADV-0117,2023-11-01,60027.633384379784,98186.70180112337,120055.26676875957,198345.99582749774
ADV-0117,2023-12-01,60027.633384379784,50474.66538402664,180082.90015313934,248820.6612115244
ADV-0117,2024-01-01,60027.633384379784,66450.43862897085,240110.53353751914,315271.09984049527
ADV-0117,2024-02-01,60027.633384379784,70081.99070866928,300138.1669218989,385353.09054916457
ADV-0117,2024-03-01,60027.633384379784,60986.95033747949,360165.8003062787,446340.04088664404
ADV-0117,2024-04-01,60027.633384379784,82329.82499640554,420193.4336906585,528669.8658830496
ADV-0117,2024-05-01,60027.633384379784,82959.82454634509,480221.06707503827,611629.6904293946
ADV-0117,2024-06-01,60027.633384379784,94463.07692183123,540248.700459418,706092.7673512258
ADV-0117,2024-07-01,60027.633384379784,88461.08893221902,600276.3338437978,794553.8562834449
ADV-0117,2024-08-01,60027.633384379784,77605.33763352818,660303.9672281776,872159.1939169731
ADV-0117,2024-09-01,60027.633384379784,83682.79096033699,720331.6006125574,955841.9848773101
ADV-0117,2024-10-01,60027.633384379784,62901.62253520131,780359.2339969372,1018743.6074125115
ADV-0117,2024-11-01,60027.633384379784,80369.0321482353,840386.867381317,1099112.6395607467
ADV-0117,2024-12-01,60027.633384379784,74684.89615300961,900414.5007656968,1173797.5357137565
ADV-0117,2025-01-01,60027.633384379784,55202.021192422144,960442.1341500765,1228999.5569061786
ADV-0117,2025-02-01,60027.633384379784,61180.186770487446,1020469.7675344563,1290179.743676666
ADV-0117,2025-03-01,60027.633384379784,63870.86821946756,1080497.400918836,1354050.6118961335
ADV-0117,2025-04-01,60027.633384379784,98503.56507286671,1140525.0343032158,1452554.1769690001
ADV-0117,2025-05-01,60027.633384379784,60514.614470587585,1200552.6676875956,1513068.7914395877
ADV-0117,2025-06-01,60027.633384379784,63736.767225634176,1260580.3010719754,1576805.5586652218
ADV-0117,2025-07-01,60027.633384379784,68122.41777146871,1320607.9344563552,1644927.9764366904
ADV-0118,2023-07-01,51431.29532364597,64577.85828936419,51431.29532364597,64577.85828936419
ADV-0118,2023-08-01,51431.29532364597,41684.166265454725,102862.59064729195,106262.02455481891
ADV-0118,2023-09-01,51431.29532364597,76757.05742530125,154293.8859709379,183019.08198012016
ADV-0118,2023-10-01,51431.29532364597,73048.18328126663,205725.1812945839,256067.26526138678
ADV-0118,2023-11-01,51431.29532364597,60946.51263932969,257156.47661822988,317013.77790071646
ADV-0118,2023-12-01,51431.29532364597,65009.92360606767,308587.7719418758,382023.7015067841
ADV-0118,2024-01-01,51431.29532364597,37421.150468385815,360019.0672655218,419444.85197516996
ADV-0118,2024-02-01,51431.29532364597,50946.757833995194,411450.3625891678,470391.6098091652
ADV-0118,2024-03-01,51431.29532364597,70114.16328223322,462881.65791281377,540505.7730913984
ADV-0118,2024-04-01,51431.29532364597,39973.74542254237,514312.95323645975,580479.5185139407
ADV-0118,2024-05-01,51431.29532364597,48570.07406497701,565744.2485601057,629049.5925789177
ADV-0118,2024-06-01,51431.29532364597,61285.645269608336,617175.5438837516,690335.2378485261
ADV-0118,2024-07-01,51431.29532364597,47483.070649453446,668606.8392073977,737818.3084979795
ADV-0118,2024-08-01,51431.29532364597,75919.07362451323,720038.1345310436,813737.3821224928
ADV-0118,2024-09-01,51431.29532364597,42222.20521989947,771469.4298546896,855959.5873423922
ADV-0118,2024-10-01,51431.29532364597,70186.94102522987,822900.7251783356,926146.528367622
ADV-0118,2024-11-01,51431.29532364597,58039.50355416491,874332.0205019815,984186.031921787
ADV-0118,2024-12-01,51431.29532364597,68211.77957792235,925763.3158256275,1052397.8114997093
ADV-0118,2025-01-01,51431.29532364597,49762.02617965048,977194.6111492735,1102159.8376793598
ADV-0118,2025-02-01,51431.29532364597,58314.01206988702,1028625.9064729195,1160473.8497492468
ADV-0118,2025-03-01,51431.29532364597,72681.5568240106,1080057.2017965654,1233155.4065732574
ADV-0118,2025-04-01,51431.29532364597,56315.855504335785,1131488.4971202114,1289471.2620775932
ADV-0118,2025-05-01,51431.29532364597,51818.64535766082,1182919.7924438573,1341289.907435254
ADV-0118,2025-06-01,51431.29532364597,59223.280325021224,1234351.0877675032,1400513.187760275
ADV-0118,2025-07-01,51431.29532364597,66828.17967525046,1285782.3830911494,1467341.3674355256
ADV-0119,2023-09-01,44833.38885630499,52021.783616356224,44833.38885630499,52021.783616356224
ADV-0119,2023-10-01,44833.38885630499,71563.58155236559,89666.77771260998,123585.36516872182
ADV-0119,2023-11-01,44833.38885630499,46158.31974168845,134500.16656891498,169743.68491041026
ADV-0119,2023-12-01,44833.38885630499,53280.35679266793,179333.55542521997,223024.0417030782
ADV-0119,2024-01-01,44833.38885630499,64385.06565622074,224166.94428152495,287409.1073592989
ADV-0119,2024-02-01,44833.38885630499,61709.867180318855,269000.33313782996,349118.9745396178
ADV-0119,2024-03-01,44833.38885630499,68595.26993840726,313833.72199413495,417714.244478025
ADV-0119,2024-04-01,44833.38885630499,73849.20299880448,358667.11085043993,491563.4474768295
ADV-0119,2024-05-01,44833.38885630499,51362.714207806865,403500.4997067449,542926.1616846364
ADV-0119,2024-06-01,44833.38885630499,38906.987560595,448333.8885630499,581833.1492452314
ADV-0119,2024-07-01,44833.38885630499,35721.71878962502,493167.2774193549,617554.8680348564
ADV-0119,2024-08-01,44833.38885630499,63199.46180495126,538000.6662756599,680754.3298398077
ADV-0119,2024-09-01,44833.38885630499,69004.50483588398,582834.0551319649,749758.8346756917
ADV-0119,2024-10-01,44833.38885630499,43229.56742754639,627667.4439882699,792988.402103238
ADV-0119,2024-11-01,44833.38885630499,40773.02038842578,672500.8328445748,833761.4224916638
ADV-0119,2024-12-01,44833.38885630499,36975.91066970259,717334.2217008799,870737.3331613664
ADV-0119,2025-01-01,44833.38885630499,66980.12222161272,762167.6105571849,937717.4553829791
ADV-0119,2025-02-01,44833.38885630499,46806.780102105484,807000.9994134898,984524.2354850846
ADV-0119,2025-03-01,44833.38885630499,50370.01045536713,851834.3882697949,1034894.2459404517
ADV-0119,2025-04-01,44833.38885630499,54356.90487680857,896667.7771260998,1089251.1508172604
ADV-0119,2025-05-01,44833.38885630499,67640.97870223456,941501.1659824048,1156892.129519495
ADV-0119,2025-06-01,44833.38885630499,60199.28125387848,986334.5548387098,1217091.4107733734
ADV-0119,2025-07-01,44833.38885630499,58788.08933486845,1031167.9436950148,1275879.5001082418
ADV-0120,2024-03-01,17390.91992,16079.495830210104,17390.91992,16079.495830210104
ADV-0120,2024-04-01,17390.91992,21244.87133162163,34781.83984,37324.36716183173
ADV-0120,2024-05-01,17390.91992,24339.206242597083,52172.75976,61663.57340442881
ADV-0120,2024-06-01,17390.91992,28285.802167085556,69563.67968,89949.37557151436
ADV-0120,2024-07-01,17390.91992,16473.332413922708,86954.5996,106422.70798543707
ADV-0120,2024-08-01,17390.91992,13537.059904685177,104345.51952,119959.76789012224
ADV-0120,2024-09-01,17390.91992,14543.422195783523,121736.43944,134503.19008590575
ADV-0120,2024-10-01,17390.91992,19143.058047268663,139127.35936,153646.2481331744
ADV-0120,2024-11-01,17390.91992,25948.631446966865,156518.27928000002,179594.87958014128
ADV-0120,2024-12-01,17390.91992,13500.310825842407,173909.1992,193095.19040598368
ADV-0120,2025-01-01,17390.91992,20380.817684384758,191300.11912,213476.00809036844
ADV-0120,2025-02-01,17390.91992,18429.556813020776,208691.03904,231905.56490338923
ADV-0120,2025-03-01,17390.91992,14194.188929895936,226081.95896000002,246099.75383328515
ADV-0120,2025-04-01,17390.91992,20281.428760209452,243472.87888,266381.1825934946
ADV-0120,2025-05-01,17390.91992,17289.684983134426,260863.7988,283670.86757662904
ADV-0120,2025-06-01,17390.91992,18776.257196568306,278254.71872,302447.12477319734
ADV-0120,2025-07-01,17390.91992,24189.751687050433,295645.63864,326636.8764602478
ADV-0121,2024-06-01,31715.1618957346,42520.16692836842,31715.1618957346,42520.16692836842
ADV-0121,2024-07-01,31715.1618957346,30435.820847195453,63430.3237914692,72955.98777556387
ADV-0121,2024-08-01,31715.1618957346,55912.49707892809,95145.48568720379,128868.48485449197
ADV-0121,2024-09-01,31715.1618957346,46002.028362712976,126860.6475829384,174870.51321720495
ADV-0121,2024-10-01,31715.1618957346,49958.79145870689,158575.809478673,224829.30467591184
ADV-0121,2024-11-01,31715.1618957346,29052.503554132192,190290.97137440759,253881.80823004403
ADV-0121,2024-12-01,31715.1618957346,28073.50155061746,222006.1332701422,281955.3097806615
ADV-0121,2025-01-01,31715.1618957346,27232.862135757958,253721.2951658768,309188.17191641947
ADV-0121,2025-02-01,31715.1618957346,32388.863821968363,285436.4570616114,341577.03573838784
ADV-0121,2025-03-01,31715.1618957346,39258.044240027346,317151.618957346,380835.07997841516
ADV-0121,2025-04-01,31715.1618957346,55133.41822646172,348866.7808530806,435968.4982048769
ADV-0121,2025-05-01,31715.1618957346,40556.628238455516,380581.94274881517,476525.1264433324
ADV-0121,2025-06-01,31715.1618957346,35478.0041440522,412297.1046445498,512003.1305873846
ADV-0121,2025-07-01,31715.1618957346,43749.72883110197,444012.2665402844,555752.8594184866
ADV-0122,2023-11-01,43749.200381558025,37305.44520967354,43749.200381558025,37305.44520967354
ADV-0122,2023-12-01,43749.200381558025,56113.297078907824,87498.40076311605,93418.74228858136
ADV-0122,2024-01-01,43749.200381558025,54560.73064937683,131247.60114467406,147979.4729379582
ADV-0122,2024-02-01,43749.200381558025,63011.1849867023,174996.8015262321,210990.65792466048
ADV-0122,2024-03-01,43749.200381558025,70370.50553438172,218746.00190779014,281361.1634590422
ADV-0122,2024-04-01,43749.200381558025,42557.23939828769,262495.2022893481,323918.4028573299
ADV-0122,2024-05-01,43749.200381558025,52339.0572223177,306244.40267090616,376257.4600796476
ADV-0122,2024-06-01,43749.200381558025,67428.8799391695,349993.6030524642,443686.3400188171
ADV-0122,2024-07-01,43749.200381558025,62754.030655243674,393742.80343402224,506440.3706740608
ADV-0122,2024-08-01,43749.200381558025,51498.01701111305,437492.0038155803,557938.3876851738
ADV-0122,2024-09-01,43749.200381558025,68808.79071466927,481241.20419713826,626747.178399843
ADV-0122,2024-10-01,43749.200381558025,35237.90296025971,524990.4045786962,661985.0813601027
ADV-0122,2024-11-01,43749.200381558025,68265.50011426631,568739.6049602543,730250.581474369
ADV-0122,2024-12-01,43749.200381558025,34983.54002646892,612488.8053418123,765234.121500838
ADV-0122,2025-01-01,43749.200381558025,53762.13669938165,656238.0057233704,818996.2582002196
ADV-0122,2025-02-01,43749.200381558025,66732.44814366389,699987.2061049284,885728.7063438835
ADV-0122,2025-03-01,43749.200381558025,43005.065648969125,743736.4064864864,928733.7719928527
ADV-0122,2025-04-01,43749.200381558025,50925.062486106726,787485.6068680445,979658.8344789594
ADV-0122,2025-05-01,43749.200381558025,45333.8030506342,831234.8072496025,1024992.6375295937
ADV-0122,2025-06-01,43749.200381558025,69064.77774595808,874984.0076311606,1094057.4152755518
ADV-0122,2025-07-01,43749.200381558025,64207.62993781768,918733.2080127185,1158265.0452133694
ADV-0123,2023-09-01,53777.91441997063,76325.13075462391,53777.91441997063,76325.13075462391
ADV-0123,2023-10-01,53777.91441997063,70476.69790741606,107555.82883994126,146801.82866203997
ADV-0123,2023-11-01,53777.91441997063,81702.1095631811,161333.7432599119,228503.93822522106
ADV-0123,2023-12-01,53777.91441997063,61063.276741647205,215111.6576798825,289567.2149668683
ADV-0123,2024-01-01,53777.91441997063,63727.17610996101,268889.57209985313,353294.3910768293
ADV-0123,2024-02-01,53777.91441997063,77337.02609937216,322667.4865198238,430631.4171762015
ADV-0123,2024-03-01,53777.91441997063,59400.30222445359,376445.4009397944,490031.71940065507
ADV-0123,2024-04-01,53777.91441997063,45240.952521235304,430223.315359765,535272.6719218903
ADV-0123,2024-05-01,53777.91441997063,45743.69887592193,484001.2297797357,581016.3707978122
ADV-0123,2024-06-01,53777.91441997063,47720.64279211311,537779.1441997063,628737.0135899254
ADV-0123,2024-07-01,53777.91441997063,84067.48931561936,591557.0586196769,712804.5029055447
ADV-0123,2024-08-01,53777.91441997063,64916.12057606151,645334.9730396476,777720.6234816062
ADV-0123,2024-09-01,53777.91441997063,76512.1299421709,699112.8874596182,854232.7534237772
ADV-0123,2024-10-01,53777.91441997063,61094.22568922783,752890.8018795887,915326.979113005
ADV-0123,2024-11-01,53777.91441997063,54627.87483516323,806668.7162995595,969954.8539481682
ADV-0123,2024-12-01,53777.91441997063,58891.343429559456,860446.63071953,1028846.1973777277
ADV-0123,2025-01-01,53777.91441997063,80429.57020474285,914224.5451395006,1109275.7675824706
ADV-0123,2025-02-01,53777.91441997063,72287.93096752699,968002.4595594713,1181563.6985499975
ADV-0123,2025-03-01,53777.91441997063,87342.06831688617,1021780.3739794419,1268905.7668668837
ADV-0123,2025-04-01,53777.91441997063,74913.46735543942,1075558.2883994125,1343819.2342223232
ADV-0123,2025-05-01,53777.91441997063,69636.09328598043,1129336.2028193832,1413455.3275083036
ADV-0123,2025-06-01,53777.91441997063,71564.18650583745,1183114.1172393537,1485019.514014141
ADV-0123,2025-07-01,53777.91441997063,87570.06338396399,1236892.0316593244,1572589.5773981048
ADV-0124,2024-05-01,61208.41749450549,92843.32996598835,61208.41749450549,92843.32996598835
ADV-0124,2024-06-01,61208.41749450549,50186.348958169576,122416.83498901098,143029.67892415792
ADV-0124,2024-07-01,61208.41749450549,78661.10427618878,183625.25248351647,221690.7832003467
ADV-0124,2024-08-01,61208.41749450549,87268.79680337493,244833.66997802196,308959.58000372164
ADV-0124,2024-09-01,61208.41749450549,90638.22109038937,306042.08747252746,399597.801094111
ADV-0124,2024-10-01,61208.41749450549,60742.35290467898,367250.50496703293,460340.15399878996
ADV-0124,2024-11-01,61208.41749450549,97251.95800098706,428458.92246153846,557592.111999777
ADV-0124,2024-12-01,61208.41749450549,102201.46668795763,489667.3399560439,659793.5786877347
ADV-0124,2025-01-01,61208.41749450549,62058.25713256839,550875.7574505494,721851.8358203031
ADV-0124,2025-02-01,61208.41749450549,98113.74497528281,612084.1749450549,819965.5807955859
ADV-0124,2025-03-01,61208.41749450549,54257.873085392705,673292.5924395605,874223.4538809786
ADV-0124,2025-04-01,61208.41749450549,51953.988442018184,734501.0099340659,926177.4423229968
ADV-0124,2025-05-01,61208.41749450549,56057.85804852241,795709.4274285714,982235.3003715192
ADV-0124,2025-06-01,61208.41749450549,52067.544130540184,856917.8449230769,1034302.8445020594
ADV-0124,2025-07-01,61208.41749450549,96014.65512203008,918126.2624175823,1130317.4996240896
ADV-0125,2024-02-01,16644.12456928839,14675.845928659077,16644.12456928839,14675.845928659077
ADV-0125,2024-03-01,16644.12456928839,18016.449228347876,33288.24913857678,32692.295157006953
ADV-0125,2024-04-01,16644.12456928839,15378.272124523664,49932.37370786517,48070.56728153062
ADV-0125,2024-05-01,16644.12456928839,18389.733761467876,66576.49827715356,66460.3010429985
ADV-0125,2024-06-01,16644.12456928839,15170.92210256839,83220.62284644195,81631.2231455669
ADV-0125,2024-07-01,16644.12456928839,24243.74977047737,99864.74741573034,105874.97291604427
ADV-0125,2024-08-01,16644.12456928839,15842.884978045247,116508.87198501872,121717.85789408951
ADV-0125,2024-09-01,16644.12456928839,27132.295734339277,133152.99655430712,148850.1536284288
ADV-0125,2024-10-01,16644.12456928839,26587.796479302782,149797.1211235955,175437.95010773157
ADV-0125,2024-11-01,16644.12456928839,13962.700028522711,166441.2456928839,189400.65013625426
ADV-0125,2024-12-01,16644.12456928839,27821.74739711393,183085.37026217228,217222.3975333682
ADV-0125,2025-01-01,16644.12456928839,14202.821550128576,199729.49483146067,231425.21908349678
ADV-0125,2025-02-01,16644.12456928839,17513.374310919728,216373.61940074907,248938.5933944165
ADV-0125,2025-03-01,16644.12456928839,14256.94676281293,233017.74397003744,263195.5401572294
ADV-0125,2025-04-01,16644.12456928839,19024.837761591047,249661.86853932583,282220.3779188205
ADV-0125,2025-05-01,16644.12456928839,21821.945286097623,266305.99310861423,304042.3232049181
ADV-0125,2025-06-01,16644.12456928839,26264.973771111745,282950.1176779026,330307.2969760299
ADV-0125,2025-07-01,16644.12456928839,19058.431128797485,299594.242247191,349365.72810482734
ADV-0126,2023-12-01,43395.63673469388,55966.47871439391,43395.63673469388,55966.47871439391
ADV-0126,2024-01-01,43395.63673469388,37624.174879304774,86791.27346938776,93590.65359369869
ADV-0126,2024-02-01,43395.63673469388,57563.80616596322,130186.91020408164,151154.45975966193
ADV-0126,2024-03-01,43395.63673469388,39341.32258078834,173582.54693877551,190495.78234045027
ADV-0126,2024-04-01,43395.63673469388,36067.524953201966,216978.1836734694,226563.30729365224
ADV-0126,2024-05-01,43395.63673469388,37549.96768504684,260373.82040816327,264113.27497869905
ADV-0126,2024-06-01,43395.63673469388,37431.49287802225,303769.45714285714,301544.7678567213
ADV-0126,2024-07-01,43395.63673469388,49145.38977442431,347165.09387755103,350690.1576311456
ADV-0126,2024-08-01,43395.63673469388,60899.47624980393,390560.7306122449,411589.6338809495
ADV-0126,2024-09-01,43395.63673469388,33803.36723934919,433956.3673469388,445393.0011202987
ADV-0126,2024-10-01,43395.63673469388,56018.40140963532,477352.00408163265,501411.402529934
ADV-0126,2024-11-01,43395.63673469388,54155.442138141836,520747.64081632654,555566.8446680759
ADV-0126,2024-12-01,43395.63673469388,61881.148669232876,564143.2775510204,617447.9933373088
ADV-0126,2025-01-01,43395.63673469388,39629.954726433694,607538.9142857143,657077.9480637425
ADV-0126,2025-02-01,43395.63673469388,46923.252625822584,650934.5510204082,704001.200689565
ADV-0126,2025-03-01,43395.63673469388,63768.80925960664,694330.1877551021,767770.0099491717
ADV-0126,2025-04-01,43395.63673469388,54355.40681220064,737725.824489796,822125.4167613724
ADV-0126,2025-05-01,43395.63673469388,44751.10052843916,781121.4612244898,866876.5172898115
ADV-0126,2025-06-01,43395.63673469388,35637.907436094865,824517.0979591837,902514.4247259063
ADV-0126,2025-07-01,43395.63673469388,40279.299134315785,867912.7346938776,942793.7238602221
ADV-0127,2024-04-01,72823.92808695653,95018.40876577272,72823.92808695653,95018.40876577272
ADV-0127,2024-05-01,72823.92808695653,103954.59024705752,145647.85617391305,198972.99901283026
ADV-0127,2024-06-01,72823.92808695653,65212.5175445029,218471.78426086958,264185.5165573332
ADV-0127,2024-07-01,72823.92808695653,96217.82448111351,291295.7123478261,360403.3410384467
ADV-0127,2024-08-01,72823.92808695653,93004.51240980903,364119.6404347826,453407.85344825574
ADV-0127,2024-09-01,72823.92808695653,90629.67564294847,436943.56852173916,544037.5290912042
ADV-0127,2024-10-01,72823.92808695653,102124.65837889975,509767.4966086957,646162.187470104
ADV-0127,2024-11-01,72823.92808695653,111737.7463237467,582591.4246956522,757899.9337938507
ADV-0127,2024-12-01,72823.92808695653,78169.11382478294,655415.3527826087,836069.0476186336
ADV-0127,2025-01-01,72823.92808695653,115102.21800193108,728239.2808695652,951171.2656205647
ADV-0127,2025-02-01,72823.92808695653,67575.34132587243,801063.2089565218,1018746.6069464372
ADV-0127,2025-03-01,72823.92808695653,68383.80857205873,873887.1370434783,1087130.415518496
ADV-0127,2025-04-01,72823.92808695653,74500.90068112795,946711.0651304348,1161631.316199624
ADV-0127,2025-05-01,72823.92808695653,64893.377493642656,1019534.9932173914,1226524.6936932667
ADV-0127,2025-06-01,72823.92808695653,72122.34420736704,1092358.921304348,1298647.0379006336
ADV-0127,2025-07-01,72823.92808695653,64037.352642215665,1165182.8493913044,1362684.3905428492
ADV-0128,2024-01-01,18250.94645045045,28242.21180189033,18250.94645045045,28242.21180189033
ADV-0128,2024-02-01,18250.94645045045,16877.37512128609,36501.8929009009,45119.58692317642
ADV-0128,2024-03-01,18250.94645045045,27002.920854946013,54752.83935135135,72122.50777812244
ADV-0128,2024-04-01,18250.94645045045,15361.77504247789,73003.7858018018,87484.28282060033
ADV-0128,2024-05-01,18250.94645045045,30352.24632607307,91254.73225225226,117836.5291466734
ADV-0128,2024-06-01,18250.94645045045,26401.417611211684,109505.6787027027,144237.9467578851
ADV-0128,2024-07-01,18250.94645045045,14677.382888654683,127756.62515315315,158915.3296465398
ADV-0128,2024-08-01,18250.94645045045,27278.542189315587,146007.5716036036,186193.87183585536
ADV-0128,2024-09-01,18250.94645045045,23121.078493087563,164258.51805405406,209314.9503289429
ADV-0128,2024-10-01,18250.94645045045,27536.681881548266,182509.46450450452,236851.63221049117
ADV-0128,2024-11-01,18250.94645045045,23261.14315444861,200760.41095495495,260112.77536493976
ADV-0128,2024-12-01,18250.94645045045,25234.026306760217,219011.3574054054,285346.80167169997
ADV-0128,2025-01-01,18250.94645045045,27652.63807209641,237262.30385585586,312999.43974379636
ADV-0128,2025-02-01,18250.94645045045,21307.223402226828,255513.2503063063,334306.6631460232
ADV-0128,2025-03-01,18250.94645045045,14609.332050645275,273764.19675675675,348915.99519666843
ADV-0128,2025-04-01,18250.94645045045,28711.498388177653,292015.1432072072,377627.4935848461
ADV-0128,2025-05-01,18250.94645045045,20904.123233380356,310266.08965765766,398531.61681822647
ADV-0128,2025-06-01,18250.94645045045,22820.818564913137,328517.0361081081,421352.4353831396
ADV-0128,2025-07-01,18250.94645045045,14693.529963346786,346767.9825585586,436045.96534648637
ADV-0129,2023-08-01,35503.78103207811,41159.32120747499,35503.78103207811,41159.32120747499
ADV-0129,2023-09-01,35503.78103207811,56044.18525226978,71007.56206415621,97203.50645974476
ADV-0129,2023-10-01,35503.78103207811,34721.667400921375,106511.34309623431,131925.17386066614
ADV-0129,2023-11-01,35503.78103207811,38248.74496878962,142015.12412831243,170173.91882945577
ADV-0129,2023-12-01,35503.78103207811,47033.1765272275,177518.90516039054,217207.09535668328
ADV-0129,2024-01-01,35503.78103207811,50874.96657825705,213022.68619246862,268082.06193494034
ADV-0129,2024-02-01,35503.78103207811,38910.30126399094,248526.46722454674,306992.36319893127
ADV-0129,2024-03-01,35503.78103207811,35667.070096369294,284030.24825662485,342659.4332953006
ADV-0129,2024-04-01,35503.78103207811,54579.12037367196,319534.02928870294,397238.55366897257
ADV-0129,2024-05-01,35503.78103207811,46730.74874268665,355037.8103207811,443969.3024116592
ADV-0129,2024-06-01,35503.78103207811,29927.204496081464,390541.59135285916,473896.50690774067
ADV-0129,2024-07-01,35503.78103207811,28419.03137367094,426045.37238493725,502315.53828141163
ADV-0129,2024-08-01,35503.78103207811,40902.14064723285,461549.1534170154,543217.6789286445
ADV-0129,2024-09-01,35503.78103207811,32970.10255221368,497052.9344490935,576187.7814808582
ADV-0129,2024-10-01,35503.78103207811,33990.57689661658,532556.7154811716,610178.3583774748
ADV-0129,2024-11-01,35503.78103207811,52768.66503501136,568060.4965132497,662947.0234124862
ADV-0129,2024-12-01,35503.78103207811,29040.388298725542,603564.2775453278,691987.4117112118
ADV-0129,2025-01-01,35503.78103207811,47881.42053349024,639068.0585774059,739868.832244702
ADV-0129,2025-02-01,35503.78103207811,34507.14128910017,674571.8396094841,774375.9735338022
ADV-0129,2025-03-01,35503.78103207811,49235.1641548871,710075.6206415622,823611.1376886893
ADV-0129,2025-04-01,35503.78103207811,48093.59412229678,745579.4016736402,871704.7318109861
ADV-0129,2025-05-01,35503.78103207811,26566.355027646925,781083.1827057183,898271.0868386329
ADV-0129,2025-06-01,35503.78103207811,41672.450445008224,816586.9637377964,939943.5372836412
ADV-0129,2025-07-01,35503.78103207811,30538.32592548498,852090.7447698745,970481.8632091262
ADV-0130,2023-10-01,68130.38974045802,110089.08193210959,68130.38974045802,110089.08193210959
ADV-0130,2023-11-01,68130.38974045802,110427.8953767467,136260.77948091604,220516.9773088563
ADV-0130,2023-12-01,68130.38974045802,81771.79085050807,204391.16922137406,302288.76815936435
ADV-0130,2024-01-01,68130.38974045802,83418.7901920262,272521.5589618321,385707.55835139053
ADV-0130,2024-02-01,68130.38974045802,74496.94082235919,340651.9487022901,460204.4991737497
ADV-0130,2024-03-01,68130.38974045802,100629.3109242858,408782.3384427481,560833.8100980355
ADV-0130,2024-04-01,68130.38974045802,77998.24174884426,476912.72818320617,638832.0518468798
ADV-0130,2024-05-01,68130.38974045802,72253.05612060786,545043.1179236642,711085.1079674877
ADV-0130,2024-06-01,68130.38974045802,82649.68593220311,613173.5076641222,793734.7938996907
ADV-0130,2024-07-01,68130.38974045802,61106.17497291981,681303.8974045801,854840.9688726106
ADV-0130,2024-08-01,68130.38974045802,102525.8653365368,749434.2871450383,957366.8342091474
ADV-0130,2024-09-01,68130.38974045802,56118.28396081184,817564.6768854962,1013485.1181699592
ADV-0130,2024-10-01,68130.38974045802,96069.44556607537,885695.0666259542,1109554.5637360346
ADV-0130,2024-11-01,68130.38974045802,66883.48648038479,953825.4563664123,1176438.0502164194
ADV-0130,2024-12-01,68130.38974045802,70015.6226813983,1021955.8461068703,1246453.6728978176
ADV-0130,2025-01-01,68130.38974045802,95509.71065058676,1090086.2358473283,1341963.3835484043
ADV-0130,2025-02-01,68130.38974045802,118100.72876067233,1158216.6255877863,1460064.1123090766
ADV-0130,2025-03-01,68130.38974045802,104493.06602176442,1226347.0153282443,1564557.178330841
ADV-0130,2025-04-01,68130.38974045802,69600.58759579337,1294477.4050687023,1634157.7659266344
ADV-0130,2025-05-01,68130.38974045802,66451.04190229869,1362607.7948091603,1700608.807828933
ADV-0130,2025-06-01,68130.38974045802,110089.45114645602,1430738.1845496185,1810698.258975389
ADV-0130,2025-07-01,68130.38974045802,83405.4073224383,1498868.5742900765,1894103.6662978271
ADV-0131,2023-08-01,82633.30131004368,73593.75249404043,82633.30131004368,73593.75249404043
ADV-0131,2023-09-01,82633.30131004368,126325.33318469819,165266.60262008736,199919.0856787386
ADV-0131,2023-10-01,82633.30131004368,122971.67866849792,247899.90393013105,322890.7643472365
ADV-0131,2023-11-01,82633.30131004368,135174.66131406339,330533.2052401747,458065.42566129984
ADV-0131,2023-12-01,82633.30131004368,129781.75128628814,413166.5065502184,587847.176947588
ADV-0131,2024-01-01,82633.30131004368,125567.53999135186,495799.8078602621,713414.7169389399
ADV-0131,2024-02-01,82633.30131004368,67450.71053758307,578433.1091703058,780865.427476523
ADV-0131,2024-03-01,82633.30131004368,71220.44629517467,661066.4104803494,852085.8737716976
ADV-0132,2023-10-01,15255.444464555054,20795.00352446374,15255.444464555054,20795.00352446374
ADV-0132,2023-11-01,15255.444464555054,20254.90393439828,30510.888929110108,41049.90745886202
ADV-0132,2023-12-01,15255.444464555054,19196.189299591257,45766.33339366516,60246.09675845328
ADV-0132,2024-01-01,15255.444464555054,18315.21558470546,61021.777858220215,78561.31234315873
ADV-0132,2024-02-01,15255.444464555054,18810.919506258728,76277.22232277527,97372.23184941745
ADV-0132,2024-03-01,15255.444464555054,20799.536136694922,91532.66678733032,118171.76798611238
ADV-0132,2024-04-01,15255.444464555054,12630.901347510233,106788.11125188538,130802.66933362262
ADV-0132,2024-05-01,15255.444464555054,16355.500572316894,122043.55571644043,147158.16990593952
ADV-0132,2024-06-01,15255.444464555054,20064.81572401419,137299.0001809955,167222.9856299537
ADV-0132,2024-07-01,15255.444464555054,23001.731967701387,152554.44464555054,190224.71759765508
ADV-0132,2024-08-01,15255.444464555054,15109.0519627488,167809.88911010558,205333.7695604039
ADV-0132,2024-09-01,15255.444464555054,20476.709242123547,183065.33357466065,225810.47880252745
ADV-0132,2024-10-01,15255.444464555054,22890.030755743326,198320.77803921571,248700.50955827077
ADV-0132,2024-11-01,15255.444464555054,19004.142088041426,213576.22250377075,267704.6516463122
ADV-0132,2024-12-01,15255.444464555054,12990.996313541651,228831.6669683258,280695.6479598539
ADV-0132,2025-01-01,15255.444464555054,19070.97058418265,244087.11143288086,299766.6185440365
ADV-0132,2025-02-01,15255.444464555054,16870.141332284857,259342.55589743593,316636.75987632136
ADV-0132,2025-03-01,15255.444464555054,25989.010883645627,274598.000361991,342625.770759967
ADV-0132,2025-04-01,15255.444464555054,14395.571887732045,289853.444826546,357021.342647699
ADV-0132,2025-05-01,15255.444464555054,21997.394432013458,305108.8892911011,379018.73707971245
ADV-0132,2025-06-01,15255.444464555054,13360.221841042758,320364.33375565615,392378.9589207552
ADV-0132,2025-07-01,15255.444464555054,19026.359876696722,335619.77822021116,411405.3187974519
ADV-0133,2024-06-01,32443.90464547677,40798.27331686532,32443.90464547677,40798.27331686532
ADV-0133,2024-07-01,32443.90464547677,33488.6093916758,64887.80929095354,74286.88270854112
ADV-0133,2024-08-01,32443.90464547677,37974.505439283836,97331.71393643031,112261.38814782495
ADV-0133,2024-09-01,32443.90464547677,29651.371445463214,129775.61858190708,141912.75959328818
ADV-0133,2024-10-01,32443.90464547677,33664.735928866656,162219.52322738385,175577.49552215484
ADV-0133,2024-11-01,32443.90464547677,42714.78723149556,194663.42787286063,218292.2827536504
ADV-0133,2024-12-01,32443.90464547677,33598.39014325293,227107.33251833738,251890.67289690333
ADV-0133,2025-01-01,32443.90464547677,50670.04378138326,259551.23716381416,302560.7166782866
ADV-0133,2025-02-01,32443.90464547677,42923.22493980454,291995.1418092909,345483.94161809114
ADV-0133,2025-03-01,32443.90464547677,37505.51507274989,324439.0464547677,382989.456690841
ADV-0133,2025-04-01,32443.90464547677,26088.341739911404,356882.9511002445,409077.7984307524
ADV-0133,2025-05-01,32443.90464547677,39244.22930382169,389326.85574572126,448322.0277345741
ADV-0133,2025-06-01,32443.90464547677,46816.65475469368,421770.76039119804,495138.6824892678
ADV-0133,2025-07-01,32443.90464547677,32563.64491827812,454214.66503667476,527702.3274075459
ADV-0134,2024-03-01,49420.580596421474,78459.82957410788,49420.580596421474,78459.82957410788
ADV-0134,2024-04-01,49420.580596421474,52568.947700710836,98841.16119284295,131028.77727481871
ADV-0134,2024-05-01,49420.580596421474,79251.66294300066,148261.74178926443,210280.44021781936
ADV-0134,2024-06-01,49420.580596421474,44799.42590844643,197682.3223856859,255079.86612626578
ADV-0134,2024-07-01,49420.580596421474,81231.49246756702,247102.90298210736,336311.3585938328
ADV-0134,2024-08-01,49420.580596421474,64109.95908670082,296523.48357852886,400421.3176805336
ADV-0134,2024-09-01,49420.580596421474,54655.77606886983,345944.0641749503,455077.0937494035
ADV-0134,2024-10-01,49420.580596421474,53189.73548944328,395364.6447713718,508266.8292388468
ADV-0134,2024-11-01,49420.580596421474,60976.00031058431,444785.2253677933,569242.8295494311
ADV-0134,2024-12-01,49420.580596421474,87430.0838640024,494205.8059642147,656672.9134134335
ADV-0134,2025-01-01,49420.580596421474,51100.339646146684,543626.3865606362,707773.2530595801
ADV-0134,2025-02-01,49420.580596421474,45636.76879143151,593046.9671570577,753410.0218510117
ADV-0134,2025-03-01,49420.580596421474,68115.0617284313,642467.5477534792,821525.0835794429
ADV-0134,2025-04-01,49420.580596421474,63613.38497923021,691888.1283499006,885138.4685586732
ADV-0134,2025-05-01,49420.580596421474,65276.74292757596,741308.7089463221,950415.2114862491
ADV-0134,2025-06-01,49420.580596421474,71935.95633750291,790729.2895427436,1022351.167823752
ADV-0134,2025-07-01,49420.580596421474,53284.479366532294,840149.8701391651,1075635.6471902844
ADV-0135,2024-03-01,387979.6153333334,665089.5533023099,387979.6153333334,665089.5533023099
ADV-0135,2024-04-01,387979.6153333334,488173.4822805806,775959.2306666668,1153263.0355828905
ADV-0135,2024-05-01,387979.6153333334,373982.3767227673,1163938.8460000001,1527245.4123056578
ADV-0136,2023-10-01,29735.139725190842,41550.28229565614,29735.139725190842,41550.28229565614
ADV-0136,2023-11-01,29735.139725190842,39001.86291673052,59470.279450381684,80552.14521238666
ADV-0136,2023-12-01,29735.139725190842,30591.58013255117,89205.41917557252,111143.72534493783
ADV-0136,2024-01-01,29735.139725190842,38447.30306348647,118940.55890076337,149591.0284084243
ADV-0136,2024-02-01,29735.139725190842,28128.27449009721,148675.69862595422,177719.3028985215
ADV-0136,2024-03-01,29735.139725190842,33908.20510878461,178410.83835114504,211627.5080073061
ADV-0136,2024-04-01,29735.139725190842,45586.71729513249,208145.9780763359,257214.2253024386
ADV-0136,2024-05-01,29735.139725190842,25910.415078341546,237881.11780152674,283124.64038078015
ADV-0136,2024-06-01,29735.139725190842,32414.44627971744,267616.25752671756,315539.0866604976
ADV-0136,2024-07-01,29735.139725190842,43575.867641851364,297351.39725190843,359114.95430234895
ADV-0136,2024-08-01,29735.139725190842,47387.11214795239,327086.53697709925,406502.0664503013
ADV-0136,2024-09-01,29735.139725190842,34141.65495922955,356821.6767022901,440643.72140953084
ADV-0136,2024-10-01,29735.139725190842,35505.17435962637,386556.81642748095,476148.8957691572
ADV-0136,2024-11-01,29735.139725190842,37179.52746337636,416291.9561526718,513328.42323253356
ADV-0136,2024-12-01,29735.139725190842,46432.87158834064,446027.09587786265,559761.2948208742
ADV-0136,2025-01-01,29735.139725190842,44528.09423243181,475762.2356030535,604289.3890533061
ADV-0136,2025-02-01,29735.139725190842,26862.70654434926,505497.3753282443,631152.0955976553
ADV-0136,2025-03-01,29735.139725190842,33700.580927390205,535232.5150534351,664852.6765250455
ADV-0136,2025-04-01,29735.139725190842,34400.4752083776,564967.654778626,699253.1517334231
ADV-0136,2025-05-01,29735.139725190842,42752.5606621635,594702.7945038169,742005.7123955867
ADV-0136,2025-06-01,29735.139725190842,37968.78357775096,624437.9342290077,779974.4959733377
ADV-0136,2025-07-01,29735.139725190842,39287.448670222315,654173.0739541985,819261.94464356
ADV-0137,2024-06-01,88093.65843137255,155776.0790005574,88093.65843137255,155776.0790005574
ADV-0137,2024-07-01,88093.65843137255,78999.0700796968,176187.3168627451,234775.1490802542
ADV-0137,2024-08-01,88093.65843137255,91310.95101714667,264280.97529411764,326086.10009740083
ADV-0137,2024-09-01,88093.65843137255,106686.15670525549,352374.6337254902,432772.25680265634
ADV-0137,2024-10-01,88093.65843137255,101687.09033047702,440468.29215686274,534459.3471331333
ADV-0137,2024-11-01,88093.65843137255,74565.41569765026,528561.9505882353,609024.7628307836
ADV-0137,2024-12-01,88093.65843137255,80397.62557393164,616655.6090196078,689422.3884047152
ADV-0137,2025-01-01,88093.65843137255,129393.71919194423,704749.2674509804,818816.1075966595
ADV-0137,2025-02-01,88093.65843137255,145890.34789027966,792842.925882353,964706.455486939
ADV-0137,2025-03-01,88093.65843137255,115528.69278451189,880936.5843137255,1080235.148271451
ADV-0137,2025-04-01,88093.65843137255,117604.71502410738,969030.242745098,1197839.8632955584
ADV-0137,2025-05-01,88093.65843137255,93979.03723489441,1057123.9011764706,1291818.9005304528
ADV-0137,2025-06-01,88093.65843137255,136622.27782643985,1145217.5596078432,1428441.1783568927
ADV-0137,2025-07-01,88093.65843137255,135284.9106613547,1233311.2180392155,1563726.0890182473
ADV-0138,2024-03-01,28089.17645621181,36172.16861667268,28089.17645621181,36172.16861667268
ADV-0138,2024-04-01,28089.17645621181,26885.40278066441,56178.35291242362,63057.57139733709
ADV-0138,2024-05-01,28089.17645621181,24026.80830062851,84267.52936863544,87084.3796979656
ADV-0138,2024-06-01,28089.17645621181,23216.545520724067,112356.70582484725,110300.92521868966
ADV-0138,2024-07-01,28089.17645621181,36279.20894401744,140445.88228105905,146580.1341627071
ADV-0138,2024-08-01,28089.17645621181,42022.28101385114,168535.05873727088,188602.41517655825
ADV-0138,2024-09-01,28089.17645621181,42845.285432590266,196624.2351934827,231447.7006091485
ADV-0138,2024-10-01,28089.17645621181,33088.69665588384,224713.4116496945,264536.39726503234
ADV-0138,2024-11-01,28089.17645621181,41014.656597159716,252802.5881059063,305551.0538621921
ADV-0138,2024-12-01,28089.17645621181,45034.10059904874,280891.7645621181,350585.1544612408
ADV-0138,2025-01-01,28089.17645621181,28430.451495017736,308980.94101832993,379015.60595625854
ADV-0138,2025-02-01,28089.17645621181,31465.638856299644,337070.11747454177,410481.2448125582
ADV-0138,2025-03-01,28089.17645621181,44653.40632498937,365159.29393075354,455134.65113754757
ADV-0138,2025-04-01,28089.17645621181,29989.21967634187,393248.4703869654,485123.8708138894
ADV-0138,2025-05-01,28089.17645621181,44218.29436392063,421337.64684317715,529342.16517781
ADV-0138,2025-06-01,28089.17645621181,45878.59904892972,449426.823299389,575220.7642267398
ADV-0138,2025-07-01,28089.17645621181,37987.618006559285,477515.9997556008,613208.3822332991
ADV-0139,2024-01-01,51786.61073684211,84112.57327871566,51786.61073684211,84112.57327871566
ADV-0139,2024-02-01,51786.61073684211,80764.52040823763,103573.22147368421,164877.0936869533
ADV-0139,2024-03-01,51786.61073684211,78278.20098331949,155359.83221052634,243155.2946702728
ADV-0139,2024-04-01,51786.61073684211,58759.87621848693,207146.44294736843,301915.1708887597
ADV-0139,2024-05-01,51786.61073684211,46339.206381363125,258933.05368421052,348254.3772701229
ADV-0139,2024-06-01,51786.61073684211,60555.62009215802,310719.6644210527,408809.9973622809
ADV-0139,2024-07-01,51786.61073684211,76657.57310100849,362506.27515789476,485467.5704632894
ADV-0139,2024-08-01,51786.61073684211,48598.0071096197,414292.88589473686,534065.5775729091
ADV-0139,2024-09-01,51786.61073684211,44093.2572863994,466079.49663157895,578158.8348593084
ADV-0139,2024-10-01,51786.61073684211,50445.57976092589,517866.10736842104,628604.4146202343
ADV-0139,2024-11-01,51786.61073684211,79083.66931789994,569652.7181052632,707688.0839381343
ADV-0139,2024-12-01,51786.61073684211,91863.334223684,621439.3288421053,799551.4181618183
ADV-0139,2025-01-01,51786.61073684211,92373.95838990736,673225.9395789474,891925.3765517257
ADV-0139,2025-02-01,51786.61073684211,68058.99869124117,725012.5503157895,959984.3752429668
ADV-0139,2025-03-01,51786.61073684211,86720.72985542931,776799.1610526316,1046705.1050983961
ADV-0139,2025-04-01,51786.61073684211,80132.18806977312,828585.7717894737,1126837.2931681692
ADV-0139,2025-05-01,51786.61073684211,68410.04170651548,880372.3825263159,1195247.3348746847
ADV-0139,2025-06-01,51786.61073684211,71975.62671389582,932158.9932631579,1267222.9615885806
ADV-0139,2025-07-01,51786.61073684211,50323.02069034782,983945.604,1317545.9822789284
ADV-0140,2024-03-01,102032.85066666667,174593.759217577,102032.85066666667,174593.759217577
ADV-0140,2024-04-01,102032.85066666667,118176.66211933142,204065.70133333333,292770.4213369084
ADV-0140,2024-05-01,102032.85066666667,127251.78980409364,306098.552,420022.2111410021
ADV-0140,2024-06-01,102032.85066666667,148972.78384811786,408131.40266666666,568994.9949891199
ADV-0140,2024-07-01,102032.85066666667,116440.29048835447,510164.2533333333,685435.2854774744
ADV-0141,2023-12-01,140381.42451612905,134430.9041980525,140381.42451612905,134430.9041980525
ADV-0141,2024-01-01,140381.42451612905,179285.31261764877,280762.8490322581,313716.2168157013
ADV-0141,2024-02-01,140381.42451612905,107137.20829065693,421144.2735483871,420853.4251063582
ADV-0141,2024-03-01,140381.42451612905,189960.61937937015,561525.6980645162,610814.0444857284
ADV-0142,2023-12-01,2781.712859504132,3338.3786429985857,2781.712859504132,3338.3786429985857
ADV-0142,2024-01-01,2781.712859504132,3558.8433835717633,5563.425719008264,6897.222026570349
ADV-0142,2024-02-01,2781.712859504132,3621.6356400363134,8345.138578512397,10518.857666606662
ADV-0142,2024-03-01,2781.712859504132,3369.687220787165,11126.851438016529,13888.544887393828
ADV-0142,2024-04-01,2781.712859504132,3503.0365504144092,13908.564297520661,17391.581437808236
ADV-0142,2024-05-01,2781.712859504132,3746.3914226810953,16690.277157024793,21137.97286048933
ADV-0142,2024-06-01,2781.712859504132,3913.020691776642,19471.990016528925,25050.993552265973
ADV-0142,2024-07-01,2781.712859504132,3851.3339339763593,22253.702876033058,28902.32748624233
ADV-0142,2024-08-01,2781.712859504132,4193.011038565192,25035.41573553719,33095.33852480752
ADV-0142,2024-09-01,2781.712859504132,2558.2832521256087,27817.128595041322,35653.62177693313
ADV-0142,2024-10-01,2781.712859504132,3067.093915803723,30598.841454545454,38720.71569273685
ADV-0142,2024-11-01,2781.712859504132,4380.907902122269,33380.55431404959,43101.62359485912
ADV-0142,2024-12-01,2781.712859504132,3056.1406728146203,36162.267173553715,46157.76426767374
ADV-0142,2025-01-01,2781.712859504132,2403.0876534588783,38943.98003305785,48560.85192113261
ADV-0142,2025-02-01,2781.712859504132,3365.8296915152714,41725.69289256199,51926.68161264788
ADV-0142,2025-03-01,2781.712859504132,2366.1255154352925,44507.405752066115,54292.80712808317
ADV-0142,2025-04-01,2781.712859504132,2590.5123776109426,47289.118611570244,56883.31950569411
ADV-0142,2025-05-01,2781.712859504132,4502.334132089615,50070.83147107438,61385.653637783726
ADV-0142,2025-06-01,2781.712859504132,3404.0858385148313,52852.544330578516,64789.73947629856
ADV-0142,2025-07-01,2781.712859504132,2785.6808286133582,55634.257190082644,67575.42030491191
ADV-0143,2023-09-01,60890.82011799411,107476.41111656526,60890.82011799411,107476.41111656526
ADV-0143,2023-10-01,60890.82011799411,105854.52700702896,121781.64023598822,213330.9381235942
ADV-0143,2023-11-01,60890.82011799411,75629.90923360243,182672.46035398234,288960.8473571966
ADV-0143,2023-12-01,60890.82011799411,65264.031376933344,243563.28047197644,354224.87873412995
ADV-0143,2024-01-01,60890.82011799411,98487.81184072251,304454.10058997053,452712.69057485246
ADV-0143,2024-02-01,60890.82011799411,91430.36475571114,365344.9207079647,544143.0553305636
ADV-0143,2024-03-01,60890.82011799411,89781.85283623649,426235.7408259588,633924.9081668
ADV-0143,2024-04-01,60890.82011799411,101632.8296078431,487126.5609439529,735557.7377746431
ADV-0143,2024-05-01,60890.82011799411,89924.158319935,548017.381061947,825481.8960945781
ADV-0143,2024-06-01,60890.82011799411,66608.78830508525,608908.2011799411,892090.6843996634
ADV-0143,2024-07-01,60890.82011799411,90179.72016306942,669799.0212979352,982270.4045627328
ADV-0143,2024-08-01,60890.82011799411,67874.26373439624,730689.8414159294,1050144.668297129
ADV-0143,2024-09-01,60890.82011799411,93937.58324266225,791580.6615339235,1144082.2515397912
ADV-0143,2024-10-01,60890.82011799411,85919.50305674577,852471.4816519176,1230001.754596537
ADV-0143,2024-11-01,60890.82011799411,54745.50574275167,913362.3017699117,1284747.2603392887
ADV-0143,2024-12-01,60890.82011799411,79774.07313661334,974253.1218879058,1364521.333475902
ADV-0143,2025-01-01,60890.82011799411,70029.0778356427,1035143.9420058999,1434550.4113115447
ADV-0143,2025-02-01,60890.82011799411,69182.36433477033,1096034.762123894,1503732.775646315
ADV-0143,2025-03-01,60890.82011799411,84914.07230075798,1156925.5822418882,1588646.847947073
ADV-0143,2025-04-01,60890.82011799411,68823.34944104034,1217816.4023598821,1657470.1973881132
ADV-0143,2025-05-01,60890.82011799411,94952.39583172696,1278707.2224778763,1752422.5932198402
ADV-0143,2025-06-01,60890.82011799411,54364.9752921352,1339598.0425958703,1806787.5685119755
ADV-0143,2025-07-01,60890.82011799411,88255.55109419227,1400488.8627138645,1895043.1196061678
ADV-0144,2023-08-01,93610.44088888889,151351.88938855988,93610.44088888889,151351.88938855988
ADV-0144,2023-09-01,93610.44088888889,139097.4786386356,187220.88177777777,290449.36802719545
ADV-0144,2023-10-01,93610.44088888889,123316.78074856981,280831.32266666665,413766.14877576526
ADV-0144,2023-11-01,93610.44088888889,164033.08254088808,374441.76355555555,577799.2313166533
ADV-0144,2023-12-01,93610.44088888889,105587.04964542913,468052.20444444445,683386.2809620824
ADV-0144,2024-01-01,93610.44088888889,80355.3121727036,561662.6453333333,763741.593134786
ADV-0144,2024-02-01,93610.44088888889,117453.93724779309,655273.0862222222,881195.5303825791
ADV-0144,2024-03-01,93610.44088888889,81599.42174592301,748883.5271111111,962794.9521285021
ADV-0144,2024-04-01,93610.44088888889,164359.27273141418,842493.968,1127154.2248599161
ADV-0144,2024-05-01,93610.44088888889,97497.27032715535,936104.4088888889,1224651.4951870714
ADV-0144,2024-06-01,93610.44088888889,149530.50462603974,1029714.8497777778,1374181.999813111
ADV-0144,2024-07-01,93610.44088888889,148240.483184597,1123325.2906666666,1522422.482997708
ADV-0144,2024-08-01,93610.44088888889,98199.20070849585,1216935.7315555555,1620621.683706204
ADV-0145,2024-02-01,162969.76424242425,218480.3576933495,162969.76424242425,218480.3576933495
ADV-0145,2024-03-01,162969.76424242425,134788.82983675375,325939.5284848485,353269.18753010326
ADV-0145,2024-04-01,162969.76424242425,198380.29562436603,488909.2927272727,551649.4831544693
ADV-0145,2024-05-01,162969.76424242425,129907.08200113029,651879.056969697,681556.5651555996
ADV-0145,2024-06-01,162969.76424242425,262274.56164989626,814848.8212121213,943831.1268054959
ADV-0146,2024-02-01,68444.53839851025,105411.67808061135,68444.53839851025,105411.67808061135
ADV-0146,2024-03-01,68444.53839851025,62485.70636274156,136889.0767970205,167897.38444335293
ADV-0146,2024-04-01,68444.53839851025,61678.40022205856,205333.61519553076,229575.78466541148
ADV-0146,2024-05-01,68444.53839851025,92748.8645533924,273778.153594041,322324.64921880385
ADV-0146,2024-06-01,68444.53839851025,64256.530699930234,342222.69199255126,386581.17991873407
ADV-0146,2024-07-01,68444.53839851025,100798.52475418404,410667.2303910615,487379.7046729181
ADV-0146,2024-08-01,68444.53839851025,82510.50986388267,479111.76878957177,569890.2145368007
ADV-0146,2024-09-01,68444.53839851025,69802.9559436884,547556.307188082,639693.1704804891
ADV-0146,2024-10-01,68444.53839851025,97246.08208216405,616000.8455865923,736939.2525626532
ADV-0146,2024-11-01,68444.53839851025,77925.09083941783,684445.3839851025,814864.3434020709
ADV-0146,2024-12-01,68444.53839851025,101741.3405352132,752889.9223836127,916605.6839372842
ADV-0146,2025-01-01,68444.53839851025,102674.18899619214,821334.460782123,1019279.8729334763
ADV-0146,2025-02-01,68444.53839851025,59247.61610804341,889778.9991806333,1078527.4890415198
ADV-0146,2025-03-01,68444.53839851025,49959.932305012044,958223.5375791435,1128487.421346532
ADV-0146,2025-04-01,68444.53839851025,105858.41353381252,1026668.0759776537,1234345.8348803446
ADV-0146,2025-05-01,68444.53839851025,101428.40155510834,1095112.614376164,1335774.236435453
ADV-0146,2025-06-01,68444.53839851025,52985.00035948496,1163557.1527746744,1388759.2367949379
ADV-0146,2025-07-01,68444.53839851025,97265.47314788576,1232001.6911731847,1486024.7099428237
ADV-0147,2023-07-01,14139.775324675325,17187.152815781683,14139.775324675325,17187.152815781683
ADV-0147,2023-08-01,14139.775324675325,14622.97363753757,28279.55064935065,31810.12645331925
ADV-0147,2023-09-01,14139.775324675325,22615.39462095463,42419.325974025975,54425.521074273885
ADV-0147,2023-10-01,14139.775324675325,13819.658106599793,56559.1012987013,68245.17918087367
ADV-0147,2023-11-01,14139.775324675325,23499.424260151616,70698.87662337662,91744.60344102529
ADV-0147,2023-12-01,14139.775324675325,13935.127482941596,84838.65194805195,105679.73092396688
ADV-0147,2024-01-01,14139.775324675325,19197.276973344575,98978.42727272728,124877.00789731146
ADV-0147,2024-02-01,14139.775324675325,14160.344980290407,113118.2025974026,139037.35287760186
ADV-0147,2024-03-01,14139.775324675325,18320.197388918197,127257.97792207793,157357.55026652006
ADV-0147,2024-04-01,14139.775324675325,20103.724963266042,141397.75324675324,177461.27522978612
ADV-0147,2024-05-01,14139.775324675325,13736.620253565367,155537.5285714286,191197.8954833515
ADV-0148,2024-06-01,193011.7120754717,224159.35757768215,193011.7120754717,224159.35757768215
ADV-0148,2024-07-01,193011.7120754717,215836.83463385285,386023.4241509434,439996.192211535
ADV-0148,2024-08-01,193011.7120754717,151920.12359057946,579035.1362264152,591916.3158021144
ADV-0148,2024-09-01,193011.7120754717,271921.09647896205,772046.8483018868,863837.4122810764
ADV-0148,2024-10-01,193011.7120754717,194418.3345958606,965058.5603773585,1058255.746876937
ADV-0149,2023-06-01,39505.15916449087,47645.29156300114,39505.15916449087,47645.29156300114
ADV-0149,2023-07-01,39505.15916449087,45679.83464123759,79010.31832898174,93325.12620423874
ADV-0149,2023-08-01,39505.15916449087,45629.7522261,118515.4774934726,138954.87843033875
ADV-0149,2023-09-01,39505.15916449087,32283.972879087152,158020.63665796348,171238.8513094259
ADV-0149,2023-10-01,39505.15916449087,42678.886388422165,197525.79582245435,213917.73769784806
ADV-0149,2023-11-01,39505.15916449087,43628.2787966355,237030.9549869452,257546.01649448357
ADV-0149,2023-12-01,39505.15916449087,52873.343284250295,276536.1141514361,310419.35977873387
ADV-0149,2024-01-01,39505.15916449087,56369.74048170517,316041.27331592696,366789.10026043904
ADV-0149,2024-02-01,39505.15916449087,46672.39275470516,355546.43248041783,413461.4930151442
ADV-0149,2024-03-01,39505.15916449087,31612.163383450345,395051.5916449087,445073.65639859455
ADV-0149,2024-04-01,39505.15916449087,36544.59353198906,434556.7508093996,481618.24993058364
ADV-0149,2024-05-01,39505.15916449087,34180.85569715404,474061.9099738904,515799.1056277377
ADV-0149,2024-06-01,39505.15916449087,32855.64020919147,513567.0691383813,548654.7458369292
ADV-0149,2024-07-01,39505.15916449087,40786.24101676931,553072.2283028722,589440.9868536985
ADV-0149,2024-08-01,39505.15916449087,36299.52858092151,592577.387467363,625740.51543462
ADV-0149,2024-09-01,39505.15916449087,35935.00638802627,632082.5466318539,661675.5218226463
ADV-0149,2024-10-01,39505.15916449087,30557.42712736584,671587.7057963448,692232.9489500121
ADV-0149,2024-11-01,39505.15916449087,29340.54007124599,711092.8649608357,721573.4890212581
ADV-0149,2024-12-01,39505.15916449087,32137.572523150986,750598.0241253265,753711.061544409
ADV-0149,2025-01-01,39505.15916449087,34419.59298026852,790103.1832898174,788130.6545246775
ADV-0149,2025-02-01,39505.15916449087,42925.45510188712,829608.3424543083,831056.1096265647
ADV-0149,2025-03-01,39505.15916449087,45539.68510893388,869113.5016187992,876595.7947354985
ADV-0149,2025-04-01,39505.15916449087,33380.77215084302,908618.66078329,909976.5668863415
ADV-0149,2025-05-01,39505.15916449087,42721.65895817395,948123.8199477808,952698.2258445155
ADV-0149,2025-06-01,39505.15916449087,39992.45675717408,987628.9791122717,992690.6826016896
ADV-0149,2025-07-01,39505.15916449087,34788.57782387279,1027134.1382767626,1027479.2604255624
ADV-0150,2023-07-01,44013.295531335156,31671.177447219343,44013.295531335156,31671.177447219343
ADV-0150,2023-08-01,44013.295531335156,48198.369237523504,88026.59106267031,79869.54668474285
ADV-0150,2023-09-01,44013.295531335156,56050.57215611399,132039.88659400545,135920.11884085683
ADV-0150,2023-10-01,44013.295531335156,39552.20933201997,176053.18212534062,175472.3281728768
ADV-0150,2023-11-01,44013.295531335156,36159.31542252274,220066.4776566758,211631.64359539954
ADV-0150,2023-12-01,44013.295531335156,63283.499368954224,264079.7731880109,274915.1429643538
ADV-0150,2024-01-01,44013.295531335156,41302.96622676733,308093.0687193461,316218.1091911211
ADV-0150,2024-02-01,44013.295531335156,39456.50651806135,352106.36425068125,355674.61570918246
ADV-0150,2024-03-01,44013.295531335156,62208.00030544949,396119.6597820164,417882.61601463193
ADV-0150,2024-04-01,44013.295531335156,60771.77121825828,440132.9553133516,478654.38723289024
ADV-0150,2024-05-01,44013.295531335156,47527.78886680081,484146.2508446867,526182.1760996911
ADV-0150,2024-06-01,44013.295531335156,48996.43291761591,528159.5463760218,575178.6090173069
ADV-0150,2024-07-01,44013.295531335156,39245.90489687233,572172.841907357,614424.5139141793
ADV-0150,2024-08-01,44013.295531335156,34237.685693119114,616186.1374386922,648662.1996072984
ADV-0150,2024-09-01,44013.295531335156,52020.21051687787,660199.4329700273,700682.4101241762
ADV-0150,2024-10-01,44013.295531335156,34957.53603330543,704212.7285013625,735639.9461574816
ADV-0150,2024-11-01,44013.295531335156,47561.120591859646,748226.0240326977,783201.0667493413
ADV-0150,2024-12-01,44013.295531335156,65203.30802332279,792239.3195640328,848404.3747726642
ADV-0150,2025-01-01,44013.295531335156,65646.39636476837,836252.615095368,914050.7711374325
ADV-0150,2025-02-01,44013.295531335156,40021.075978300556,880265.9106267032,954071.8471157331
ADV-0150,2025-03-01,44013.295531335156,53840.43234503133,924279.2061580382,1007912.2794607644
ADV-0150,2025-04-01,44013.295531335156,48451.87052209478,968292.5016893734,1056364.1499828591
ADV-0150,2025-05-01,44013.295531335156,62875.592272652546,1012305.7972207086,1119239.7422555117
ADV-0150,2025-06-01,44013.295531335156,41173.89155547075,1056319.0927520436,1160413.6338109823
ADV-0150,2025-07-01,44013.295531335156,31558.464392264697,1100332.388283379,1191972.098203247
